PC_DateTime,ESP32_Timestamp_ms,time_sin,time_cos,Solar_Azimuth_deg,Solar_Elevation_deg,Baseline_Azimuth_deg,Baseline_Elevation_deg,Top_LDR,Bottom_LDR,Left_LDR,Right_LDR,Horizontal_Error,Vertical_Error,Horizontal_Normalized,Vertical_Normalized,Lux,Light_Status,Horizontal_Direction,Vertical_Direction,Temperature_C,Humidity_percent,Voltage_V,Current_A,Power_W,Azimuth_Command,Elevation_Servo_Angle,ground_truth_azimuth_residual_deg,ground_truth_elevation_residual_deg
2026-09-10 15:46:29,111882,-0.835048,-0.550177,258.364,36.318,258.364,36.318,4095,4095,4095,4095,0,0,0.0,0.0,54612.5,HIGH,CENTER,CENTER,36.5,53.7,22.32,0.775,17.3,1500,34,0.0,0.0
2026-09-10 15:46:30,112565,-0.835088,-0.550116,258.365,36.316,258.365,36.316,4095,4095,4095,4095,0,0,0.0,0.0,54612.5,HIGH,CENTER,CENTER,36.5,53.7,24.55,0.407,9.99,1500,34,0.0,0.0
2026-09-10 15:46:31,113253,-0.835128,-0.550056,258.367,36.313,258.367,36.313,4095,4095,4095,4095,0,0,0.0,0.0,54612.5,HIGH,CENTER,CENTER,36.6,53.6,22.69,0.704,15.97,1500,34,0.0,0.0
2026-09-10 15:46:31,113936,-0.835128,-0.550056,258.368,36.31,258.368,36.31,4095,4095,4095,4095,0,0,0.0,0.0,54612.5,HIGH,CENTER,CENTER,36.6,53.6,22.49,0.512,11.51,1500,34,0.0,0.0
2026-09-10 15:46:32,114619,-0.835168,-0.549995,258.37,36.308,258.37,36.308,4095,4095,4095,4095,0,0,0.0,0.0,54612.5,HIGH,CENTER,CENTER,36.6,53.6,20.53,0.627,12.87,1500,34,0.0,0.0
2026-09-10 15:46:33,115307,-0.835208,-0.549934,258.371,36.305,258.371,36.305,4095,4095,4095,4095,0,0,0.0,0.0,54612.5,HIGH,CENTER,CENTER,36.6,53.5,23.28,0.845,19.67,1500,34,0.0,0.0
2026-09-10 15:46:33,115991,-0.835208,-0.549934,258.373,36.303,258.373,36.303,4095,4095,4095,4095,0,0,0.0,0.0,54612.5,HIGH,CENTER,CENTER,36.6,53.5,24.11,0.945,22.78,1500,34,0.0,0.0
2026-09-10 15:46:34,116674,-0.835248,-0.549873,258.374,36.3,258.374,36.3,4095,4095,4095,4095,0,0,0.0,0.0,54612.5,HIGH,CENTER,CENTER,36.6,53.5,21.9,0.432,9.46,1500,34,0.0,0.0
2026-09-10 15:46:35,117362,-0.835288,-0.549813,258.376,36.298,258.376,36.298,4095,4095,4095,4095,0,0,0.0,0.0,54612.5,HIGH,CENTER,CENTER,36.7,53.4,23.88,0.605,14.45,1500,34,0.0,0.0
2026-09-10 15:46:36,118046,-0.835328,-0.549752,258.377,36.295,258.377,36.295,4095,4095,4095,4095,0,0,0.0,0.0,54612.5,HIGH,CENTER,CENTER,36.7,53.4,24.82,0.469,11.64,1500,34,0.0,0.0
2026-09-10 15:46:36,118729,-0.835328,-0.549752,258.379,36.293,258.379,36.293,4095,4095,4095,4095,0,0,0.0,0.0,54612.5,HIGH,CENTER,CENTER,36.7,53.4,21.02,0.399,8.39,1500,34,0.0,0.0
2026-09-10 15:46:37,119417,-0.835368,-0.549691,258.38,36.29,258.38,36.29,4095,4095,4095,4095,0,0,0.0,0.0,54612.5,HIGH,CENTER,CENTER,36.7,53.1,22.62,0.983,22.24,1500,34,0.0,0.0
2026-09-10 15:46:38,120101,-0.835408,-0.54963,258.382,36.287,258.382,36.287,4095,4095,4095,4095,0,0,0.0,0.0,54612.5,HIGH,CENTER,CENTER,36.7,53.1,21.44,1.109,23.78,1500,34,0.0,0.0
2026-09-10 15:46:38,120784,-0.835408,-0.54963,258.383,36.285,258.383,36.285,4095,4095,4095,4095,0,0,0.0,0.0,54612.5,HIGH,CENTER,CENTER,36.7,53.1,23.96,0.57,13.66,1500,34,0.0,0.0
2026-09-10 15:46:39,121472,-0.835448,-0.54957,258.385,36.282,258.385,36.282,4095,4095,4095,4095,0,0,0.0,0.0,54612.5,HIGH,CENTER,CENTER,36.7,53.2,22.89,0.951,21.77,1500,34,0.0,0.0
2026-09-10 15:46:40,122156,-0.835488,-0.549509,258.386,36.28,258.386,36.28,4095,4095,4095,4095,0,0,0.0,0.0,54612.5,HIGH,CENTER,CENTER,36.7,53.2,23.17,1.097,25.42,1500,34,0.0,0.0
2026-09-10 15:46:40,122839,-0.835488,-0.549509,258.388,36.277,258.388,36.277,4095,4095,4095,4095,0,0,0.0,0.0,54612.5,HIGH,CENTER,CENTER,36.7,53.2,23.99,1.046,25.09,1500,34,0.0,0.0
2026-09-10 15:46:41,123527,-0.835528,-0.549448,258.389,36.275,258.389,36.275,4095,4095,4095,4095,0,0,0.0,0.0,54612.5,HIGH,CENTER,CENTER,36.8,53.0,21.98,0.383,8.42,1500,34,0.0,0.0
2026-09-10 15:46:42,124210,-0.835568,-0.549387,258.391,36.272,258.391,36.272,4095,4095,4095,4095,0,0,0.0,0.0,54612.5,HIGH,CENTER,CENTER,36.8,53.0,24.58,1.156,28.41,1500,34,0.0,0.0
2026-09-10 15:46:42,124893,-0.835568,-0.549387,258.392,36.269,258.392,36.269,4095,4095,4095,4095,0,0,0.0,0.0,54612.5,HIGH,CENTER,CENTER,36.8,53.0,22.67,0.577,13.08,1500,34,0.0,0.0
2026-09-10 15:46:43,125581,-0.835608,-0.549327,258.394,36.267,258.394,36.267,4095,4095,4095,4095,0,0,0.0,0.0,54612.5,HIGH,CENTER,CENTER,36.8,52.7,20.79,0.539,11.21,1500,34,0.0,0.0
2026-09-10 15:46:44,126264,-0.835648,-0.549266,258.395,36.264,258.395,36.264,4095,4095,4095,4095,0,0,0.0,0.0,54612.5,HIGH,CENTER,CENTER,36.8,52.7,23.48,0.262,6.15,1500,34,0.0,0.0
2026-09-10 15:46:44,126947,-0.835648,-0.549266,258.397,36.262,258.397,36.262,4095,4095,4095,4095,0,0,0.0,0.0,54612.5,HIGH,CENTER,CENTER,36.8,52.7,23.97,0.686,16.44,1500,34,0.0,0.0
2026-09-10 15:46:45,127635,-0.835688,-0.549205,258.399,36.259,258.399,36.259,4095,4095,4095,4095,0,0,0.0,0.0,54612.5,HIGH,CENTER,CENTER,36.8,52.5,21.58,0.309,6.67,1500,34,0.0,0.0
2026-09-10 15:46:46,128318,-0.835728,-0.549144,258.4,36.257,258.4,36.257,4095,4095,4095,4095,0,0,0.0,0.0,54612.5,HIGH,CENTER,CENTER,36.8,52.5,24.29,0.449,10.91,1500,34,0.0,0.0
2026-09-10 15:46:47,129001,-0.835767,-0.549084,258.402,36.254,258.402,36.254,4095,4095,4095,4095,0,0,0.0,0.0,54612.5,HIGH,CENTER,CENTER,36.8,52.5,24.53,0.517,12.68,1500,34,0.0,0.0
2026-09-10 15:46:47,129689,-0.835767,-0.549084,258.403,36.251,258.403,36.251,4095,4095,4095,4095,0,0,0.0,0.0,54612.5,HIGH,CENTER,CENTER,36.9,52.3,21.38,1.009,21.57,1500,34,0.0,0.0
2026-09-10 15:46:48,130373,-0.835807,-0.549023,258.405,36.249,258.405,36.249,4095,4095,4095,4095,0,0,0.0,0.0,54612.5,HIGH,CENTER,CENTER,36.9,52.3,24.92,1.075,26.79,1500,34,0.0,0.0
2026-09-10 15:46:49,131056,-0.835847,-0.548962,258.406,36.246,258.406,36.246,4095,4095,4095,4095,0,0,0.0,0.0,54612.5,HIGH,CENTER,CENTER,36.9,52.3,20.7,0.502,10.39,1500,34,0.0,0.0
2026-09-10 15:46:49,131744,-0.835847,-0.548962,258.408,36.244,258.408,36.244,4095,4095,4095,4095,0,0,0.0,0.0,54612.5,HIGH,CENTER,CENTER,36.9,52.2,21.01,1.059,22.25,1500,34,0.0,0.0
2026-09-10 15:46:50,132428,-0.835887,-0.548901,258.409,36.241,258.409,36.241,4095,4095,4095,4095,0,0,0.0,0.0,54612.5,HIGH,CENTER,CENTER,36.9,52.2,20.92,1.057,22.11,1500,34,0.0,0.0
2026-09-10 15:46:51,133111,-0.835927,-0.54884,258.411,36.239,258.411,36.239,4095,4095,4095,4095,0,0,0.0,0.0,54612.5,HIGH,CENTER,CENTER,36.9,52.2,24.47,0.965,23.61,1500,34,0.0,0.0
2026-09-10 15:46:51,133799,-0.835927,-0.54884,258.412,36.236,258.412,36.236,4095,4095,4095,4095,0,0,0.0,0.0,54612.5,HIGH,CENTER,CENTER,36.9,52.3,23.27,0.347,8.07,1500,34,0.0,0.0
2026-09-10 15:46:52,134483,-0.835967,-0.54878,258.414,36.233,258.414,36.233,4095,4095,4095,4095,0,0,0.0,0.0,54612.5,HIGH,CENTER,CENTER,36.9,52.3,20.76,0.89,18.48,1500,34,0.0,0.0
2026-09-10 15:46:53,135166,-0.836007,-0.548719,258.415,36.231,258.415,36.231,4095,4095,4095,4095,0,0,0.0,0.0,54612.5,HIGH,CENTER,CENTER,36.9,52.3,22.2,1.145,25.42,1500,34,0.0,0.0
2026-09-10 15:46:53,135854,-0.836007,-0.548719,258.417,36.228,258.417,36.228,4095,4095,4095,4095,0,0,0.0,0.0,54612.5,HIGH,CENTER,CENTER,37.0,52.4,23.08,0.883,20.38,1500,34,0.0,0.0
2026-09-10 15:46:54,136537,-0.836047,-0.548658,258.418,36.226,258.418,36.226,4095,4095,4095,4095,0,0,0.0,0.0,54612.5,HIGH,CENTER,CENTER,37.0,52.4,20.42,0.532,10.86,1500,34,0.0,0.0
2026-09-10 15:46:55,137220,-0.836087,-0.548597,258.42,36.223,258.42,36.223,4095,4095,4095,4095,0,0,0.0,0.0,54612.5,HIGH,CENTER,CENTER,37.0,52.4,24.41,0.701,17.11,1500,34,0.0,0.0
2026-09-10 15:46:55,137908,-0.836087,-0.548597,258.421,36.221,258.421,36.221,4095,4095,4095,4095,0,0,0.0,0.0,54612.5,HIGH,CENTER,CENTER,37.0,52.3,24.02,0.846,20.32,1500,34,0.0,0.0
2026-09-10 15:46:56,138591,-0.836127,-0.548536,258.423,36.218,258.423,36.218,4095,4095,4095,4095,0,0,0.0,0.0,54612.5,HIGH,CENTER,CENTER,37.0,52.3,22.53,0.711,16.02,1500,34,0.0,0.0
2026-09-10 15:46:57,139274,-0.836167,-0.548476,258.424,36.215,258.424,36.215,4095,4095,4095,4095,0,0,0.0,0.0,54612.5,HIGH,CENTER,CENTER,37.0,52.3,24.84,0.32,7.95,1500,34,0.0,0.0
2026-09-10 15:46:57,139962,-0.836167,-0.548476,258.426,36.213,258.426,36.213,4095,4095,4095,4095,0,0,0.0,0.0,54612.5,HIGH,CENTER,CENTER,37.1,52.4,22.09,0.512,11.31,1500,34,0.0,0.0
2026-09-10 15:46:58,140645,-0.836206,-0.548415,258.427,36.21,258.427,36.21,4095,4095,4095,4095,0,0,0.0,0.0,54612.5,HIGH,CENTER,CENTER,37.1,52.4,24.92,1.002,24.97,1500,34,0.0,0.0
2026-09-10 15:46:59,141328,-0.836246,-0.548354,258.429,36.208,258.429,36.208,4095,4095,4095,4095,0,0,0.0,0.0,54612.5,HIGH,CENTER,CENTER,37.1,52.4,23.34,1.061,24.76,1500,34,0.0,0.0
2026-09-10 15:47:00,142016,-0.836286,-0.548293,258.43,36.205,258.43,36.205,4095,4095,4095,4095,0,0,0.0,0.0,54612.5,HIGH,CENTER,CENTER,37.1,52.3,23.17,0.337,7.81,1500,34,0.0,0.0
2026-09-10 15:47:00,142699,-0.836286,-0.548293,258.432,36.203,258.432,36.203,4095,4095,4095,4095,0,0,0.0,0.0,54612.5,HIGH,CENTER,CENTER,37.1,52.3,20.83,1.152,24.0,1500,34,0.0,0.0
2026-09-10 15:47:01,143382,-0.836326,-0.548232,258.433,36.2,258.433,36.2,4095,4095,4095,4095,0,0,0.0,0.0,54612.5,HIGH,CENTER,CENTER,37.1,52.3,24.41,0.529,12.91,1500,34,0.0,0.0
2026-09-10 15:47:02,144070,-0.836366,-0.548172,258.435,36.197,258.435,36.197,4095,4095,4095,4095,0,0,0.0,0.0,54612.5,HIGH,CENTER,CENTER,37.1,52.1,22.14,0.862,19.08,1500,34,0.0,0.0
2026-09-10 15:47:02,144754,-0.836366,-0.548172,258.436,36.195,258.436,36.195,4095,4095,4095,4095,0,0,0.0,0.0,54612.5,HIGH,CENTER,CENTER,37.1,52.1,20.81,0.952,19.81,1500,34,0.0,0.0
2026-09-10 15:47:03,145437,-0.836406,-0.548111,258.438,36.192,258.438,36.192,4095,4095,4095,4095,0,0,0.0,0.0,54612.5,HIGH,CENTER,CENTER,37.1,52.1,20.06,1.012,20.3,1500,34,0.0,0.0
2026-09-10 15:47:04,146125,-0.836446,-0.54805,258.439,36.19,258.439,36.19,4095,4095,4095,4095,0,0,0.0,0.0,54612.5,HIGH,CENTER,CENTER,37.2,52.0,22.8,1.146,26.13,1500,34,0.0,0.0
2026-09-10 15:47:04,146809,-0.836446,-0.54805,258.441,36.187,258.441,36.187,4095,4095,4095,4095,0,0,0.0,0.0,54612.5,HIGH,CENTER,CENTER,37.2,52.0,22.64,0.513,11.61,1500,34,0.0,0.0
2026-09-10 15:47:05,147492,-0.836485,-0.547989,258.442,36.185,258.442,36.185,4095,4095,4095,4095,0,0,0.0,0.0,54612.5,HIGH,CENTER,CENTER,37.2,52.0,23.6,1.059,24.99,1500,34,0.0,0.0
2026-09-10 15:47:06,148180,-0.836525,-0.547928,258.444,36.182,258.444,36.182,4095,4095,4095,4095,0,0,0.0,0.0,54612.5,HIGH,CENTER,CENTER,37.2,52.0,24.45,0.332,8.12,1500,34,0.0,0.0
2026-09-10 15:47:06,148864,-0.836525,-0.547928,258.445,36.179,258.445,36.179,4095,4095,4095,4095,0,0,0.0,0.0,54612.5,HIGH,CENTER,CENTER,37.2,52.0,20.4,0.905,18.46,1500,34,0.0,0.0
2026-09-10 15:47:07,149547,-0.836565,-0.547867,258.447,36.177,258.447,36.177,4095,4095,4095,4095,0,0,0.0,0.0,54612.5,HIGH,CENTER,CENTER,37.2,52.0,23.66,0.942,22.29,1500,34,0.0,0.0
2026-09-10 15:47:08,150235,-0.836605,-0.547807,258.448,36.174,258.448,36.174,4095,4095,4095,4095,0,0,0.0,0.0,54612.5,HIGH,CENTER,CENTER,37.3,52.1,20.94,0.878,18.39,1500,34,0.0,0.0
2026-09-10 15:47:08,150918,-0.836605,-0.547807,258.45,36.172,258.45,36.172,4095,4095,4095,4095,0,0,0.0,0.0,54612.5,HIGH,CENTER,CENTER,37.3,52.1,24.29,0.452,10.98,1500,34,0.0,0.0
2026-09-10 15:47:09,151601,-0.836645,-0.547746,258.451,36.169,258.451,36.169,4095,4095,4095,4095,0,0,0.0,0.0,54612.5,HIGH,CENTER,CENTER,37.3,52.1,24.1,1.073,25.86,1500,34,0.0,0.0
2026-09-10 15:47:10,152289,-0.836685,-0.547685,258.453,36.167,258.453,36.167,4095,4095,4095,4095,0,0,0.0,0.0,54612.5,HIGH,CENTER,CENTER,37.3,52.1,22.7,0.369,8.38,1500,34,0.0,0.0
2026-09-10 15:47:10,152972,-0.836685,-0.547685,258.454,36.164,258.454,36.164,4095,4095,4095,4095,0,0,0.0,0.0,54612.5,HIGH,CENTER,CENTER,37.3,52.1,23.55,0.254,5.98,1500,34,0.0,0.0
2026-09-10 15:47:11,153655,-0.836724,-0.547624,258.456,36.161,258.456,36.161,4095,4095,4095,4095,0,0,0.0,0.0,54612.5,HIGH,CENTER,CENTER,37.3,52.1,21.57,0.917,19.78,1500,34,0.0,0.0
2026-09-10 15:47:12,154343,-0.836764,-0.547563,258.457,36.159,258.457,36.159,4095,4095,4095,4095,0,0,0.0,0.0,54612.5,HIGH,CENTER,CENTER,37.3,52.1,22.36,0.675,15.09,1500,34,0.0,0.0
2026-09-10 15:47:13,155026,-0.836804,-0.547502,258.459,36.156,258.459,36.156,4095,4095,4095,4095,0,0,0.0,0.0,54612.5,HIGH,CENTER,CENTER,37.3,52.1,24.11,1.049,25.29,1500,34,0.0,0.0
2026-09-10 15:47:13,155709,-0.836804,-0.547502,258.46,36.154,258.46,36.154,4095,4095,4095,4095,0,0,0.0,0.0,54612.5,HIGH,CENTER,CENTER,37.3,52.1,22.3,0.583,13.0,1500,34,0.0,0.0
2026-09-10 15:47:14,156397,-0.836844,-0.547442,258.462,36.151,258.462,36.151,4095,4095,4095,4095,0,0,0.0,0.0,54612.5,HIGH,CENTER,CENTER,37.4,52.0,21.79,0.368,8.02,1500,34,0.0,0.0
2026-09-10 15:47:15,157080,-0.836884,-0.547381,258.463,36.149,258.463,36.149,4095,4095,4095,4095,0,0,0.0,0.0,54612.5,HIGH,CENTER,CENTER,37.4,52.0,22.47,1.036,23.28,1500,34,0.0,0.0
2026-09-10 15:47:15,157763,-0.836884,-0.547381,258.465,36.146,258.465,36.146,4095,4095,4095,4095,0,0,0.0,0.0,54612.5,HIGH,CENTER,CENTER,37.4,52.0,24.14,0.749,18.08,1500,34,0.0,0.0
2026-09-10 15:47:16,158451,-0.836924,-0.54732,258.466,36.143,258.466,36.143,4095,4095,4095,4095,0,0,0.0,0.0,54612.5,HIGH,CENTER,CENTER,37.4,52.2,21.68,0.389,8.43,1500,34,0.0,0.0
2026-09-10 15:47:17,159134,-0.836963,-0.547259,258.468,36.141,258.468,36.141,4095,4095,4095,4095,0,0,0.0,0.0,54612.5,HIGH,CENTER,CENTER,37.4,52.2,20.87,0.92,19.2,1500,34,0.0,0.0
2026-09-10 15:47:17,159817,-0.836963,-0.547259,258.469,36.138,258.469,36.138,4095,4095,4095,4095,0,0,0.0,0.0,54612.5,HIGH,CENTER,CENTER,37.4,52.2,23.56,0.711,16.75,1500,34,0.0,0.0
2026-09-10 15:47:18,160505,-0.837003,-0.547198,258.471,36.136,258.471,36.136,4095,4095,4095,4095,0,0,0.0,0.0,54612.5,HIGH,CENTER,CENTER,37.4,52.4,24.13,0.804,19.4,1500,34,0.0,0.0
2026-09-10 15:47:19,161188,-0.837043,-0.547137,258.472,36.133,258.472,36.133,4095,4095,4095,4095,0,0,0.0,0.0,54612.5,HIGH,CENTER,CENTER,37.4,52.4,20.5,0.661,13.55,1500,34,0.0,0.0
2026-09-10 15:47:19,161871,-0.837043,-0.547137,258.474,36.131,258.474,36.131,4095,4095,4095,4095,0,0,0.0,0.0,54612.5,HIGH,CENTER,CENTER,37.4,52.4,21.2,1.029,21.81,1500,34,0.0,0.0
2026-09-10 15:47:20,162559,-0.837083,-0.547076,258.475,36.128,258.475,36.128,4095,4095,4095,4095,0,0,0.0,0.0,54612.5,HIGH,CENTER,CENTER,37.5,52.7,20.71,1.03,21.33,1500,34,0.0,0.0
2026-09-10 15:47:21,163243,-0.837123,-0.547015,258.477,36.125,258.477,36.125,4095,4095,4095,4095,0,0,0.0,0.0,54612.5,HIGH,CENTER,CENTER,37.5,52.7,21.74,0.909,19.76,1500,34,0.0,0.0
2026-09-10 15:47:21,163926,-0.837123,-0.547015,258.478,36.123,258.478,36.123,4095,4095,4095,4095,0,0,0.0,0.0,54612.5,HIGH,CENTER,CENTER,37.5,52.7,22.25,0.305,6.79,1500,34,0.0,0.0
2026-09-10 15:47:22,164614,-0.837162,-0.546955,258.48,36.12,258.48,36.12,4095,4095,4095,4095,0,0,0.0,0.0,54612.5,HIGH,CENTER,CENTER,37.5,52.8,23.74,1.039,24.67,1500,34,0.0,0.0
2026-09-10 15:47:23,165297,-0.837202,-0.546894,258.481,36.118,258.481,36.118,4095,4095,4095,4095,0,0,0.0,0.0,54612.5,HIGH,CENTER,CENTER,37.5,52.8,23.26,0.871,20.26,1500,34,0.0,0.0
2026-09-10 15:47:23,165980,-0.837202,-0.546894,258.483,36.115,258.483,36.115,4095,4095,4095,4095,0,0,0.0,0.0,54612.5,HIGH,CENTER,CENTER,37.5,52.8,23.1,0.897,20.72,1500,34,0.0,0.0
2026-09-10 15:47:24,166668,-0.837242,-0.546833,258.484,36.113,258.484,36.113,4095,4095,4095,4095,0,0,0.0,0.0,54612.5,HIGH,CENTER,CENTER,37.6,52.8,21.76,0.563,12.25,1500,34,0.0,0.0
2026-09-10 15:47:25,167351,-0.837282,-0.546772,258.486,36.11,258.486,36.11,4095,4095,4095,4095,0,0,0.0,0.0,54612.5,HIGH,CENTER,CENTER,37.6,52.8,24.21,1.079,26.12,1500,34,0.0,0.0
2026-09-10 15:47:26,168034,-0.837321,-0.546711,258.487,36.107,258.487,36.107,4095,4095,4095,4095,0,0,0.0,0.0,54612.5,HIGH,CENTER,CENTER,37.6,52.8,22.36,0.925,20.68,1500,34,0.0,0.0
2026-09-10 15:47:26,168722,-0.837321,-0.546711,258.489,36.105,258.489,36.105,4095,4095,4095,4095,0,0,0.0,0.0,54612.5,HIGH,CENTER,CENTER,37.6,52.7,24.9,0.313,7.79,1500,34,0.0,0.0
2026-09-10 15:47:27,169406,-0.837361,-0.54665,258.49,36.102,258.49,36.102,4095,4095,4095,4095,0,0,0.0,0.0,54612.5,HIGH,CENTER,CENTER,37.6,52.7,23.17,0.608,14.09,1500,34,0.0,0.0
2026-09-10 15:47:28,170089,-0.837401,-0.546589,258.492,36.1,258.492,36.1,4095,4095,4095,4095,0,0,0.0,0.0,54612.5,HIGH,CENTER,CENTER,37.6,52.7,20.63,1.086,22.4,1500,34,0.0,0.0
2026-09-10 15:47:28,170777,-0.837401,-0.546589,258.493,36.097,258.493,36.097,4095,4095,4095,4095,0,0,0.0,0.0,54612.5,HIGH,CENTER,CENTER,37.6,52.9,23.38,0.247,5.77,1500,34,0.0,0.0
2026-09-10 15:47:29,171460,-0.837441,-0.546528,258.495,36.095,258.495,36.095,4095,4095,4095,4095,0,0,0.0,0.0,54612.5,HIGH,CENTER,CENTER,37.6,52.9,21.63,1.161,25.11,1500,34,0.0,0.0
2026-09-10 15:47:30,172143,-0.83748,-0.546467,258.496,36.092,258.496,36.092,4095,4095,4095,4095,0,0,0.0,0.0,54612.5,HIGH,CENTER,CENTER,37.6,52.9,23.43,0.879,20.59,1500,34,0.0,0.0
2026-09-10 15:47:30,172831,-0.83748,-0.546467,258.498,36.089,258.498,36.089,4095,4095,4095,4095,0,0,0.0,0.0,54612.5,HIGH,CENTER,CENTER,37.7,52.8,20.35,0.831,16.91,1500,34,0.0,0.0
2026-09-10 15:47:31,173514,-0.83752,-0.546407,258.499,36.087,258.499,36.087,4095,4095,4095,4095,0,0,0.0,0.0,54612.5,HIGH,CENTER,CENTER,37.7,52.8,20.87,0.471,9.83,1500,34,0.0,0.0
2026-09-10 15:47:32,174197,-0.83756,-0.546346,258.501,36.084,258.501,36.084,4095,4095,4095,4095,0,0,0.0,0.0,54612.5,HIGH,CENTER,CENTER,37.7,52.8,24.28,0.449,10.9,1500,34,0.0,0.0
2026-09-10 15:47:32,174885,-0.83756,-0.546346,258.503,36.082,258.503,36.082,4095,4095,4095,4095,0,0,0.0,0.0,54612.5,HIGH,CENTER,CENTER,37.7,52.5,21.14,1.142,24.14,1500,34,0.0,0.0
2026-09-10 15:47:33,175569,-0.8376,-0.546285,258.504,36.079,258.504,36.079,4095,4095,4095,4095,0,0,0.0,0.0,54612.5,HIGH,CENTER,CENTER,37.7,52.5,24.19,0.498,12.05,1500,34,0.0,0.0
2026-09-10 15:47:34,176252,-0.837639,-0.546224,258.506,36.077,258.506,36.077,4095,4095,4095,4095,0,0,0.0,0.0,54612.5,HIGH,CENTER,CENTER,37.7,52.5,21.4,0.976,20.89,1500,34,0.0,0.0
2026-09-10 15:47:34,176940,-0.837639,-0.546224,258.507,36.074,258.507,36.074,4095,4095,4095,4095,0,0,0.0,0.0,54612.5,HIGH,CENTER,CENTER,37.7,52.3,23.21,0.593,13.76,1500,34,0.0,0.0
2026-09-10 15:47:35,177624,-0.837679,-0.546163,258.509,36.071,258.509,36.071,4095,4095,4095,4095,0,0,0.0,0.0,54612.5,HIGH,CENTER,CENTER,37.7,52.3,23.47,0.339,7.96,1500,34,0.0,0.0
2026-09-10 15:47:36,178307,-0.837719,-0.546102,258.51,36.069,258.51,36.069,4095,4095,4095,4095,0,0,0.0,0.0,54612.5,HIGH,CENTER,CENTER,37.7,52.3,22.56,0.211,4.76,1500,34,0.0,0.0
2026-09-10 15:47:37,178995,-0.837758,-0.546041,258.512,36.066,258.512,36.066,4095,4095,4095,4095,0,0,0.0,0.0,54612.5,HIGH,CENTER,CENTER,37.7,52.1,21.53,0.744,16.02,1500,34,0.0,0.0
2026-09-10 15:47:37,179678,-0.837758,-0.546041,258.513,36.064,258.513,36.064,4095,4095,4095,4095,0,0,0.0,0.0,54612.5,HIGH,CENTER,CENTER,37.7,52.1,21.06,1.176,24.77,1500,34,0.0,0.0
2026-09-10 15:47:38,180361,-0.837798,-0.54598,258.515,36.061,258.515,36.061,4095,4095,4095,4095,0,0,0.0,0.0,54612.5,HIGH,CENTER,CENTER,37.7,52.1,20.17,0.569,11.48,1500,34,0.0,0.0
2026-09-10 15:47:39,181049,-0.837838,-0.545919,258.516,36.059,258.516,36.059,4095,4095,4095,4095,0,0,0.0,0.0,54612.5,HIGH,CENTER,CENTER,37.7,51.9,21.52,0.557,11.99,1500,34,0.0,0.0
2026-09-10 15:47:39,181733,-0.837838,-0.545919,258.518,36.056,258.518,36.056,4095,4095,4095,4095,0,0,0.0,0.0,54612.5,HIGH,CENTER,CENTER,37.7,51.9,23.27,0.544,12.66,1500,34,0.0,0.0
2026-09-10 15:47:40,182416,-0.837878,-0.545858,258.519,36.053,258.519,36.053,4095,4095,4095,4095,0,0,0.0,0.0,54612.5,HIGH,CENTER,CENTER,37.7,51.9,24.69,0.721,17.8,1500,34,0.0,0.0
2026-09-10 15:47:41,183104,-0.837917,-0.545797,258.521,36.051,258.521,36.051,4091,4095,4095,4095,0,-4,0.0,-0.000489,54612.5,HIGH,CENTER,CENTER,37.8,51.6,24.36,0.641,15.61,1500,34,0.0,-0.015
2026-09-10 15:47:41,183787,-0.837917,-0.545797,258.522,36.048,258.522,36.048,4095,4095,4095,4095,0,0,0.0,0.0,54612.5,HIGH,CENTER,CENTER,37.8,51.6,23.83,1.08,25.74,1500,34,0.0,0.0
2026-09-10 15:47:42,184470,-0.837957,-0.545736,258.524,36.046,258.524,36.046,4095,4095,4095,4095,0,0,0.0,0.0,54612.5,HIGH,CENTER,CENTER,37.8,51.6,23.94,0.706,16.9,1500,34,0.0,0.0
2026-09-10 15:47:43,185158,-0.837997,-0.545675,258.525,36.043,258.525,36.043,4095,4095,4095,4095,0,0,0.0,0.0,54612.5,HIGH,CENTER,CENTER,37.8,51.5,23.32,0.708,16.51,1500,34,0.0,0.0
2026-09-10 15:47:43,185841,-0.837997,-0.545675,258.527,36.041,258.527,36.041,4095,4095,4095,4095,0,0,0.0,0.0,54612.5,HIGH,CENTER,CENTER,37.8,51.5,21.3,0.338,7.2,1500,34,0.0,0.0
2026-09-10 15:47:44,186524,-0.838036,-0.545615,258.528,36.038,258.528,36.038,4095,4095,4095,4095,0,0,0.0,0.0,54612.5,HIGH,CENTER,CENTER,37.8,51.5,24.54,1.183,29.03,1500,34,0.0,0.0
2026-09-10 15:47:45,187212,-0.838076,-0.545554,258.53,36.035,258.53,36.035,4095,4095,4095,4095,0,0,0.0,0.0,54612.5,HIGH,CENTER,CENTER,37.8,51.3,23.35,0.45,10.51,1500,34,0.0,0.0
2026-09-10 15:47:45,187896,-0.838076,-0.545554,258.531,36.033,258.531,36.033,4095,4095,4095,4095,0,0,0.0,0.0,54612.5,HIGH,CENTER,CENTER,37.8,51.3,22.8,0.273,6.22,1500,34,0.0,0.0
2026-09-10 15:47:46,188579,-0.838116,-0.545493,258.533,36.03,258.533,36.03,4095,4095,4095,4095,0,0,0.0,0.0,54612.5,HIGH,CENTER,CENTER,37.8,51.3,20.55,0.863,17.73,1500,34,0.0,0.0
2026-09-10 15:47:47,189267,-0.838155,-0.545432,258.534,36.028,258.534,36.028,4095,4095,4095,4095,0,0,0.0,0.0,54612.5,HIGH,CENTER,CENTER,37.9,51.2,22.24,0.795,17.68,1500,34,0.0,0.0
2026-09-10 15:47:47,189951,-0.838155,-0.545432,258.536,36.025,258.536,36.025,4095,4095,4095,4095,0,0,0.0,0.0,54612.5,HIGH,CENTER,CENTER,37.9,51.2,22.3,0.615,13.71,1500,34,0.0,0.0
2026-09-10 15:47:48,190634,-0.838195,-0.545371,258.537,36.023,258.537,36.023,4095,4095,4095,4095,0,0,0.0,0.0,54612.5,HIGH,CENTER,CENTER,37.9,51.2,24.32,0.622,15.13,1500,34,0.0,0.0
2026-09-10 15:47:49,191323,-0.838235,-0.54531,258.539,36.02,258.539,36.02,4095,4095,4095,4095,0,0,0.0,0.0,54612.5,HIGH,CENTER,CENTER,37.8,51.1,22.73,0.985,22.39,1500,34,0.0,0.0
2026-09-10 15:47:50,192006,-0.838274,-0.545249,258.54,36.017,258.54,36.017,4095,4095,4095,4095,0,0,0.0,0.0,54612.5,HIGH,CENTER,CENTER,37.8,51.1,21.9,0.396,8.67,1500,34,0.0,0.0
2026-09-10 15:47:50,192689,-0.838274,-0.545249,258.542,36.015,258.542,36.015,4095,4095,4095,4095,0,0,0.0,0.0,54612.5,HIGH,CENTER,CENTER,37.8,51.1,24.88,1.02,25.38,1500,34,0.0,0.0
2026-09-10 15:47:51,193378,-0.838314,-0.545188,258.543,36.012,258.543,36.012,4095,4095,4095,4095,0,0,0.0,0.0,54612.5,HIGH,CENTER,CENTER,37.9,51.1,20.55,0.849,17.45,1500,34,0.0,0.0
2026-09-10 15:47:52,194061,-0.838354,-0.545127,258.545,36.01,258.545,36.01,4095,4095,4095,4095,0,0,0.0,0.0,54612.5,HIGH,CENTER,CENTER,37.9,51.1,22.11,0.619,13.69,1500,34,0.0,0.0
2026-09-10 15:47:52,194744,-0.838354,-0.545127,258.546,36.007,258.546,36.007,4095,4095,4095,4095,0,0,0.0,0.0,54612.5,HIGH,CENTER,CENTER,37.9,51.1,20.21,0.658,13.3,1500,34,0.0,0.0
2026-09-10 15:47:53,195433,-0.838393,-0.545066,258.548,36.005,258.548,36.005,4095,4095,4095,4095,0,0,0.0,0.0,54612.5,HIGH,CENTER,CENTER,37.9,51.1,23.7,0.457,10.83,1500,34,0.0,0.0
2026-09-10 15:47:54,196116,-0.838433,-0.545005,258.549,36.002,258.549,36.002,4095,4095,4095,4095,0,0,0.0,0.0,54612.5,HIGH,CENTER,CENTER,37.9,51.1,24.59,0.952,23.41,1500,34,0.0,0.0
2026-09-10 15:47:54,196799,-0.838433,-0.545005,258.551,35.999,258.551,35.999,4095,4095,4095,4095,0,0,0.0,0.0,54612.5,HIGH,CENTER,CENTER,37.9,51.1,21.4,0.713,15.26,1500,34,0.0,0.0
2026-09-10 15:47:55,197488,-0.838472,-0.544944,258.552,35.997,258.552,35.997,4095,4095,4095,4095,0,0,0.0,0.0,54612.5,HIGH,CENTER,CENTER,37.9,50.9,24.29,0.521,12.66,1500,34,0.0,0.0
2026-09-10 15:47:56,198171,-0.838512,-0.544883,258.554,35.994,258.554,35.994,4095,4095,4095,4095,0,0,0.0,0.0,54612.5,HIGH,CENTER,CENTER,37.9,50.9,21.46,0.796,17.08,1500,34,0.0,0.0
2026-09-10 15:47:56,198854,-0.838512,-0.544883,258.555,35.992,258.555,35.992,4095,4095,4095,4095,0,0,0.0,0.0,54612.5,HIGH,CENTER,CENTER,37.9,50.9,24.55,1.196,29.36,1500,34,0.0,0.0
2026-09-10 15:47:57,199543,-0.838552,-0.544822,258.557,35.989,258.557,35.989,4095,4095,4095,4095,0,0,0.0,0.0,54612.5,HIGH,CENTER,CENTER,37.9,50.9,23.77,0.635,15.09,1500,34,0.0,0.0
2026-09-10 15:47:58,200226,-0.838591,-0.544761,258.558,35.987,258.558,35.987,4095,4095,4095,4095,0,0,0.0,0.0,54612.5,HIGH,CENTER,CENTER,37.9,50.9,24.02,1.121,26.93,1500,34,0.0,0.0
2026-09-10 15:47:58,200909,-0.838591,-0.544761,258.56,35.984,258.56,35.984,4095,4095,4095,4095,0,0,0.0,0.0,54612.5,HIGH,CENTER,CENTER,37.9,50.9,20.09,0.545,10.95,1500,34,0.0,0.0
2026-09-10 15:47:59,201598,-0.838631,-0.5447,258.561,35.981,258.561,35.981,4095,4095,4095,4095,0,0,0.0,0.0,54612.5,HIGH,CENTER,CENTER,38.0,50.9,24.81,0.255,6.33,1500,34,0.0,0.0
2026-09-10 15:48:00,202281,-0.838671,-0.544639,258.563,35.979,258.563,35.979,4095,4095,4095,4095,0,0,0.0,0.0,54612.5,HIGH,CENTER,CENTER,38.0,50.9,23.63,0.404,9.55,1500,34,0.0,0.0
2026-09-10 15:48:00,202964,-0.838671,-0.544639,258.564,35.976,258.564,35.976,4095,4095,4095,4095,0,0,0.0,0.0,54612.5,HIGH,CENTER,CENTER,38.0,50.9,21.52,0.619,13.32,1500,34,0.0,0.0
2026-09-10 15:48:01,203652,-0.83871,-0.544578,258.566,35.974,258.566,35.974,4095,4095,4095,4095,0,0,0.0,0.0,54612.5,HIGH,CENTER,CENTER,38.0,51.2,24.15,0.42,10.14,1500,34,0.0,0.0
2026-09-10 15:48:02,204336,-0.83875,-0.544517,258.567,35.971,258.567,35.971,4095,4095,4095,4095,0,0,0.0,0.0,54612.5,HIGH,CENTER,CENTER,38.0,51.2,21.41,0.2,4.28,1500,34,0.0,0.0
2026-09-10 15:48:03,205019,-0.838789,-0.544456,258.569,35.969,258.569,35.969,4095,4095,4095,4095,0,0,0.0,0.0,54612.5,HIGH,CENTER,CENTER,38.0,51.2,24.36,1.115,27.16,1500,34,0.0,0.0
2026-09-10 15:48:03,205707,-0.838789,-0.544456,258.57,35.966,258.57,35.966,4095,4095,4095,4095,0,0,0.0,0.0,54612.5,HIGH,CENTER,CENTER,38.0,51.4,20.56,1.044,21.46,1500,34,0.0,0.0
2026-09-10 15:48:04,206390,-0.838829,-0.544395,258.572,35.963,258.572,35.963,4095,4095,4095,4095,0,0,0.0,0.0,54612.5,HIGH,CENTER,CENTER,38.0,51.4,23.52,0.942,22.16,1500,34,0.0,0.0
2026-09-10 15:48:05,207073,-0.838869,-0.544334,258.573,35.961,258.573,35.961,4095,4095,4095,4095,0,0,0.0,0.0,54612.5,HIGH,CENTER,CENTER,38.0,51.4,22.7,0.368,8.35,1500,34,0.0,0.0
2026-09-10 15:48:05,207761,-0.838869,-0.544334,258.575,35.958,258.575,35.958,4095,4095,4095,4095,0,0,0.0,0.0,54612.5,HIGH,CENTER,CENTER,38.1,51.4,20.48,0.32,6.55,1500,34,0.0,0.0
2026-09-10 15:48:06,208444,-0.838908,-0.544273,258.576,35.956,258.576,35.956,4095,4095,4095,4095,0,0,0.0,0.0,54612.5,HIGH,CENTER,CENTER,38.1,51.4,21.21,0.268,5.68,1500,34,0.0,0.0
2026-09-10 15:48:07,209127,-0.838948,-0.544212,258.578,35.953,258.578,35.953,4095,4095,4095,4095,0,0,0.0,0.0,54612.5,HIGH,CENTER,CENTER,38.1,51.4,20.06,0.924,18.54,1500,34,0.0,0.0
2026-09-10 15:48:07,209815,-0.838948,-0.544212,258.579,35.951,258.579,35.951,4095,4095,4095,4095,0,0,0.0,0.0,54612.5,HIGH,CENTER,CENTER,38.1,51.5,22.34,1.129,25.22,1500,34,0.0,0.0
2026-09-10 15:48:08,210499,-0.838987,-0.544151,258.581,35.948,258.581,35.948,4079,4095,4095,4095,0,-16,0.0,-0.001957,54612.5,HIGH,CENTER,CENTER,38.1,51.5,21.51,0.631,13.57,1500,34,0.0,-0.059
2026-09-10 15:48:09,211182,-0.839027,-0.54409,258.582,35.945,258.582,35.945,4095,4095,4095,4095,0,0,0.0,0.0,54612.5,HIGH,CENTER,CENTER,38.1,51.5,22.99,0.319,7.33,1500,34,0.0,0.0
2026-09-10 15:48:09,211870,-0.839027,-0.54409,258.584,35.943,258.584,35.943,4095,4095,4095,4095,0,0,0.0,0.0,54612.5,HIGH,CENTER,CENTER,38.1,51.5,21.49,0.712,15.3,1500,34,0.0,0.0
2026-09-10 15:48:10,212554,-0.839066,-0.544029,258.585,35.94,258.585,35.94,4095,4095,4095,4095,0,0,0.0,0.0,54612.5,HIGH,CENTER,CENTER,38.1,51.5,21.5,0.549,11.8,1500,34,0.0,0.0
2026-09-10 15:48:11,213237,-0.839106,-0.543968,258.587,35.938,258.587,35.938,4095,4095,4095,4095,0,0,0.0,0.0,54612.5,HIGH,CENTER,CENTER,38.1,51.5,23.72,0.575,13.64,1500,34,0.0,0.0
2026-09-10 15:48:11,213925,-0.839106,-0.543968,258.588,35.935,258.588,35.935,4095,4095,4095,4095,0,0,0.0,0.0,54612.5,HIGH,CENTER,CENTER,38.2,51.6,20.24,0.821,16.62,1500,34,0.0,0.0
2026-09-10 15:48:12,214608,-0.839146,-0.543907,258.59,35.933,258.59,35.933,4095,4095,4095,4095,0,0,0.0,0.0,54612.5,HIGH,CENTER,CENTER,38.2,51.6,24.51,0.919,22.52,1500,34,0.0,0.0
2026-09-10 15:48:13,215291,-0.839185,-0.543846,258.591,35.93,258.591,35.93,4095,4095,4095,4095,0,0,0.0,0.0,54612.5,HIGH,CENTER,CENTER,38.2,51.6,24.26,0.311,7.54,1500,34,0.0,0.0
2026-09-10 15:48:13,215979,-0.839185,-0.543846,258.593,35.927,258.593,35.927,4095,4095,4095,4095,0,0,0.0,0.0,54612.5,HIGH,CENTER,CENTER,38.2,51.3,23.34,0.236,5.51,1500,34,0.0,0.0
2026-09-10 15:48:14,216662,-0.839225,-0.543785,258.594,35.925,258.594,35.925,4095,4095,4095,4095,0,0,0.0,0.0,54612.5,HIGH,CENTER,CENTER,38.2,51.3,22.97,1.194,27.43,1500,34,0.0,0.0
2026-09-10 15:48:15,217345,-0.839264,-0.543724,258.596,35.922,258.596,35.922,4095,4095,4095,4095,0,0,0.0,0.0,54612.5,HIGH,CENTER,CENTER,38.2,51.3,24.46,0.433,10.59,1500,34,0.0,0.0
2026-09-10 15:48:16,218033,-0.839304,-0.543663,258.597,35.92,258.597,35.92,4095,4095,4095,4095,0,0,0.0,0.0,54612.5,HIGH,CENTER,CENTER,38.2,51.5,20.93,0.254,5.32,1500,34,0.0,0.0
2026-09-10 15:48:16,218716,-0.839304,-0.543663,258.599,35.917,258.599,35.917,4095,4095,4095,4095,0,0,0.0,0.0,54612.5,HIGH,CENTER,CENTER,38.2,51.5,20.39,0.39,7.95,1500,34,0.0,0.0
2026-09-10 15:48:17,219399,-0.839343,-0.543602,258.6,35.915,258.6,35.915,4095,4095,4095,4095,0,0,0.0,0.0,54612.5,HIGH,CENTER,CENTER,38.2,51.5,21.2,0.239,5.07,1500,34,0.0,0.0
2026-09-10 15:48:18,220087,-0.839383,-0.543541,258.602,35.912,258.602,35.912,4095,4095,4095,4095,0,0,0.0,0.0,54612.5,HIGH,CENTER,CENTER,38.3,51.8,23.97,0.592,14.19,1500,34,0.0,0.0
2026-09-10 15:48:18,220771,-0.839383,-0.543541,258.603,35.909,258.603,35.909,4095,4095,4095,4095,0,0,0.0,0.0,54612.5,HIGH,CENTER,CENTER,38.3,51.8,20.17,1.002,20.21,1500,34,0.0,0.0
2026-09-10 15:48:19,221454,-0.839422,-0.54348,258.605,35.907,258.605,35.907,4095,4095,4095,4095,0,0,0.0,0.0,54612.5,HIGH,CENTER,CENTER,38.3,51.8,22.91,0.541,12.39,1500,34,0.0,0.0
2026-09-10 15:48:20,222142,-0.839462,-0.543419,258.606,35.904,258.606,35.904,4095,4095,4095,4095,0,0,0.0,0.0,54612.5,HIGH,CENTER,CENTER,38.3,51.8,24.98,0.644,16.09,1500,34,0.0,0.0
2026-09-10 15:48:20,222826,-0.839462,-0.543419,258.608,35.902,258.608,35.902,4095,4095,4095,4095,0,0,0.0,0.0,54612.5,HIGH,CENTER,CENTER,38.3,51.8,24.28,0.876,21.27,1500,34,0.0,0.0
2026-09-10 15:48:21,223509,-0.839501,-0.543358,258.609,35.899,258.609,35.899,4095,4095,4095,4095,0,0,0.0,0.0,54612.5,HIGH,CENTER,CENTER,38.3,51.8,22.61,0.709,16.03,1500,34,0.0,0.0
2026-09-10 15:48:22,224197,-0.839541,-0.543297,258.611,35.897,258.611,35.897,4095,4095,4095,4095,0,0,0.0,0.0,54612.5,HIGH,CENTER,CENTER,38.3,51.7,20.32,1.061,21.56,1500,34,0.0,0.0
2026-09-10 15:48:22,224881,-0.839541,-0.543297,258.612,35.894,258.612,35.894,4095,4095,4095,4095,0,0,0.0,0.0,54612.5,HIGH,CENTER,CENTER,38.3,51.7,24.16,1.066,25.75,1500,34,0.0,0.0
2026-09-10 15:48:23,225564,-0.83958,-0.543236,258.614,35.891,258.614,35.891,4095,4095,4095,4095,0,0,0.0,0.0,54612.5,HIGH,CENTER,CENTER,38.3,51.7,22.99,0.21,4.83,1500,34,0.0,0.0
2026-09-10 15:48:24,226252,-0.83962,-0.543174,258.615,35.889,258.615,35.889,4095,4095,4095,4095,0,0,0.0,0.0,54612.5,HIGH,CENTER,CENTER,38.3,51.4,20.57,0.978,20.12,1500,34,0.0,0.0
2026-09-10 15:48:24,226935,-0.83962,-0.543174,258.617,35.886,258.617,35.886,4095,4095,4095,4095,0,0,0.0,0.0,54612.5,HIGH,CENTER,CENTER,38.3,51.4,20.47,0.661,13.53,1500,34,0.0,0.0
2026-09-10 15:48:25,227618,-0.839659,-0.543113,258.618,35.884,258.618,35.884,4095,4095,4095,4095,0,0,0.0,0.0,54612.5,HIGH,CENTER,CENTER,38.3,51.4,24.55,1.189,29.19,1500,34,0.0,0.0
2026-09-10 15:48:26,228306,-0.839699,-0.543052,258.62,35.881,258.62,35.881,4095,4095,4095,4095,0,0,0.0,0.0,54612.5,HIGH,CENTER,CENTER,38.4,51.2,23.35,0.683,15.95,1500,34,0.0,0.0
2026-09-10 15:48:26,228989,-0.839699,-0.543052,258.621,35.879,258.621,35.879,4095,4095,4095,4095,0,0,0.0,0.0,54612.5,HIGH,CENTER,CENTER,38.4,51.2,24.15,1.187,28.67,1500,34,0.0,0.0
2026-09-10 15:48:27,229672,-0.839738,-0.542991,258.623,35.876,258.623,35.876,4095,4095,4095,4095,0,0,0.0,0.0,54612.5,HIGH,CENTER,CENTER,38.4,51.2,24.39,0.955,23.29,1500,34,0.0,0.0
2026-09-10 15:48:28,230360,-0.839778,-0.54293,258.624,35.873,258.624,35.873,4095,4095,4095,4095,0,0,0.0,0.0,54612.5,HIGH,CENTER,CENTER,38.4,51.1,22.86,0.449,10.26,1500,34,0.0,0.0
2026-09-10 15:48:29,231044,-0.839817,-0.542869,258.626,35.871,258.626,35.871,4095,4095,4095,4095,0,0,0.0,0.0,54612.5,HIGH,CENTER,CENTER,38.4,51.1,22.59,0.738,16.67,1500,34,0.0,0.0
2026-09-10 15:48:29,231727,-0.839817,-0.542869,258.627,35.868,258.627,35.868,4095,4095,4095,4095,0,0,0.0,0.0,54612.5,HIGH,CENTER,CENTER,38.4,51.1,22.15,1.192,26.4,1500,34,0.0,0.0
2026-09-10 15:48:30,232415,-0.839857,-0.542808,258.629,35.866,258.629,35.866,4095,4095,4095,4095,0,0,0.0,0.0,54612.5,HIGH,CENTER,CENTER,38.4,51.0,21.58,1.058,22.83,1500,34,0.0,0.0
2026-09-10 15:48:31,233098,-0.839896,-0.542747,258.63,35.863,258.63,35.863,4095,4095,4095,4095,0,0,0.0,0.0,54612.5,HIGH,CENTER,CENTER,38.4,51.0,22.17,0.297,6.58,1500,34,0.0,0.0
2026-09-10 15:48:31,233781,-0.839896,-0.542747,258.632,35.861,258.632,35.861,4095,4095,4095,4095,0,0,0.0,0.0,54612.5,HIGH,CENTER,CENTER,38.4,51.0,23.87,0.906,21.63,1500,34,0.0,0.0
2026-09-10 15:48:32,234469,-0.839936,-0.542686,258.633,35.858,258.633,35.858,4095,4095,4095,4095,0,0,0.0,0.0,54612.5,HIGH,CENTER,CENTER,38.4,51.2,23.01,0.546,12.56,1500,34,0.0,0.0
2026-09-10 15:48:33,235152,-0.839975,-0.542625,258.635,35.855,258.635,35.855,4095,4095,4095,4095,0,0,0.0,0.0,54612.5,HIGH,CENTER,CENTER,38.4,51.2,24.46,0.207,5.06,1500,34,0.0,0.0
2026-09-10 15:48:33,235835,-0.839975,-0.542625,258.636,35.853,258.636,35.853,4095,4095,4095,4095,0,0,0.0,0.0,54612.5,HIGH,CENTER,CENTER,38.4,51.2,22.22,0.603,13.4,1500,34,0.0,0.0
2026-09-10 15:48:34,236523,-0.840015,-0.542564,258.638,35.85,258.638,35.85,4095,4095,4095,4095,0,0,0.0,0.0,54612.5,HIGH,CENTER,CENTER,38.5,51.1,23.04,0.435,10.02,1500,34,0.0,0.0
2026-09-10 15:48:35,237207,-0.840054,-0.542503,258.639,35.848,258.639,35.848,4095,4095,4095,4095,0,0,0.0,0.0,54612.5,HIGH,CENTER,CENTER,38.5,51.1,23.16,1.019,23.6,1500,34,0.0,0.0
2026-09-10 15:48:35,237890,-0.840054,-0.542503,258.641,35.845,258.641,35.845,4095,4095,4095,4095,0,0,0.0,0.0,54612.5,HIGH,CENTER,CENTER,38.5,51.1,22.96,0.537,12.33,1500,34,0.0,0.0
2026-09-10 15:48:36,238578,-0.840094,-0.542442,258.642,35.843,258.642,35.843,4095,4095,4095,4095,0,0,0.0,0.0,54612.5,HIGH,CENTER,CENTER,38.5,51.1,23.51,1.028,24.17,1500,34,0.0,0.0
2026-09-10 15:48:37,239262,-0.840133,-0.54238,258.644,35.84,258.644,35.84,4095,4095,4095,4095,0,0,0.0,0.0,54612.5,HIGH,CENTER,CENTER,38.5,51.1,21.19,0.201,4.26,1500,34,0.0,0.0
2026-09-10 15:48:37,239945,-0.840133,-0.54238,258.645,35.837,258.645,35.837,4095,4095,4095,4095,0,0,0.0,0.0,54612.5,HIGH,CENTER,CENTER,38.5,51.1,22.56,0.508,11.46,1500,34,0.0,0.0
2026-09-10 15:48:38,240633,-0.840172,-0.542319,258.647,35.835,258.647,35.835,4095,4095,4095,4095,0,0,0.0,0.0,54612.5,HIGH,CENTER,CENTER,38.6,51.0,20.52,0.441,9.05,1500,34,0.0,0.0
2026-09-10 15:48:39,241317,-0.840212,-0.542258,258.648,35.832,258.648,35.832,4095,4095,4095,4095,0,0,0.0,0.0,54612.5,HIGH,CENTER,CENTER,38.6,51.0,21.92,0.434,9.51,1500,34,0.0,0.0
2026-09-10 15:48:40,242000,-0.840251,-0.542197,258.65,35.83,258.65,35.83,4095,4095,4095,4095,0,0,0.0,0.0,54612.5,HIGH,CENTER,CENTER,38.6,51.0,22.44,0.268,6.01,1500,34,0.0,0.0
2026-09-10 15:48:40,242688,-0.840251,-0.542197,258.651,35.827,258.651,35.827,4095,4095,4095,4095,0,0,0.0,0.0,54612.5,HIGH,CENTER,CENTER,38.6,51.0,23.26,0.387,9.0,1500,34,0.0,0.0
2026-09-10 15:48:41,243372,-0.840291,-0.542136,258.653,35.825,258.653,35.825,4095,4095,4095,4095,0,0,0.0,0.0,54612.5,HIGH,CENTER,CENTER,38.6,51.0,24.75,0.756,18.71,1500,34,0.0,0.0
2026-09-10 15:48:42,244055,-0.84033,-0.542075,258.654,35.822,258.654,35.822,4095,4095,4095,4095,0,0,0.0,0.0,54612.5,HIGH,CENTER,CENTER,38.6,51.0,23.0,0.491,11.29,1500,34,0.0,0.0
2026-09-10 15:48:42,244743,-0.84033,-0.542075,258.656,35.819,258.656,35.819,4095,4095,4095,4095,0,0,0.0,0.0,54612.5,HIGH,CENTER,CENTER,38.6,50.9,23.72,0.617,14.64,1500,34,0.0,0.0
2026-09-10 15:48:43,245427,-0.84037,-0.542014,258.657,35.817,258.657,35.817,4095,4095,4095,4095,0,0,0.0,0.0,54612.5,HIGH,CENTER,CENTER,38.6,50.9,22.53,0.577,13.0,1500,34,0.0,0.0
2026-09-10 15:48:44,246110,-0.840409,-0.541953,258.658,35.814,258.658,35.814,4095,4095,4095,4095,0,0,0.0,0.0,54612.5,HIGH,CENTER,CENTER,38.6,50.9,23.17,1.076,24.93,1500,34,0.0,0.0
2026-09-10 15:48:44,246798,-0.840409,-0.541953,258.66,35.812,258.66,35.812,4095,4095,4095,4095,0,0,0.0,0.0,54612.5,HIGH,CENTER,CENTER,38.6,50.7,20.35,1.105,22.49,1500,34,0.0,0.0
2026-09-10 15:48:45,247482,-0.840448,-0.541892,258.661,35.809,258.661,35.809,4095,4095,4095,4095,0,0,0.0,0.0,54612.5,HIGH,CENTER,CENTER,38.6,50.7,21.27,0.693,14.74,1500,34,0.0,0.0
2026-09-10 15:48:46,248165,-0.840488,-0.54183,258.663,35.807,258.663,35.807,4095,4095,4095,4095,0,0,0.0,0.0,54612.5,HIGH,CENTER,CENTER,38.6,50.7,21.81,0.53,11.56,1500,34,0.0,0.0
2026-09-10 15:48:46,248853,-0.840488,-0.54183,258.664,35.804,258.664,35.804,4095,4095,4095,4095,0,0,0.0,0.0,54612.5,HIGH,CENTER,CENTER,38.6,50.5,22.36,0.307,6.86,1500,34,0.0,0.0
2026-09-10 15:48:47,249537,-0.840527,-0.541769,258.666,35.801,258.666,35.801,4095,4095,4095,4095,0,0,0.0,0.0,54612.5,HIGH,CENTER,CENTER,38.6,50.5,20.23,1.153,23.33,1500,34,0.0,0.0
2026-09-10 15:48:48,250220,-0.840567,-0.541708,258.667,35.799,258.667,35.799,4095,4095,4095,4095,0,0,0.0,0.0,54612.5,HIGH,CENTER,CENTER,38.6,50.5,20.7,0.26,5.38,1500,34,0.0,0.0
2026-09-10 15:48:48,250908,-0.840567,-0.541708,258.669,35.796,258.669,35.796,4095,4095,4095,4095,0,0,0.0,0.0,54612.5,HIGH,CENTER,CENTER,38.7,50.3,21.38,0.498,10.65,1500,34,0.0,0.0
2026-09-10 15:48:49,251592,-0.840606,-0.541647,258.67,35.794,258.67,35.794,4095,4095,4095,4095,0,0,0.0,0.0,54612.5,HIGH,CENTER,CENTER,38.7,50.3,24.86,0.498,12.38,1500,34,0.0,0.0
2026-09-10 15:48:50,252275,-0.840645,-0.541586,258.672,35.791,258.672,35.791,4095,4095,4095,4095,0,0,0.0,0.0,54612.5,HIGH,CENTER,CENTER,38.7,50.3,21.66,0.52,11.26,1500,34,0.0,0.0
2026-09-10 15:48:50,252963,-0.840645,-0.541586,258.673,35.789,258.673,35.789,4095,4095,4095,4095,0,0,0.0,0.0,54612.5,HIGH,CENTER,CENTER,38.7,50.2,22.41,0.364,8.16,1500,34,0.0,0.0
2026-09-10 15:48:51,253647,-0.840685,-0.541525,258.675,35.786,258.675,35.786,4095,4095,4095,4095,0,0,0.0,0.0,54612.5,HIGH,CENTER,CENTER,38.7,50.2,20.98,0.983,20.62,1500,34,0.0,0.0
2026-09-10 15:48:52,254330,-0.840724,-0.541464,258.676,35.783,258.676,35.783,4095,4095,4095,4095,0,0,0.0,0.0,54612.5,HIGH,CENTER,CENTER,38.7,50.2,23.05,0.322,7.42,1500,34,0.0,0.0
2026-09-10 15:48:53,255018,-0.840764,-0.541403,258.678,35.781,258.678,35.781,4095,4095,4095,4095,0,0,0.0,0.0,54612.5,HIGH,CENTER,CENTER,38.8,50.0,21.4,0.835,17.87,1500,34,0.0,0.0
2026-09-10 15:48:53,255702,-0.840764,-0.541403,258.679,35.778,258.679,35.778,4095,4095,4095,4095,0,0,0.0,0.0,54612.5,HIGH,CENTER,CENTER,38.8,50.0,21.03,0.324,6.81,1500,34,0.0,0.0
2026-09-10 15:48:54,256385,-0.840803,-0.541341,258.681,35.776,258.681,35.776,4095,4095,4095,4095,0,0,0.0,0.0,54612.5,HIGH,CENTER,CENTER,38.8,50.0,22.58,0.271,6.12,1500,34,0.0,0.0
2026-09-10 15:48:55,257073,-0.840842,-0.54128,258.682,35.773,258.682,35.773,4095,4095,4095,4095,0,0,0.0,0.0,54612.5,HIGH,CENTER,CENTER,38.8,49.8,20.03,1.109,22.21,1500,34,0.0,0.0
2026-09-10 15:48:55,257757,-0.840842,-0.54128,258.684,35.77,258.684,35.77,4095,4095,4095,4095,0,0,0.0,0.0,54612.5,HIGH,CENTER,CENTER,38.8,49.8,20.04,0.39,7.82,1500,34,0.0,0.0
2026-09-10 15:48:56,258440,-0.840882,-0.541219,258.685,35.768,258.685,35.768,4095,4095,4095,4095,0,0,0.0,0.0,54612.5,HIGH,CENTER,CENTER,38.8,49.8,21.1,1.021,21.54,1500,34,0.0,0.0
2026-09-10 15:48:57,259128,-0.840921,-0.541158,258.687,35.765,258.687,35.765,4095,4095,4095,4095,0,0,0.0,0.0,54612.5,HIGH,CENTER,CENTER,38.8,49.7,20.18,0.745,15.03,1500,34,0.0,0.0
2026-09-10 15:48:57,259812,-0.840921,-0.541158,258.688,35.763,258.688,35.763,4095,4095,4095,4095,0,0,0.0,0.0,54612.5,HIGH,CENTER,CENTER,38.8,49.7,20.54,0.278,5.71,1500,34,0.0,0.0
2026-09-10 15:48:58,260495,-0.84096,-0.541097,258.69,35.76,258.69,35.76,4095,4095,4095,4095,0,0,0.0,0.0,54612.5,HIGH,CENTER,CENTER,38.8,49.7,21.69,1.155,25.05,1500,34,0.0,0.0
2026-09-10 15:48:59,261183,-0.841,-0.541036,258.691,35.758,258.691,35.758,4095,4095,4095,4095,0,0,0.0,0.0,54612.5,HIGH,CENTER,CENTER,38.8,49.6,24.01,0.447,10.73,1500,34,0.0,0.0
2026-09-10 15:48:59,261867,-0.841,-0.541036,258.693,35.755,258.693,35.755,4095,4095,4095,4095,0,0,0.0,0.0,54612.5,HIGH,CENTER,CENTER,38.8,49.6,22.86,1.06,24.23,1500,34,0.0,0.0
2026-09-10 15:49:00,262550,-0.841039,-0.540974,258.694,35.752,258.694,35.752,4095,4095,4095,4095,0,0,0.0,0.0,54612.5,HIGH,CENTER,CENTER,38.8,49.6,22.56,0.369,8.32,1500,34,0.0,0.0
2026-09-10 15:49:01,263238,-0.841078,-0.540913,258.696,35.75,258.696,35.75,4095,4095,4095,4095,0,0,0.0,0.0,54612.5,HIGH,CENTER,CENTER,38.8,49.2,21.47,1.054,22.63,1500,34,0.0,0.0
2026-09-10 15:49:01,263922,-0.841078,-0.540913,258.697,35.747,258.697,35.747,4095,4095,4095,4095,0,0,0.0,0.0,54612.5,HIGH,CENTER,CENTER,38.8,49.2,24.66,0.213,5.25,1500,34,0.0,0.0
2026-09-10 15:49:02,264605,-0.841118,-0.540852,258.699,35.745,258.699,35.745,4095,4095,4095,4095,0,0,0.0,0.0,54612.5,HIGH,CENTER,CENTER,38.8,49.2,21.99,0.712,15.66,1500,34,0.0,0.0
2026-09-10 15:49:03,265293,-0.841157,-0.540791,258.7,35.742,258.7,35.742,4095,4095,4095,4095,0,0,0.0,0.0,54612.5,HIGH,CENTER,CENTER,38.9,48.8,20.44,0.969,19.81,1500,34,0.0,0.0
2026-09-10 15:49:03,265977,-0.841157,-0.540791,258.702,35.74,258.702,35.74,4095,4095,4095,4095,0,0,0.0,0.0,54612.5,HIGH,CENTER,CENTER,38.9,48.8,23.09,1.135,26.21,1500,34,0.0,0.0
2026-09-10 15:49:04,266660,-0.841196,-0.54073,258.703,35.737,258.703,35.737,4095,4095,4095,4095,0,0,0.0,0.0,54612.5,HIGH,CENTER,CENTER,38.9,48.8,20.57,1.109,22.81,1500,34,0.0,0.0
2026-09-10 15:49:05,267348,-0.841236,-0.540669,258.705,35.734,258.705,35.734,4095,4095,4095,4095,0,0,0.0,0.0,54612.5,HIGH,CENTER,CENTER,38.9,48.5,21.73,1.02,22.16,1500,34,0.0,0.0
2026-09-10 15:49:06,268032,-0.841275,-0.540607,258.706,35.732,258.706,35.732,4095,4095,4095,4095,0,0,0.0,0.0,54612.5,HIGH,CENTER,CENTER,38.9,48.5,22.54,1.088,24.52,1500,34,0.0,0.0
2026-09-10 15:49:06,268715,-0.841275,-0.540607,258.708,35.729,258.708,35.729,4095,4095,4095,4095,0,0,0.0,0.0,54612.5,HIGH,CENTER,CENTER,38.9,48.5,24.37,0.399,9.72,1500,34,0.0,0.0
2026-09-10 15:49:07,269403,-0.841314,-0.540546,258.709,35.727,258.709,35.727,4095,4095,4095,4095,0,0,0.0,0.0,54612.5,HIGH,CENTER,CENTER,38.9,48.4,22.47,0.484,10.88,1500,34,0.0,0.0
2026-09-10 15:49:08,270087,-0.841354,-0.540485,258.711,35.724,258.711,35.724,4095,4095,4095,4095,0,0,0.0,0.0,54612.5,HIGH,CENTER,CENTER,38.9,48.4,23.51,0.489,11.5,1500,34,0.0,0.0
2026-09-10 15:49:08,270770,-0.841354,-0.540485,258.712,35.722,258.712,35.722,4095,4095,4095,4095,0,0,0.0,0.0,54612.5,HIGH,CENTER,CENTER,38.9,48.4,24.96,0.577,14.4,1500,34,0.0,0.0
2026-09-10 15:49:09,271458,-0.841393,-0.540424,258.714,35.719,258.714,35.719,4095,4095,4095,4095,0,0,0.0,0.0,54612.5,HIGH,CENTER,CENTER,38.9,48.2,20.66,0.593,12.25,1500,34,0.0,0.0
2026-09-10 15:49:10,272142,-0.841432,-0.540363,258.715,35.716,258.715,35.716,4095,4095,4095,4095,0,0,0.0,0.0,54612.5,HIGH,CENTER,CENTER,38.9,48.2,21.37,0.745,15.92,1500,34,0.0,0.0
2026-09-10 15:49:10,272825,-0.841432,-0.540363,258.717,35.714,258.717,35.714,4095,4095,4095,4095,0,0,0.0,0.0,54612.5,HIGH,CENTER,CENTER,38.9,48.2,21.97,0.36,7.91,1500,34,0.0,0.0
2026-09-10 15:49:11,273513,-0.841471,-0.540302,258.718,35.711,258.718,35.711,4095,4095,4095,4095,0,0,0.0,0.0,54612.5,HIGH,CENTER,CENTER,38.9,48.2,22.11,0.891,19.7,1500,34,0.0,0.0
2026-09-10 15:49:12,274197,-0.841511,-0.54024,258.72,35.709,258.72,35.709,4095,4095,4095,4095,0,0,0.0,0.0,54612.5,HIGH,CENTER,CENTER,38.9,48.2,22.06,0.368,8.12,1500,34,0.0,0.0
2026-09-10 15:49:12,274880,-0.841511,-0.54024,258.721,35.706,258.721,35.706,4095,4095,4095,4095,0,0,0.0,0.0,54612.5,HIGH,CENTER,CENTER,38.9,48.2,24.54,0.51,12.52,1500,34,0.0,0.0
2026-09-10 15:49:13,275568,-0.84155,-0.540179,258.723,35.704,258.723,35.704,4095,4095,4095,4095,0,0,0.0,0.0,54612.5,HIGH,CENTER,CENTER,38.9,48.2,23.57,0.703,16.57,1500,34,0.0,0.0
2026-09-10 15:49:14,276252,-0.841589,-0.540118,258.724,35.701,258.724,35.701,4095,4095,4095,4095,0,0,0.0,0.0,54612.5,HIGH,CENTER,CENTER,38.9,48.2,23.04,0.996,22.95,1500,34,0.0,0.0
2026-09-10 15:49:14,276935,-0.841589,-0.540118,258.726,35.698,258.726,35.698,4095,4095,4095,4095,0,0,0.0,0.0,54612.5,HIGH,CENTER,CENTER,38.9,48.2,21.55,0.939,20.24,1500,34,0.0,0.0
2026-09-10 15:49:15,277623,-0.841629,-0.540057,258.727,35.696,258.727,35.696,4095,4095,4095,4095,0,0,0.0,0.0,54612.5,HIGH,CENTER,CENTER,39.0,48.1,24.12,0.846,20.41,1500,34,0.0,0.0
2026-09-10 15:49:16,278307,-0.841668,-0.539996,258.729,35.693,258.729,35.693,4095,4095,4095,4095,0,0,0.0,0.0,54612.5,HIGH,CENTER,CENTER,39.0,48.1,24.78,0.356,8.82,1500,34,0.0,0.0
2026-09-10 15:49:16,278990,-0.841668,-0.539996,258.73,35.691,258.73,35.691,4095,4095,4095,4095,0,0,0.0,0.0,54612.5,HIGH,CENTER,CENTER,39.0,48.1,24.11,0.747,18.01,1500,34,0.0,0.0
2026-09-10 15:49:17,279678,-0.841707,-0.539934,258.732,35.688,258.732,35.688,4095,4095,4095,4095,0,0,0.0,0.0,54612.5,HIGH,CENTER,CENTER,39.0,48.2,20.01,0.287,5.74,1500,34,0.0,0.0
2026-09-10 15:49:18,280362,-0.841746,-0.539873,258.733,35.686,258.733,35.686,4095,4095,4095,4095,0,0,0.0,0.0,54612.5,HIGH,CENTER,CENTER,39.0,48.2,23.18,0.577,13.37,1500,34,0.0,0.0
2026-09-10 15:49:19,281045,-0.841786,-0.539812,258.735,35.683,258.735,35.683,4095,4095,4095,4095,0,0,0.0,0.0,54612.5,HIGH,CENTER,CENTER,39.0,48.2,20.26,0.614,12.44,1500,34,0.0,0.0
2026-09-10 15:49:19,281733,-0.841786,-0.539812,258.736,35.68,258.736,35.68,4095,4095,4095,4095,0,0,0.0,0.0,54612.5,HIGH,CENTER,CENTER,39.0,48.5,21.29,0.24,5.11,1500,34,0.0,0.0
2026-09-10 15:49:20,282417,-0.841825,-0.539751,258.738,35.678,258.738,35.678,4077,4095,4095,4095,0,-18,0.0,-0.002203,54612.5,HIGH,CENTER,CENTER,39.0,48.5,20.3,0.474,9.62,1500,34,0.0,-0.066
2026-09-10 15:49:21,283100,-0.841864,-0.539689,258.739,35.675,258.739,35.675,4095,4095,4095,4095,0,0,0.0,0.0,54612.5,HIGH,CENTER,CENTER,39.0,48.5,23.02,1.156,26.61,1500,34,0.0,0.0
2026-09-10 15:49:21,283788,-0.841864,-0.539689,258.741,35.673,258.741,35.673,4095,4095,4095,4095,0,0,0.0,0.0,54612.5,HIGH,CENTER,CENTER,39.0,48.6,23.43,1.154,27.04,1500,34,0.0,0.0
2026-09-10 15:49:22,284472,-0.841903,-0.539628,258.742,35.67,258.742,35.67,4095,4095,4095,4095,0,0,0.0,0.0,54612.5,HIGH,CENTER,CENTER,39.0,48.6,20.57,0.552,11.35,1500,34,0.0,0.0
2026-09-10 15:49:23,285155,-0.841943,-0.539567,258.744,35.668,258.744,35.668,4095,4095,4095,4095,0,0,0.0,0.0,54612.5,HIGH,CENTER,CENTER,39.0,48.6,21.92,0.243,5.33,1500,34,0.0,0.0
2026-09-10 15:49:23,285843,-0.841943,-0.539567,258.745,35.665,258.745,35.665,4095,4095,4095,4095,0,0,0.0,0.0,54612.5,HIGH,CENTER,CENTER,39.0,48.6,22.28,0.379,8.44,1500,34,0.0,0.0
2026-09-10 15:49:24,286527,-0.841982,-0.539506,258.747,35.662,258.747,35.662,4095,4095,4095,4095,0,0,0.0,0.0,54612.5,HIGH,CENTER,CENTER,39.0,48.6,21.85,0.592,12.94,1500,34,0.0,0.0
2026-09-10 15:49:25,287210,-0.842021,-0.539445,258.748,35.66,258.748,35.66,4095,4095,4095,4095,0,0,0.0,0.0,54612.5,HIGH,CENTER,CENTER,39.0,48.6,20.61,1.148,23.66,1500,34,0.0,0.0
2026-09-10 15:49:25,287898,-0.842021,-0.539445,258.75,35.657,258.75,35.657,4095,4095,4095,4095,0,0,0.0,0.0,54612.5,HIGH,CENTER,CENTER,39.1,48.6,22.09,0.341,7.53,1500,34,0.0,0.0
2026-09-10 15:49:26,288582,-0.84206,-0.539383,258.751,35.655,258.751,35.655,4095,4095,4095,4095,0,0,0.0,0.0,54612.5,HIGH,CENTER,CENTER,39.1,48.6,23.76,0.964,22.9,1500,34,0.0,0.0
2026-09-10 15:49:27,289265,-0.8421,-0.539322,258.753,35.652,258.753,35.652,4095,4095,4095,4095,0,0,0.0,0.0,54612.5,HIGH,CENTER,CENTER,39.1,48.6,20.36,0.309,6.29,1500,34,0.0,0.0
2026-09-10 15:49:27,289953,-0.8421,-0.539322,258.754,35.65,258.754,35.65,4095,4095,4095,4095,0,0,0.0,0.0,54612.5,HIGH,CENTER,CENTER,39.1,48.5,20.4,1.181,24.09,1500,34,0.0,0.0
2026-09-10 15:49:28,290637,-0.842139,-0.539261,258.756,35.647,258.756,35.647,4095,4095,4095,4095,0,0,0.0,0.0,54612.5,HIGH,CENTER,CENTER,39.1,48.5,21.77,0.582,12.67,1500,34,0.0,0.0
2026-09-10 15:49:29,291320,-0.842178,-0.5392,258.757,35.644,258.757,35.644,4095,4095,4095,4095,0,0,0.0,0.0,54612.5,HIGH,CENTER,CENTER,39.1,48.5,24.71,0.975,24.09,1500,34,0.0,0.0
2026-09-10 15:49:30,292008,-0.842217,-0.539138,258.759,35.642,258.759,35.642,4095,4095,4095,4095,0,0,0.0,0.0,54612.5,HIGH,CENTER,CENTER,39.1,48.5,23.34,0.543,12.67,1500,34,0.0,0.0
2026-09-10 15:49:30,292692,-0.842217,-0.539138,258.76,35.639,258.76,35.639,4095,4095,4095,4095,0,0,0.0,0.0,54612.5,HIGH,CENTER,CENTER,39.1,48.5,23.39,0.828,19.37,1500,34,0.0,0.0
2026-09-10 15:49:31,293375,-0.842256,-0.539077,258.762,35.637,258.762,35.637,4095,4095,4095,4095,0,0,0.0,0.0,54612.5,HIGH,CENTER,CENTER,39.1,48.5,21.81,0.392,8.55,1500,34,0.0,0.0
2026-09-10 15:49:32,294063,-0.842296,-0.539016,258.763,35.634,258.763,35.634,4095,4095,4095,4095,0,0,0.0,0.0,54612.5,HIGH,CENTER,CENTER,39.1,48.4,22.97,0.346,7.95,1500,34,0.0,0.0
2026-09-10 15:49:32,294747,-0.842296,-0.539016,258.764,35.632,258.764,35.632,4095,4095,4095,4095,0,0,0.0,0.0,54612.5,HIGH,CENTER,CENTER,39.1,48.4,20.05,1.138,22.82,1500,34,0.0,0.0
2026-09-10 15:49:33,295430,-0.842335,-0.538955,258.766,35.629,258.766,35.629,4095,4095,4095,4095,0,0,0.0,0.0,54612.5,HIGH,CENTER,CENTER,39.1,48.4,23.18,1.118,25.92,1500,34,0.0,0.0
2026-09-10 15:49:34,296118,-0.842374,-0.538893,258.767,35.626,258.767,35.626,4095,4095,4095,4095,0,0,0.0,0.0,54612.5,HIGH,CENTER,CENTER,39.2,48.4,24.57,1.087,26.71,1500,34,0.0,0.0
2026-09-10 15:49:34,296802,-0.842374,-0.538893,258.769,35.624,258.769,35.624,4095,4095,4095,4095,0,0,0.0,0.0,54612.5,HIGH,CENTER,CENTER,39.2,48.4,23.06,0.825,19.02,1500,34,0.0,0.0
2026-09-10 15:49:35,297485,-0.842413,-0.538832,258.77,35.621,258.77,35.621,4095,4095,4095,4095,0,0,0.0,0.0,54612.5,HIGH,CENTER,CENTER,39.2,48.4,24.37,1.008,24.56,1500,34,0.0,0.0
2026-09-10 15:49:36,298173,-0.842452,-0.538771,258.772,35.619,258.772,35.619,4095,4095,4095,4095,0,0,0.0,0.0,54612.5,HIGH,CENTER,CENTER,39.2,48.1,23.62,0.269,6.35,1500,34,0.0,0.0
2026-09-10 15:49:36,298857,-0.842452,-0.538771,258.773,35.616,258.773,35.616,4095,4095,4095,4095,0,0,0.0,0.0,54612.5,HIGH,CENTER,CENTER,39.2,48.1,20.6,0.535,11.02,1500,34,0.0,0.0
2026-09-10 15:49:37,299540,-0.842492,-0.53871,258.775,35.614,258.775,35.614,4095,4095,4095,4095,0,0,0.0,0.0,54612.5,HIGH,CENTER,CENTER,39.2,48.1,24.51,0.514,12.6,1500,34,0.0,0.0
2026-09-10 15:49:38,300228,-0.842531,-0.538648,258.776,35.611,258.776,35.611,4095,4095,4095,4095,0,0,0.0,0.0,54612.5,HIGH,CENTER,CENTER,39.2,47.8,20.33,0.836,17.0,1500,34,0.0,0.0
2026-09-10 15:49:38,300912,-0.842531,-0.538648,258.778,35.608,258.778,35.608,4095,4095,4095,4095,0,0,0.0,0.0,54612.5,HIGH,CENTER,CENTER,39.2,47.8,22.67,0.556,12.6,1500,34,0.0,0.0
2026-09-10 15:49:39,301595,-0.84257,-0.538587,258.779,35.606,258.779,35.606,4095,4095,4095,4095,0,0,0.0,0.0,54612.5,HIGH,CENTER,CENTER,39.2,47.8,20.71,0.349,7.23,1500,34,0.0,0.0
2026-09-10 15:49:40,302283,-0.842609,-0.538526,258.781,35.603,258.781,35.603,4095,4095,4095,4095,0,0,0.0,0.0,54612.5,HIGH,CENTER,CENTER,39.2,47.7,20.06,0.796,15.97,1500,34,0.0,0.0
2026-09-10 15:49:40,302967,-0.842609,-0.538526,258.782,35.601,258.782,35.601,4095,4095,4095,4095,0,0,0.0,0.0,54612.5,HIGH,CENTER,CENTER,39.2,47.7,22.11,1.014,22.42,1500,34,0.0,0.0
2026-09-10 15:49:41,303650,-0.842648,-0.538464,258.784,35.598,258.784,35.598,4095,4095,4095,4095,0,0,0.0,0.0,54612.5,HIGH,CENTER,CENTER,39.2,47.7,21.48,0.582,12.5,1500,34,0.0,0.0
2026-09-10 15:49:42,304338,-0.842687,-0.538403,258.785,35.595,258.785,35.595,4095,4095,4095,4095,0,0,0.0,0.0,54612.5,HIGH,CENTER,CENTER,39.2,47.5,22.43,0.332,7.45,1500,34,0.0,0.0
2026-09-10 15:49:43,305022,-0.842727,-0.538342,258.787,35.593,258.787,35.593,4095,4095,4095,4095,0,0,0.0,0.0,54612.5,HIGH,CENTER,CENTER,39.2,47.5,22.89,0.397,9.09,1500,34,0.0,0.0
2026-09-10 15:49:43,305705,-0.842727,-0.538342,258.788,35.59,258.788,35.59,4095,4095,4095,4095,0,0,0.0,0.0,54612.5,HIGH,CENTER,CENTER,39.2,47.5,20.22,0.437,8.84,1500,34,0.0,0.0
2026-09-10 15:49:44,306393,-0.842766,-0.538281,258.79,35.588,258.79,35.588,4095,4095,4095,4095,0,0,0.0,0.0,54612.5,HIGH,CENTER,CENTER,39.2,47.4,20.62,0.5,10.31,1500,34,0.0,0.0
2026-09-10 15:49:45,307076,-0.842805,-0.538219,258.791,35.585,258.791,35.585,4095,4095,4095,4095,0,0,0.0,0.0,54612.5,HIGH,CENTER,CENTER,39.2,47.4,22.79,0.843,19.21,1500,34,0.0,0.0
2026-09-10 15:49:45,307759,-0.842805,-0.538219,258.793,35.583,258.793,35.583,4095,4095,4095,4095,0,0,0.0,0.0,54612.5,HIGH,CENTER,CENTER,39.2,47.4,21.72,0.801,17.4,1500,34,0.0,0.0
2026-09-10 15:49:46,308447,-0.842844,-0.538158,258.794,35.58,258.794,35.58,4095,4095,4095,4095,0,0,0.0,0.0,54612.5,HIGH,CENTER,CENTER,39.2,47.4,23.65,0.896,21.19,1500,34,0.0,0.0
2026-09-10 15:49:47,309130,-0.842883,-0.538097,258.796,35.577,258.796,35.577,4095,4095,4095,4095,0,0,0.0,0.0,54612.5,HIGH,CENTER,CENTER,39.2,47.4,23.26,0.563,13.1,1500,34,0.0,0.0
2026-09-10 15:49:47,309813,-0.842883,-0.538097,258.797,35.575,258.797,35.575,4095,4095,4095,4095,0,0,0.0,0.0,54612.5,HIGH,CENTER,CENTER,39.2,47.4,24.23,1.024,24.81,1500,34,0.0,0.0
2026-09-10 15:49:48,310501,-0.842922,-0.538035,258.799,35.572,258.799,35.572,4095,4095,4095,4095,0,0,0.0,0.0,54612.5,HIGH,CENTER,CENTER,39.2,47.4,23.46,0.404,9.48,1500,34,0.0,0.0
2026-09-10 15:49:49,311184,-0.842961,-0.537974,258.8,35.57,258.8,35.57,4095,4095,4095,4095,0,0,0.0,0.0,54612.5,HIGH,CENTER,CENTER,39.2,47.4,22.15,0.669,14.82,1500,34,0.0,0.0
2026-09-10 15:49:49,311867,-0.842961,-0.537974,258.802,35.567,258.802,35.567,4095,4095,4095,4095,0,0,0.0,0.0,54612.5,HIGH,CENTER,CENTER,39.2,47.4,23.36,1.001,23.38,1500,34,0.0,0.0
2026-09-10 15:49:50,312555,-0.843,-0.537913,258.803,35.565,258.803,35.565,4095,4095,4095,4095,0,0,0.0,0.0,54612.5,HIGH,CENTER,CENTER,39.1,47.2,21.38,0.38,8.12,1500,34,0.0,0.0
2026-09-10 15:49:51,313239,-0.84304,-0.537851,258.805,35.562,258.805,35.562,4095,4095,4095,4095,0,0,0.0,0.0,54612.5,HIGH,CENTER,CENTER,39.1,47.2,21.53,0.31,6.67,1500,34,0.0,0.0
2026-09-10 15:49:51,313922,-0.84304,-0.537851,258.806,35.559,258.806,35.559,4095,4095,4095,4095,0,0,0.0,0.0,54612.5,HIGH,CENTER,CENTER,39.1,47.2,23.94,1.084,25.95,1500,34,0.0,0.0
2026-09-10 15:49:52,314610,-0.843079,-0.53779,258.808,35.557,258.808,35.557,4095,4095,4095,4095,0,0,0.0,0.0,54612.5,HIGH,CENTER,CENTER,39.1,47.1,22.23,0.543,12.07,1500,34,0.0,0.0
2026-09-10 15:49:53,315294,-0.843118,-0.537729,258.809,35.554,258.809,35.554,4095,4095,4095,4095,0,0,0.0,0.0,54612.5,HIGH,CENTER,CENTER,39.1,47.1,23.99,0.884,21.21,1500,34,0.0,0.0
2026-09-10 15:49:53,315977,-0.843118,-0.537729,258.811,35.552,258.811,35.552,4095,4095,4095,4095,0,0,0.0,0.0,54612.5,HIGH,CENTER,CENTER,39.1,47.1,24.11,0.225,5.42,1500,34,0.0,0.0
2026-09-10 15:49:54,316665,-0.843157,-0.537668,258.812,35.549,258.812,35.549,4095,4095,4095,4095,0,0,0.0,0.0,54612.5,HIGH,CENTER,CENTER,39.1,47.1,24.29,0.89,21.62,1500,34,0.0,0.0
2026-09-10 15:49:55,317349,-0.843196,-0.537606,258.814,35.547,258.814,35.547,4095,4095,4095,4095,0,0,0.0,0.0,54612.5,HIGH,CENTER,CENTER,39.1,47.1,24.58,0.516,12.68,1500,34,0.0,0.0
2026-09-10 15:49:56,318032,-0.843235,-0.537545,258.815,35.544,258.815,35.544,4095,4095,4095,4095,0,0,0.0,0.0,54612.5,HIGH,CENTER,CENTER,39.1,47.1,22.15,0.256,5.67,1500,34,0.0,0.0
2026-09-10 15:49:56,318720,-0.843235,-0.537545,258.817,35.541,258.817,35.541,4095,4095,4095,4095,0,0,0.0,0.0,54612.5,HIGH,CENTER,CENTER,39.1,47.2,21.59,0.81,17.49,1500,34,0.0,0.0
2026-09-10 15:49:57,319404,-0.843274,-0.537484,258.818,35.539,258.818,35.539,4095,4095,4095,4095,0,0,0.0,0.0,54612.5,HIGH,CENTER,CENTER,39.1,47.2,22.91,0.441,10.1,1500,34,0.0,0.0
2026-09-10 15:49:58,320087,-0.843313,-0.537422,258.82,35.536,258.82,35.536,4095,4095,4095,4095,0,0,0.0,0.0,54612.5,HIGH,CENTER,CENTER,39.1,47.2,21.86,0.587,12.83,1500,34,0.0,0.0
2026-09-10 15:49:58,320775,-0.843313,-0.537422,258.821,35.534,258.821,35.534,4095,4095,4095,4095,0,0,0.0,0.0,54612.5,HIGH,CENTER,CENTER,39.0,47.2,23.01,0.281,6.47,1500,34,0.0,0.0
2026-09-10 15:49:59,321458,-0.843352,-0.537361,258.823,35.531,258.823,35.531,4095,4095,4095,4095,0,0,0.0,0.0,54612.5,HIGH,CENTER,CENTER,39.0,47.2,23.53,0.347,8.16,1500,34,0.0,0.0
2026-09-10 15:50:00,322141,-0.843391,-0.5373,258.824,35.529,258.824,35.529,4095,4095,4095,4095,0,0,0.0,0.0,54612.5,HIGH,CENTER,CENTER,39.0,47.2,23.44,0.498,11.67,1500,34,0.0,0.0
2026-09-10 15:50:00,322829,-0.843391,-0.5373,258.826,35.526,258.826,35.526,4095,4095,4095,4095,0,0,0.0,0.0,54612.5,HIGH,CENTER,CENTER,39.0,47.6,21.87,0.29,6.34,1500,34,0.0,0.0
2026-09-10 15:50:01,323513,-0.843431,-0.537238,258.827,35.523,258.827,35.523,4095,4095,4095,4095,0,0,0.0,0.0,54612.5,HIGH,CENTER,CENTER,39.0,47.6,20.83,1.111,23.14,1500,34,0.0,0.0
2026-09-10 15:50:02,324196,-0.84347,-0.537177,258.828,35.521,258.828,35.521,4095,4095,4095,4095,0,0,0.0,0.0,54612.5,HIGH,CENTER,CENTER,39.0,47.6,22.15,0.206,4.56,1500,34,0.0,0.0
2026-09-10 15:50:02,324884,-0.84347,-0.537177,258.83,35.518,258.83,35.518,4095,4095,4095,4095,0,0,0.0,0.0,54612.5,HIGH,CENTER,CENTER,39.0,47.8,20.71,0.684,14.17,1500,34,0.0,0.0
2026-09-10 15:50:03,325568,-0.843509,-0.537116,258.831,35.516,258.831,35.516,4095,4095,4095,4095,0,0,0.0,0.0,54612.5,HIGH,CENTER,CENTER,39.0,47.8,24.45,0.323,7.9,1500,34,0.0,0.0
2026-09-10 15:50:04,326251,-0.843548,-0.537054,258.833,35.513,258.833,35.513,4095,4095,4095,4095,0,0,0.0,0.0,54612.5,HIGH,CENTER,CENTER,39.0,47.8,21.73,0.508,11.04,1500,34,0.0,0.0
2026-09-10 15:50:04,326939,-0.843548,-0.537054,258.834,35.511,258.834,35.511,4095,4095,4095,4095,0,0,0.0,0.0,54612.5,HIGH,CENTER,CENTER,39.0,47.6,20.77,1.126,23.39,1500,34,0.0,0.0
2026-09-10 15:50:05,327623,-0.843587,-0.536993,258.836,35.508,258.836,35.508,4095,4095,4095,4095,0,0,0.0,0.0,54612.5,HIGH,CENTER,CENTER,39.0,47.6,20.13,0.362,7.29,1500,34,0.0,0.0
2026-09-10 15:50:06,328306,-0.843626,-0.536932,258.837,35.505,258.837,35.505,4095,4095,4095,4095,0,0,0.0,0.0,54612.5,HIGH,CENTER,CENTER,39.0,47.6,23.23,1.166,27.09,1500,34,0.0,0.0
2026-09-10 15:50:07,328994,-0.843665,-0.53687,258.839,35.503,258.839,35.503,4095,4095,4095,4095,0,0,0.0,0.0,54612.5,HIGH,CENTER,CENTER,38.9,47.9,23.18,0.406,9.41,1500,34,0.0,0.0
2026-09-10 15:50:07,329678,-0.843665,-0.53687,258.84,35.5,258.84,35.5,4095,4095,4095,4095,0,0,0.0,0.0,54612.5,HIGH,CENTER,CENTER,38.9,47.9,21.7,0.942,20.44,1500,34,0.0,0.0
2026-09-10 15:50:08,330361,-0.843704,-0.536809,258.842,35.498,258.842,35.498,4095,4095,4095,4095,0,0,0.0,0.0,54612.5,HIGH,CENTER,CENTER,38.9,47.9,20.36,0.747,15.21,1500,34,0.0,0.0
2026-09-10 15:50:09,331049,-0.843743,-0.536747,258.843,35.495,258.843,35.495,4095,4095,4095,4095,0,0,0.0,0.0,54612.5,HIGH,CENTER,CENTER,38.9,47.9,22.05,1.084,23.9,1500,34,0.0,0.0
2026-09-10 15:50:09,331733,-0.843743,-0.536747,258.845,35.493,258.845,35.493,4095,4095,4095,4095,0,0,0.0,0.0,54612.5,HIGH,CENTER,CENTER,38.9,47.9,21.56,0.754,16.26,1500,34,0.0,0.0
2026-09-10 15:50:10,332416,-0.843782,-0.536686,258.846,35.49,258.846,35.49,4095,4095,4095,4095,0,0,0.0,0.0,54612.5,HIGH,CENTER,CENTER,38.9,47.9,23.39,0.735,17.19,1500,34,0.0,0.0
2026-09-10 15:50:11,333104,-0.843821,-0.536625,258.848,35.487,258.848,35.487,4095,4095,4095,4095,0,0,0.0,0.0,54612.5,HIGH,CENTER,CENTER,38.9,47.6,23.03,0.395,9.1,1500,34,0.0,0.0
2026-09-10 15:50:11,333788,-0.843821,-0.536625,258.849,35.485,258.849,35.485,4095,4095,4095,4095,0,0,0.0,0.0,54612.5,HIGH,CENTER,CENTER,38.9,47.6,21.82,0.366,7.99,1500,34,0.0,0.0
2026-09-10 15:50:12,334471,-0.84386,-0.536563,258.851,35.482,258.851,35.482,4095,4095,4095,4095,0,0,0.0,0.0,54612.5,HIGH,CENTER,CENTER,38.9,47.6,21.09,1.116,23.54,1500,34,0.0,0.0
2026-09-10 15:50:13,335159,-0.843899,-0.536502,258.852,35.48,258.852,35.48,4095,4095,4095,4095,0,0,0.0,0.0,54612.5,HIGH,CENTER,CENTER,38.8,47.4,24.94,0.528,13.17,1500,34,0.0,0.0
2026-09-10 15:50:13,335842,-0.843899,-0.536502,258.854,35.477,258.854,35.477,4095,4095,4095,4095,0,0,0.0,0.0,54612.5,HIGH,CENTER,CENTER,38.8,47.4,22.27,0.572,12.74,1500,34,0.0,0.0
2026-09-10 15:50:14,336525,-0.843938,-0.536441,258.855,35.474,258.855,35.474,4095,4095,4095,4095,0,0,0.0,0.0,54612.5,HIGH,CENTER,CENTER,38.8,47.4,23.44,0.96,22.5,1500,34,0.0,0.0
2026-09-10 15:50:15,337213,-0.843977,-0.536379,258.857,35.472,258.857,35.472,4095,4095,4095,4095,0,0,0.0,0.0,54612.5,HIGH,CENTER,CENTER,38.8,47.3,20.7,0.539,11.16,1500,34,0.0,0.0
2026-09-10 15:50:15,337897,-0.843977,-0.536379,258.858,35.469,258.858,35.469,4095,4095,4095,4095,0,0,0.0,0.0,54612.5,HIGH,CENTER,CENTER,38.8,47.3,22.43,1.152,25.84,1500,34,0.0,0.0
2026-09-10 15:50:16,338580,-0.844016,-0.536318,258.86,35.467,258.86,35.467,4095,4095,4095,4095,0,0,0.0,0.0,54612.5,HIGH,CENTER,CENTER,38.8,47.3,20.14,0.938,18.89,1500,34,0.0,0.0
2026-09-10 15:50:17,339268,-0.844055,-0.536257,258.861,35.464,258.861,35.464,4095,4095,4095,4095,0,0,0.0,0.0,54612.5,HIGH,CENTER,CENTER,38.8,47.2,22.53,0.797,17.96,1500,34,0.0,0.0
2026-09-10 15:50:17,339952,-0.844055,-0.536257,258.863,35.462,258.863,35.462,4095,4095,4095,4095,0,0,0.0,0.0,54612.5,HIGH,CENTER,CENTER,38.8,47.2,24.82,1.081,26.83,1500,34,0.0,0.0
2026-09-10 15:50:18,340635,-0.844094,-0.536195,258.864,35.459,258.864,35.459,4095,4095,4095,4095,0,0,0.0,0.0,54612.5,HIGH,CENTER,CENTER,38.8,47.2,21.92,0.25,5.48,1500,34,0.0,0.0
2026-09-10 15:50:19,341323,-0.844133,-0.536134,258.866,35.456,258.866,35.456,4095,4095,4095,4095,0,0,0.0,0.0,54612.5,HIGH,CENTER,CENTER,38.9,47.1,20.19,0.457,9.23,1500,34,0.0,0.0
2026-09-10 15:50:20,342007,-0.844172,-0.536072,258.867,35.454,258.867,35.454,4095,4095,4095,4095,0,0,0.0,0.0,54612.5,HIGH,CENTER,CENTER,38.9,47.1,20.15,0.665,13.4,1500,34,0.0,0.0
2026-09-10 15:50:20,342690,-0.844172,-0.536072,258.869,35.451,258.869,35.451,4095,4095,4095,4095,0,0,0.0,0.0,54612.5,HIGH,CENTER,CENTER,38.9,47.1,21.94,0.427,9.37,1500,34,0.0,0.0
2026-09-10 15:50:21,343378,-0.844211,-0.536011,258.87,35.449,258.87,35.449,4095,4095,4095,4095,0,0,0.0,0.0,54612.5,HIGH,CENTER,CENTER,38.8,47.1,20.8,0.944,19.64,1500,34,0.0,0.0
2026-09-10 15:50:22,344062,-0.84425,-0.53595,258.872,35.446,258.872,35.446,4095,4095,4095,4095,0,0,0.0,0.0,54612.5,HIGH,CENTER,CENTER,38.8,47.1,20.12,1.119,22.51,1500,34,0.0,0.0
2026-09-10 15:50:22,344745,-0.84425,-0.53595,258.873,35.444,258.873,35.444,4095,4095,4095,4095,0,0,0.0,0.0,54612.5,HIGH,CENTER,CENTER,38.8,47.1,23.78,0.624,14.84,1500,34,0.0,0.0
2026-09-10 15:50:23,345433,-0.844289,-0.535888,258.875,35.441,258.875,35.441,4095,4095,4095,4095,0,0,0.0,0.0,54612.5,HIGH,CENTER,CENTER,38.8,47.3,22.29,0.542,12.08,1500,34,0.0,0.0
2026-09-10 15:50:24,346117,-0.844328,-0.535827,258.876,35.438,258.876,35.438,4095,4095,4095,4095,0,0,0.0,0.0,54612.5,HIGH,CENTER,CENTER,38.8,47.3,21.45,1.162,24.92,1500,34,0.0,0.0
2026-09-10 15:50:24,346800,-0.844328,-0.535827,258.877,35.436,258.877,35.436,4095,4095,4095,4095,0,0,0.0,0.0,54612.5,HIGH,CENTER,CENTER,38.8,47.3,24.5,0.645,15.8,1500,34,0.0,0.0
2026-09-10 15:50:25,347488,-0.844367,-0.535765,258.879,35.433,258.879,35.433,4095,4095,4095,4095,0,0,0.0,0.0,54612.5,HIGH,CENTER,CENTER,38.7,47.2,20.58,0.689,14.18,1500,34,0.0,0.0
2026-09-10 15:50:26,348172,-0.844406,-0.535704,258.88,35.431,258.88,35.431,4095,4095,4095,4095,0,0,0.0,0.0,54612.5,HIGH,CENTER,CENTER,38.7,47.2,24.78,0.552,13.68,1500,34,0.0,0.0
2026-09-10 15:50:26,348855,-0.844406,-0.535704,258.882,35.428,258.882,35.428,4095,4095,4095,4095,0,0,0.0,0.0,54612.5,HIGH,CENTER,CENTER,38.7,47.2,21.57,1.11,23.94,1500,34,0.0,0.0
2026-09-10 15:50:27,349543,-0.844445,-0.535643,258.883,35.426,258.883,35.426,4095,4095,4095,4095,0,0,0.0,0.0,54612.5,HIGH,CENTER,CENTER,38.7,47.3,24.44,0.769,18.79,1500,34,0.0,0.0
2026-09-10 15:50:28,350227,-0.844484,-0.535581,258.885,35.423,258.885,35.423,4095,4095,4095,4095,0,0,0.0,0.0,54612.5,HIGH,CENTER,CENTER,38.7,47.3,23.01,0.962,22.14,1500,34,0.0,0.0
2026-09-10 15:50:28,350910,-0.844484,-0.535581,258.886,35.42,258.886,35.42,4095,4095,4095,4095,0,0,0.0,0.0,54612.5,HIGH,CENTER,CENTER,38.7,47.3,24.13,1.012,24.42,1500,34,0.0,0.0
2026-09-10 15:50:29,351598,-0.844523,-0.53552,258.888,35.418,258.888,35.418,4095,4095,4095,4095,0,0,0.0,0.0,54612.5,HIGH,CENTER,CENTER,38.7,47.3,24.92,0.542,13.51,1500,34,0.0,0.0
2026-09-10 15:50:30,352282,-0.844562,-0.535458,258.889,35.415,258.889,35.415,4095,4095,4095,4095,0,0,0.0,0.0,54612.5,HIGH,CENTER,CENTER,38.7,47.3,21.44,0.634,13.59,1500,34,0.0,0.0
2026-09-10 15:50:30,352965,-0.844562,-0.535458,258.891,35.413,258.891,35.413,4095,4095,4095,4095,0,0,0.0,0.0,54612.5,HIGH,CENTER,CENTER,38.7,47.3,24.81,1.048,26.0,1500,34,0.0,0.0
2026-09-10 15:50:31,353653,-0.844601,-0.535397,258.892,35.41,258.892,35.41,4095,4095,4095,4095,0,0,0.0,0.0,54612.5,HIGH,CENTER,CENTER,38.7,47.3,21.95,0.563,12.36,1500,34,0.0,0.0
2026-09-10 15:50:32,354337,-0.84464,-0.535335,258.894,35.408,258.894,35.408,4095,4095,4095,4095,0,0,0.0,0.0,54612.5,HIGH,CENTER,CENTER,38.7,47.3,21.93,0.994,21.8,1500,34,0.0,0.0
2026-09-10 15:50:33,355020,-0.844678,-0.535274,258.895,35.405,258.895,35.405,4095,4095,4095,4095,0,0,0.0,0.0,54612.5,HIGH,CENTER,CENTER,38.7,47.3,21.7,1.141,24.76,1500,34,0.0,0.0
2026-09-10 15:50:33,355708,-0.844678,-0.535274,258.897,35.402,258.897,35.402,4095,4095,4095,4095,0,0,0.0,0.0,54612.5,HIGH,CENTER,CENTER,38.7,47.2,22.71,0.823,18.69,1500,34,0.0,0.0
2026-09-10 15:50:34,356392,-0.844717,-0.535213,258.898,35.4,258.898,35.4,4095,4095,4095,4095,0,0,0.0,0.0,54612.5,HIGH,CENTER,CENTER,38.7,47.2,20.77,0.942,19.57,1500,34,0.0,0.0
2026-09-10 15:50:35,357075,-0.844756,-0.535151,258.9,35.397,258.9,35.397,4057,4095,4095,4095,0,-38,0.0,-0.004661,54612.5,HIGH,CENTER,CENTER,38.7,47.2,22.77,1.005,22.88,1500,34,0.0,-0.14
2026-09-10 15:50:35,357763,-0.844756,-0.535151,258.901,35.395,258.901,35.395,4095,4095,4095,4095,0,0,0.0,0.0,54612.5,HIGH,CENTER,CENTER,38.7,47.3,22.71,1.045,23.73,1500,34,0.0,0.0
2026-09-10 15:50:36,358447,-0.844795,-0.53509,258.903,35.392,258.903,35.392,4095,4095,4095,4095,0,0,0.0,0.0,54612.5,HIGH,CENTER,CENTER,38.7,47.3,23.81,0.595,14.17,1500,34,0.0,0.0
2026-09-10 15:50:37,359130,-0.844834,-0.535028,258.904,35.39,258.904,35.39,4095,4095,4095,4095,0,0,0.0,0.0,54612.5,HIGH,CENTER,CENTER,38.7,47.3,24.17,0.251,6.07,1500,34,0.0,0.0
2026-09-10 15:50:37,359818,-0.844834,-0.535028,258.906,35.387,258.906,35.387,4095,4095,4095,4095,0,0,0.0,0.0,54612.5,HIGH,CENTER,CENTER,38.7,47.5,22.2,0.602,13.36,1500,34,0.0,0.0
2026-09-10 15:50:38,360502,-0.844873,-0.534967,258.907,35.384,258.907,35.384,4095,4095,4095,4095,0,0,0.0,0.0,54612.5,HIGH,CENTER,CENTER,38.7,47.5,21.51,0.874,18.8,1500,34,0.0,0.0
2026-09-10 15:50:39,361185,-0.844912,-0.534905,258.909,35.382,258.909,35.382,4095,4095,4095,4095,0,0,0.0,0.0,54612.5,HIGH,CENTER,CENTER,38.7,47.5,21.3,0.65,13.84,1500,34,0.0,0.0
2026-09-10 15:50:39,361873,-0.844912,-0.534905,258.91,35.379,258.91,35.379,4095,4095,4095,4095,0,0,0.0,0.0,54612.5,HIGH,CENTER,CENTER,38.7,47.6,20.97,0.949,19.9,1500,34,0.0,0.0
2026-09-10 15:50:40,362557,-0.844951,-0.534844,258.912,35.377,258.912,35.377,4095,4095,4095,4095,0,0,0.0,0.0,54612.5,HIGH,CENTER,CENTER,38.7,47.6,20.29,0.557,11.3,1500,34,0.0,0.0
2026-09-10 15:50:41,363240,-0.84499,-0.534783,258.913,35.374,258.913,35.374,4095,4095,4095,4095,0,0,0.0,0.0,54612.5,HIGH,CENTER,CENTER,38.7,47.6,21.71,0.835,18.13,1500,34,0.0,0.0
2026-09-10 15:50:41,363928,-0.84499,-0.534783,258.915,35.371,258.915,35.371,4095,4095,4095,4095,0,0,0.0,0.0,54612.5,HIGH,CENTER,CENTER,38.7,47.6,21.35,0.386,8.24,1500,34,0.0,0.0
2026-09-10 15:50:42,364612,-0.845029,-0.534721,258.916,35.369,258.916,35.369,4095,4095,4095,4095,0,0,0.0,0.0,54612.5,HIGH,CENTER,CENTER,38.7,47.6,24.83,0.949,23.56,1500,34,0.0,0.0
2026-09-10 15:50:43,365295,-0.845067,-0.53466,258.918,35.366,258.918,35.366,4095,4095,4095,4095,0,0,0.0,0.0,54612.5,HIGH,CENTER,CENTER,38.7,47.6,22.79,0.746,17.0,1500,34,0.0,0.0
2026-09-10 15:50:43,365983,-0.845067,-0.53466,258.919,35.364,258.919,35.364,4095,4095,4095,4095,0,0,0.0,0.0,54612.5,HIGH,CENTER,CENTER,38.7,47.7,21.74,0.404,8.78,1500,34,0.0,0.0
2026-09-10 15:50:44,366667,-0.845106,-0.534598,258.92,35.361,258.92,35.361,4095,4095,4095,4095,0,0,0.0,0.0,54612.5,HIGH,CENTER,CENTER,38.7,47.7,22.9,0.492,11.27,1500,34,0.0,0.0
2026-09-10 15:50:45,367350,-0.845145,-0.534537,258.922,35.359,258.922,35.359,4060,4095,4095,4095,0,-35,0.0,-0.004292,54612.5,HIGH,CENTER,CENTER,38.7,47.7,20.7,0.949,19.64,1500,34,0.0,-0.129
2026-09-10 15:50:46,368038,-0.845184,-0.534475,258.923,35.356,258.923,35.356,4095,4095,4095,4095,0,0,0.0,0.0,54612.5,HIGH,CENTER,CENTER,38.7,48.0,22.22,0.683,15.18,1500,34,0.0,0.0
2026-09-10 15:50:46,368721,-0.845184,-0.534475,258.925,35.353,258.925,35.353,4095,4095,4095,4095,0,0,0.0,0.0,54612.5,HIGH,CENTER,CENTER,38.7,48.0,23.13,0.416,9.62,1500,34,0.0,0.0
2026-09-10 15:50:47,369404,-0.845223,-0.534414,258.926,35.351,258.926,35.351,4095,4095,4095,4095,0,0,0.0,0.0,54612.5,HIGH,CENTER,CENTER,38.7,48.0,22.44,1.167,26.19,1500,34,0.0,0.0
2026-09-10 15:50:48,370092,-0.845262,-0.534352,258.928,35.348,258.928,35.348,4095,4095,4095,4095,0,0,0.0,0.0,54612.5,HIGH,CENTER,CENTER,38.8,48.2,22.01,0.915,20.14,1500,34,0.0,0.0
2026-09-10 15:50:48,370775,-0.845262,-0.534352,258.929,35.346,258.929,35.346,4080,4095,4095,4095,0,-15,0.0,-0.001835,54612.5,HIGH,CENTER,CENTER,38.8,48.2,24.97,1.157,28.89,1500,34,0.0,-0.055
2026-09-10 15:50:49,371458,-0.845301,-0.534291,258.931,35.343,258.931,35.343,4095,4095,4095,4095,0,0,0.0,0.0,54612.5,HIGH,CENTER,CENTER,38.8,48.2,24.4,0.627,15.3,1500,34,0.0,0.0
2026-09-10 15:50:50,372146,-0.84534,-0.534229,258.932,35.341,258.932,35.341,4095,4095,4095,4095,0,0,0.0,0.0,54612.5,HIGH,CENTER,CENTER,38.8,48.3,23.12,0.675,15.61,1500,34,0.0,0.0
2026-09-10 15:50:50,372830,-0.84534,-0.534229,258.934,35.338,258.934,35.338,4095,4095,4095,4095,0,0,0.0,0.0,54612.5,HIGH,CENTER,CENTER,38.8,48.3,22.85,1.098,25.09,1500,34,0.0,0.0
2026-09-10 15:50:51,373513,-0.845378,-0.534168,258.935,35.335,258.935,35.335,4095,4095,4095,4095,0,0,0.0,0.0,54612.5,HIGH,CENTER,CENTER,38.8,48.3,23.1,0.725,16.75,1500,34,0.0,0.0
2026-09-10 15:50:52,374201,-0.845417,-0.534106,258.937,35.333,258.937,35.333,4095,4095,4095,4095,0,0,0.0,0.0,54612.5,HIGH,CENTER,CENTER,38.8,48.2,21.01,0.907,19.06,1500,34,0.0,0.0
2026-09-10 15:50:52,374884,-0.845417,-0.534106,258.938,35.33,258.938,35.33,4095,4095,4095,4095,0,0,0.0,0.0,54612.5,HIGH,CENTER,CENTER,38.8,48.2,21.98,0.452,9.93,1500,34,0.0,0.0
2026-09-10 15:50:53,375567,-0.845456,-0.534045,258.94,35.328,258.94,35.328,4095,4095,4095,4095,0,0,0.0,0.0,54612.5,HIGH,CENTER,CENTER,38.8,48.2,20.2,0.647,13.07,1500,34,0.0,0.0
2026-09-10 15:50:54,376255,-0.845495,-0.533983,258.941,35.325,258.941,35.325,4095,4095,4095,4095,0,0,0.0,0.0,54612.5,HIGH,CENTER,CENTER,38.8,48.4,22.38,0.323,7.23,1500,34,0.0,0.0
2026-09-10 15:50:54,376938,-0.845495,-0.533983,258.943,35.323,258.943,35.323,4095,4095,4095,4095,0,0,0.0,0.0,54612.5,HIGH,CENTER,CENTER,38.8,48.4,22.72,0.406,9.22,1500,34,0.0,0.0
2026-09-10 15:50:55,377621,-0.845534,-0.533922,258.944,35.32,258.944,35.32,4095,4095,4095,4095,0,0,0.0,0.0,54612.5,HIGH,CENTER,CENTER,38.8,48.4,21.14,0.201,4.25,1500,34,0.0,0.0
2026-09-10 15:50:56,378309,-0.845573,-0.533861,258.946,35.317,258.946,35.317,4095,4095,4095,4095,0,0,0.0,0.0,54612.5,HIGH,CENTER,CENTER,38.8,48.5,24.82,0.239,5.93,1500,34,0.0,0.0
2026-09-10 15:50:57,378993,-0.845611,-0.533799,258.947,35.315,258.947,35.315,4095,4095,4095,4095,0,0,0.0,0.0,54612.5,HIGH,CENTER,CENTER,38.8,48.5,24.55,1.177,28.9,1500,34,0.0,0.0
2026-09-10 15:50:57,379676,-0.845611,-0.533799,258.949,35.312,258.949,35.312,4095,4095,4095,4095,0,0,0.0,0.0,54612.5,HIGH,CENTER,CENTER,38.8,48.5,23.61,0.442,10.44,1500,34,0.0,0.0
2026-09-10 15:50:58,380364,-0.84565,-0.533738,258.95,35.31,258.95,35.31,4095,4095,4095,4095,0,0,0.0,0.0,54612.5,HIGH,CENTER,CENTER,38.7,48.3,22.67,0.863,19.56,1500,34,0.0,0.0
2026-09-10 15:50:59,381048,-0.845689,-0.533676,258.952,35.307,258.952,35.307,4095,4095,4095,4095,0,0,0.0,0.0,54612.5,HIGH,CENTER,CENTER,38.7,48.3,24.35,1.039,25.3,1500,34,0.0,0.0
2026-09-10 15:50:59,381731,-0.845689,-0.533676,258.953,35.305,258.953,35.305,4095,4095,4095,4095,0,0,0.0,0.0,54612.5,HIGH,CENTER,CENTER,38.7,48.3,20.65,0.751,15.51,1500,34,0.0,0.0
2026-09-10 15:51:00,382419,-0.845728,-0.533615,258.955,35.302,258.955,35.302,4095,4095,4095,4095,0,0,0.0,0.0,54612.5,HIGH,CENTER,CENTER,38.7,48.4,23.95,0.353,8.45,1500,34,0.0,0.0
2026-09-10 15:51:01,383103,-0.845767,-0.533553,258.956,35.299,258.956,35.299,4095,4095,4095,4095,0,0,0.0,0.0,54612.5,HIGH,CENTER,CENTER,38.7,48.4,20.62,0.928,19.14,1500,34,0.0,0.0
2026-09-10 15:51:01,383786,-0.845767,-0.533553,258.957,35.297,258.957,35.297,4095,4095,4095,4095,0,0,0.0,0.0,54612.5,HIGH,CENTER,CENTER,38.7,48.4,23.97,0.8,19.18,1500,34,0.0,0.0
2026-09-10 15:51:02,384474,-0.845805,-0.533492,258.959,35.294,258.959,35.294,4095,4095,4095,4095,0,0,0.0,0.0,54612.5,HIGH,CENTER,CENTER,38.7,48.3,21.38,0.931,19.9,1500,34,0.0,0.0
2026-09-10 15:51:03,385158,-0.845844,-0.53343,258.96,35.292,258.96,35.292,4095,4095,4095,4095,0,0,0.0,0.0,54612.5,HIGH,CENTER,CENTER,38.7,48.3,24.39,0.97,23.66,1500,34,0.0,0.0
2026-09-10 15:51:03,385841,-0.845844,-0.53343,258.962,35.289,258.962,35.289,4095,4095,4095,4095,0,0,0.0,0.0,54612.5,HIGH,CENTER,CENTER,38.7,48.3,24.72,1.175,29.05,1500,34,0.0,0.0
2026-09-10 15:51:04,386529,-0.845883,-0.533368,258.963,35.286,258.963,35.286,4095,4095,4095,4095,0,0,0.0,0.0,54612.5,HIGH,CENTER,CENTER,38.7,48.4,20.74,0.774,16.05,1500,34,0.0,0.0
2026-09-10 15:51:05,387213,-0.845922,-0.533307,258.965,35.284,258.965,35.284,4095,4095,4095,4095,0,0,0.0,0.0,54612.5,HIGH,CENTER,CENTER,38.7,48.4,22.31,0.542,12.09,1500,34,0.0,0.0
2026-09-10 15:51:05,387896,-0.845922,-0.533307,258.966,35.281,258.966,35.281,4095,4095,4095,4095,0,0,0.0,0.0,54612.5,HIGH,CENTER,CENTER,38.7,48.4,24.9,0.848,21.12,1500,34,0.0,0.0
2026-09-10 15:51:06,388584,-0.845961,-0.533245,258.968,35.279,258.968,35.279,4095,4095,4095,4095,0,0,0.0,0.0,54612.5,HIGH,CENTER,CENTER,38.6,48.5,22.42,0.268,6.01,1500,34,0.0,0.0
2026-09-10 15:51:07,389268,-0.845999,-0.533184,258.969,35.276,258.969,35.276,4095,4095,4095,4095,0,0,0.0,0.0,54612.5,HIGH,CENTER,CENTER,38.6,48.5,24.32,1.097,26.68,1500,34,0.0,0.0
2026-09-10 15:51:07,389951,-0.845999,-0.533184,258.971,35.274,258.971,35.274,4095,4095,4095,4095,0,0,0.0,0.0,54612.5,HIGH,CENTER,CENTER,38.6,48.5,22.94,0.319,7.32,1500,34,0.0,0.0
2026-09-10 15:51:08,390639,-0.846038,-0.533122,258.972,35.271,258.972,35.271,4095,4095,4095,4095,0,0,0.0,0.0,54612.5,HIGH,CENTER,CENTER,38.6,48.6,21.88,0.528,11.55,1500,34,0.0,0.0
2026-09-10 15:51:09,391323,-0.846077,-0.533061,258.974,35.268,258.974,35.268,4095,4095,4095,4095,0,0,0.0,0.0,54612.5,HIGH,CENTER,CENTER,38.6,48.6,21.43,1.016,21.77,1500,34,0.0,0.0
2026-09-10 15:51:10,392006,-0.846116,-0.532999,258.975,35.266,258.975,35.266,4095,4095,4095,4095,0,0,0.0,0.0,54612.5,HIGH,CENTER,CENTER,38.6,48.6,21.02,0.797,16.75,1500,34,0.0,0.0
2026-09-10 15:51:10,392694,-0.846116,-0.532999,258.977,35.263,258.977,35.263,4095,4095,4095,4095,0,0,0.0,0.0,54612.5,HIGH,CENTER,CENTER,38.6,48.4,23.81,0.594,14.14,1500,34,0.0,0.0
2026-09-10 15:51:11,393377,-0.846154,-0.532938,258.978,35.261,258.978,35.261,4095,4095,4095,4095,0,0,0.0,0.0,54612.5,HIGH,CENTER,CENTER,38.6,48.4,21.93,0.673,14.76,1500,34,0.0,0.0
2026-09-10 15:51:12,394060,-0.846193,-0.532876,258.98,35.258,258.98,35.258,4095,4095,4095,4095,0,0,0.0,0.0,54612.5,HIGH,CENTER,CENTER,38.6,48.4,22.56,1.055,23.8,1500,34,0.0,0.0
2026-09-10 15:51:12,394748,-0.846193,-0.532876,258.981,35.256,258.981,35.256,4095,4095,4095,4095,0,0,0.0,0.0,54612.5,HIGH,CENTER,CENTER,38.6,48.2,22.46,0.54,12.13,1500,34,0.0,0.0
2026-09-10 15:51:13,395431,-0.846232,-0.532815,258.983,35.253,258.983,35.253,4095,4095,4095,4095,0,0,0.0,0.0,54612.5,HIGH,CENTER,CENTER,38.6,48.2,22.89,1.07,24.49,1500,34,0.0,0.0
2026-09-10 15:51:14,396114,-0.846271,-0.532753,258.984,35.25,258.984,35.25,4095,4095,4095,4095,0,0,0.0,0.0,54612.5,HIGH,CENTER,CENTER,38.6,48.2,24.33,0.288,7.01,1500,34,0.0,0.0
2026-09-10 15:51:14,396802,-0.846271,-0.532753,258.986,35.248,258.986,35.248,4095,4095,4095,4095,0,0,0.0,0.0,54612.5,HIGH,CENTER,CENTER,38.5,48.2,24.9,0.977,24.33,1500,34,0.0,0.0
2026-09-10 15:51:15,397485,-0.846309,-0.532692,258.987,35.245,258.987,35.245,4095,4095,4095,4095,0,0,0.0,0.0,54612.5,HIGH,CENTER,CENTER,38.5,48.2,22.04,1.048,23.1,1500,34,0.0,0.0
2026-09-10 15:51:16,398168,-0.846348,-0.53263,258.989,35.243,258.989,35.243,4095,4095,4095,4095,0,0,0.0,0.0,54612.5,HIGH,CENTER,CENTER,38.5,48.2,24.14,0.382,9.22,1500,34,0.0,0.0
2026-09-10 15:51:16,398856,-0.846348,-0.53263,258.99,35.24,258.99,35.24,4095,4095,4095,4095,0,0,0.0,0.0,54612.5,HIGH,CENTER,CENTER,38.5,48.1,23.82,0.63,15.01,1500,34,0.0,0.0
2026-09-10 15:51:17,399539,-0.846387,-0.532569,258.991,35.238,258.991,35.238,4095,4095,4095,4095,0,0,0.0,0.0,54612.5,HIGH,CENTER,CENTER,38.5,48.1,22.87,0.365,8.35,1500,34,0.0,0.0
2026-09-10 15:51:18,400222,-0.846426,-0.532507,258.993,35.235,258.993,35.235,4095,4095,4095,4095,0,0,0.0,0.0,54612.5,HIGH,CENTER,CENTER,38.5,48.1,24.78,0.907,22.48,1500,34,0.0,0.0
2026-09-10 15:51:18,400910,-0.846426,-0.532507,258.994,35.232,258.994,35.232,4095,4095,4095,4095,0,0,0.0,0.0,54612.5,HIGH,CENTER,CENTER,38.5,48.0,21.0,0.735,15.44,1500,34,0.0,0.0
2026-09-10 15:51:19,401593,-0.846464,-0.532445,258.996,35.23,258.996,35.23,4095,4095,4095,4095,0,0,0.0,0.0,54612.5,HIGH,CENTER,CENTER,38.5,48.0,20.55,0.835,17.16,1500,34,0.0,0.0
2026-09-10 15:51:20,402276,-0.846503,-0.532384,258.997,35.227,258.997,35.227,4095,4095,4095,4095,0,0,0.0,0.0,54612.5,HIGH,CENTER,CENTER,38.5,48.0,24.27,0.396,9.61,1500,34,0.0,0.0
2026-09-10 15:51:20,402964,-0.846503,-0.532384,258.999,35.225,258.999,35.225,4095,4095,4095,4095,0,0,0.0,0.0,54612.5,HIGH,CENTER,CENTER,38.5,47.9,22.2,0.412,9.15,1500,34,0.0,0.0
2026-09-10 15:51:21,403648,-0.846542,-0.532322,259.0,35.222,259.0,35.222,4095,4095,4095,4095,0,0,0.0,0.0,54612.5,HIGH,CENTER,CENTER,38.5,47.9,24.23,0.241,5.84,1500,34,0.0,0.0
2026-09-10 15:51:22,404331,-0.84658,-0.532261,259.002,35.22,259.002,35.22,4095,4095,4095,4095,0,0,0.0,0.0,54612.5,HIGH,CENTER,CENTER,38.5,47.9,24.47,0.522,12.77,1500,34,0.0,0.0
2026-09-10 15:51:23,405019,-0.846619,-0.532199,259.003,35.217,259.003,35.217,4095,4095,4095,4095,0,0,0.0,0.0,54612.5,HIGH,CENTER,CENTER,38.5,48.1,20.31,0.76,15.44,1500,34,0.0,0.0
2026-09-10 15:51:23,405702,-0.846619,-0.532199,259.005,35.214,259.005,35.214,4095,4095,4095,4095,0,0,0.0,0.0,54612.5,HIGH,CENTER,CENTER,38.5,48.1,24.42,1.058,25.84,1500,34,0.0,0.0
2026-09-10 15:51:24,406385,-0.846658,-0.532138,259.006,35.212,259.006,35.212,4095,4095,4095,4095,0,0,0.0,0.0,54612.5,HIGH,CENTER,CENTER,38.5,48.1,22.24,0.867,19.28,1500,34,0.0,0.0
2026-09-10 15:51:25,407073,-0.846697,-0.532076,259.008,35.209,259.008,35.209,4095,4095,4095,4095,0,0,0.0,0.0,54612.5,HIGH,CENTER,CENTER,38.6,48.2,22.55,0.635,14.32,1500,34,0.0,0.0
2026-09-10 15:51:25,407756,-0.846697,-0.532076,259.009,35.207,259.009,35.207,4095,4095,4095,4095,0,0,0.0,0.0,54612.5,HIGH,CENTER,CENTER,38.6,48.2,23.13,1.153,26.67,1500,34,0.0,0.0
2026-09-10 15:51:26,408439,-0.846735,-0.532014,259.011,35.204,259.011,35.204,4095,4095,4095,4095,0,0,0.0,0.0,54612.5,HIGH,CENTER,CENTER,38.6,48.2,24.63,0.919,22.63,1500,34,0.0,0.0
2026-09-10 15:51:27,409127,-0.846774,-0.531953,259.012,35.202,259.012,35.202,4095,4095,4095,4095,0,0,0.0,0.0,54612.5,HIGH,CENTER,CENTER,38.6,48.2,20.1,1.13,22.71,1500,34,0.0,0.0
2026-09-10 15:51:27,409810,-0.846774,-0.531953,259.014,35.199,259.014,35.199,4095,4095,4095,4095,0,0,0.0,0.0,54612.5,HIGH,CENTER,CENTER,38.6,48.2,22.38,0.728,16.29,1500,34,0.0,0.0
2026-09-10 15:51:28,410493,-0.846813,-0.531891,259.015,35.196,259.015,35.196,4095,4095,4095,4095,0,0,0.0,0.0,54612.5,HIGH,CENTER,CENTER,38.6,48.2,23.44,0.459,10.76,1500,34,0.0,0.0
2026-09-10 15:51:29,411181,-0.846851,-0.53183,259.017,35.194,259.017,35.194,4095,4095,4095,4095,0,0,0.0,0.0,54612.5,HIGH,CENTER,CENTER,38.6,48.0,23.61,0.253,5.97,1500,34,0.0,0.0
2026-09-10 15:51:29,411864,-0.846851,-0.53183,259.018,35.191,259.018,35.191,4095,4095,4095,4095,0,0,0.0,0.0,54612.5,HIGH,CENTER,CENTER,38.6,48.0,23.46,0.926,21.72,1500,34,0.0,0.0
2026-09-10 15:51:30,412547,-0.84689,-0.531768,259.02,35.189,259.02,35.189,4095,4095,4095,4095,0,0,0.0,0.0,54612.5,HIGH,CENTER,CENTER,38.6,48.0,20.67,0.321,6.64,1500,34,0.0,0.0
2026-09-10 15:51:31,413235,-0.846929,-0.531707,259.021,35.186,259.021,35.186,4095,4095,4095,4095,0,0,0.0,0.0,54612.5,HIGH,CENTER,CENTER,38.6,47.9,21.5,0.503,10.81,1500,34,0.0,0.0
2026-09-10 15:51:31,413919,-0.846929,-0.531707,259.022,35.183,259.022,35.183,4095,4095,4095,4095,0,0,0.0,0.0,54612.5,HIGH,CENTER,CENTER,38.6,47.9,21.79,0.732,15.95,1500,34,0.0,0.0
2026-09-10 15:51:32,414602,-0.846967,-0.531645,259.024,35.181,259.024,35.181,4095,4095,4095,4095,0,0,0.0,0.0,54612.5,HIGH,CENTER,CENTER,38.6,47.9,24.02,0.764,18.35,1500,34,0.0,0.0
2026-09-10 15:51:33,415290,-0.847006,-0.531583,259.025,35.178,259.025,35.178,4095,4095,4095,4095,0,0,0.0,0.0,54612.5,HIGH,CENTER,CENTER,38.6,47.8,21.39,0.801,17.13,1500,34,0.0,0.0
2026-09-10 15:51:33,415974,-0.847006,-0.531583,259.027,35.176,259.027,35.176,4095,4095,4095,4095,0,0,0.0,0.0,54612.5,HIGH,CENTER,CENTER,38.6,47.8,21.05,0.366,7.7,1500,34,0.0,0.0
2026-09-10 15:51:34,416657,-0.847045,-0.531522,259.028,35.173,259.028,35.173,4095,4095,4095,4095,0,0,0.0,0.0,54612.5,HIGH,CENTER,CENTER,38.6,47.8,24.79,0.58,14.38,1500,34,0.0,0.0
2026-09-10 15:51:35,417345,-0.847083,-0.53146,259.03,35.171,259.03,35.171,4095,4095,4095,4095,0,0,0.0,0.0,54612.5,HIGH,CENTER,CENTER,38.6,47.9,20.04,0.817,16.37,1500,34,0.0,0.0
2026-09-10 15:51:36,418029,-0.847122,-0.531399,259.031,35.168,259.031,35.168,4095,4095,4095,4095,0,0,0.0,0.0,54612.5,HIGH,CENTER,CENTER,38.6,47.9,24.99,1.17,29.24,1500,34,0.0,0.0
2026-09-10 15:51:36,418712,-0.847122,-0.531399,259.033,35.165,259.033,35.165,4095,4095,4095,4095,0,0,0.0,0.0,54612.5,HIGH,CENTER,CENTER,38.6,47.9,23.38,0.928,21.7,1500,34,0.0,0.0
2026-09-10 15:51:37,419400,-0.847161,-0.531337,259.034,35.163,259.034,35.163,4095,4095,4095,4095,0,0,0.0,0.0,54612.5,HIGH,CENTER,CENTER,38.7,47.9,24.14,1.123,27.11,1500,34,0.0,0.0
2026-09-10 15:51:38,420084,-0.847199,-0.531275,259.036,35.16,259.036,35.16,4095,4095,4095,4095,0,0,0.0,0.0,54612.5,HIGH,CENTER,CENTER,38.7,47.9,21.47,0.962,20.65,1500,34,0.0,0.0
2026-09-10 15:51:38,420767,-0.847199,-0.531275,259.037,35.158,259.037,35.158,4095,4095,4095,4095,0,0,0.0,0.0,54612.5,HIGH,CENTER,CENTER,38.7,47.9,20.07,0.792,15.9,1500,34,0.0,0.0
2026-09-10 15:51:39,421455,-0.847238,-0.531214,259.039,35.155,259.039,35.155,4095,4095,4095,4095,0,0,0.0,0.0,54612.5,HIGH,CENTER,CENTER,38.7,47.9,23.69,0.392,9.29,1500,34,0.0,0.0
2026-09-10 15:51:40,422139,-0.847276,-0.531152,259.04,35.153,259.04,35.153,4095,4095,4095,4095,0,0,0.0,0.0,54612.5,HIGH,CENTER,CENTER,38.7,47.9,24.17,0.867,20.96,1500,34,0.0,0.0
2026-09-10 15:51:40,422822,-0.847276,-0.531152,259.042,35.15,259.042,35.15,4095,4095,4095,4095,0,0,0.0,0.0,54612.5,HIGH,CENTER,CENTER,38.7,47.9,23.7,0.823,19.51,1500,34,0.0,0.0
2026-09-10 15:51:41,423510,-0.847315,-0.531091,259.043,35.147,259.043,35.147,4095,4095,4095,4095,0,0,0.0,0.0,54612.5,HIGH,CENTER,CENTER,38.7,48.0,20.71,0.802,16.61,1500,34,0.0,0.0
2026-09-10 15:51:42,424193,-0.847354,-0.531029,259.045,35.145,259.045,35.145,4095,4095,4095,4095,0,0,0.0,0.0,54612.5,HIGH,CENTER,CENTER,38.7,48.0,23.77,0.69,16.4,1500,34,0.0,0.0
2026-09-10 15:51:42,424876,-0.847354,-0.531029,259.046,35.142,259.046,35.142,4095,4095,4095,4095,0,0,0.0,0.0,54612.5,HIGH,CENTER,CENTER,38.7,48.0,23.84,0.729,17.38,1500,34,0.0,0.0
2026-09-10 15:51:43,425564,-0.847392,-0.530967,259.048,35.14,259.048,35.14,4095,4095,4095,4095,0,0,0.0,0.0,54612.5,HIGH,CENTER,CENTER,38.7,48.1,23.29,0.534,12.44,1500,34,0.0,0.0
2026-09-10 15:51:44,426248,-0.847431,-0.530906,259.049,35.137,259.049,35.137,4095,4095,4095,4095,0,0,0.0,0.0,54612.5,HIGH,CENTER,CENTER,38.7,48.1,23.83,0.719,17.13,1500,34,0.0,0.0
2026-09-10 15:51:44,426931,-0.847431,-0.530906,259.05,35.135,259.05,35.135,4095,4095,4095,4095,0,0,0.0,0.0,54612.5,HIGH,CENTER,CENTER,38.7,48.1,24.23,0.398,9.64,1500,34,0.0,0.0
2026-09-10 15:51:45,427619,-0.84747,-0.530844,259.052,35.132,259.052,35.132,4095,4095,4095,4095,0,0,0.0,0.0,54612.5,HIGH,CENTER,CENTER,38.7,48.5,23.07,1.005,23.19,1500,34,0.0,0.0
2026-09-10 15:51:46,428303,-0.847508,-0.530782,259.053,35.129,259.053,35.129,4095,4095,4095,4095,0,0,0.0,0.0,54612.5,HIGH,CENTER,CENTER,38.7,48.5,20.44,0.386,7.89,1500,34,0.0,0.0
2026-09-10 15:51:46,428986,-0.847508,-0.530782,259.055,35.127,259.055,35.127,4095,4095,4095,4095,0,0,0.0,0.0,54612.5,HIGH,CENTER,CENTER,38.7,48.5,22.44,0.285,6.4,1500,34,0.0,0.0
2026-09-10 15:51:47,429674,-0.847547,-0.530721,259.056,35.124,259.056,35.124,4095,4095,4095,4095,0,0,0.0,0.0,54612.5,HIGH,CENTER,CENTER,38.6,48.6,20.39,0.636,12.97,1500,34,0.0,0.0
2026-09-10 15:51:48,430358,-0.847585,-0.530659,259.058,35.122,259.058,35.122,4095,4095,4095,4095,0,0,0.0,0.0,54612.5,HIGH,CENTER,CENTER,38.6,48.6,22.04,0.858,18.91,1500,34,0.0,0.0
2026-09-10 15:51:49,431041,-0.847624,-0.530597,259.059,35.119,259.059,35.119,4095,4095,4095,4095,0,0,0.0,0.0,54612.5,HIGH,CENTER,CENTER,38.6,48.6,22.04,0.638,14.06,1500,34,0.0,0.0
2026-09-10 15:51:49,431729,-0.847624,-0.530597,259.061,35.117,259.061,35.117,4095,4095,4095,4095,0,0,0.0,0.0,54612.5,HIGH,CENTER,CENTER,38.6,48.5,20.33,0.477,9.7,1500,34,0.0,0.0
2026-09-10 15:51:50,432413,-0.847663,-0.530536,259.062,35.114,259.062,35.114,4095,4095,4095,4095,0,0,0.0,0.0,54612.5,HIGH,CENTER,CENTER,38.6,48.5,21.74,0.758,16.48,1500,34,0.0,0.0
2026-09-10 15:51:51,433096,-0.847701,-0.530474,259.064,35.111,259.064,35.111,4095,4095,4095,4095,0,0,0.0,0.0,54612.5,HIGH,CENTER,CENTER,38.6,48.5,20.55,0.547,11.24,1500,34,0.0,0.0
2026-09-10 15:51:51,433784,-0.847701,-0.530474,259.065,35.109,259.065,35.109,4095,4095,4095,4095,0,0,0.0,0.0,54612.5,HIGH,CENTER,CENTER,38.6,48.8,24.04,1.133,27.24,1500,34,0.0,0.0
2026-09-10 15:51:52,434467,-0.84774,-0.530413,259.067,35.106,259.067,35.106,4095,4095,4095,4095,0,0,0.0,0.0,54612.5,HIGH,CENTER,CENTER,38.6,48.8,24.74,1.123,27.78,1500,34,0.0,0.0
2026-09-10 15:51:53,435150,-0.847778,-0.530351,259.068,35.104,259.068,35.104,4095,4095,4095,4095,0,0,0.0,0.0,54612.5,HIGH,CENTER,CENTER,38.6,48.8,20.36,0.702,14.29,1500,34,0.0,0.0
2026-09-10 15:51:53,435838,-0.847778,-0.530351,259.07,35.101,259.07,35.101,4095,4095,4095,4095,0,0,0.0,0.0,54612.5,HIGH,CENTER,CENTER,38.6,49.0,24.78,0.528,13.08,1500,34,0.0,0.0
2026-09-10 15:51:54,436522,-0.847817,-0.530289,259.071,35.098,259.071,35.098,4095,4095,4095,4095,0,0,0.0,0.0,54612.5,HIGH,CENTER,CENTER,38.6,49.0,22.61,0.937,21.19,1500,34,0.0,0.0
2026-09-10 15:51:55,437205,-0.847855,-0.530228,259.073,35.096,259.073,35.096,4095,4095,4095,4095,0,0,0.0,0.0,54612.5,HIGH,CENTER,CENTER,38.6,49.0,21.5,0.237,5.1,1500,34,0.0,0.0
2026-09-10 15:51:55,437893,-0.847855,-0.530228,259.074,35.093,259.074,35.093,4095,4095,4095,4095,0,0,0.0,0.0,54612.5,HIGH,CENTER,CENTER,38.6,49.1,20.38,0.675,13.76,1500,34,0.0,0.0
2026-09-10 15:51:56,438577,-0.847894,-0.530166,259.076,35.091,259.076,35.091,4095,4095,4095,4095,0,0,0.0,0.0,54612.5,HIGH,CENTER,CENTER,38.6,49.1,22.5,0.536,12.06,1500,34,0.0,0.0
2026-09-10 15:51:57,439260,-0.847932,-0.530104,259.077,35.088,259.077,35.088,4095,4095,4095,4095,0,0,0.0,0.0,54612.5,HIGH,CENTER,CENTER,38.6,49.1,23.97,1.121,26.87,1500,34,0.0,0.0
2026-09-10 15:51:57,439948,-0.847932,-0.530104,259.078,35.086,259.078,35.086,4095,4095,4095,4095,0,0,0.0,0.0,54612.5,HIGH,CENTER,CENTER,38.6,49.1,23.54,0.212,4.99,1500,34,0.0,0.0
2026-09-10 15:51:58,440632,-0.847971,-0.530043,259.08,35.083,259.08,35.083,4095,4095,4095,4095,0,0,0.0,0.0,54612.5,HIGH,CENTER,CENTER,38.6,49.1,20.25,0.753,15.25,1500,34,0.0,0.0
2026-09-10 15:51:59,441315,-0.84801,-0.529981,259.081,35.08,259.081,35.08,4095,4095,4095,4095,0,0,0.0,0.0,54612.5,HIGH,CENTER,CENTER,38.6,49.1,20.36,0.941,19.16,1500,34,0.0,0.0
2026-09-10 15:52:00,442003,-0.848048,-0.529919,259.083,35.078,259.083,35.078,4095,4095,4095,4095,0,0,0.0,0.0,54612.5,HIGH,CENTER,CENTER,38.6,49.0,22.01,0.685,15.08,1500,34,0.0,0.0
2026-09-10 15:52:00,442687,-0.848048,-0.529919,259.084,35.075,259.084,35.075,4095,4095,4095,4095,0,0,0.0,0.0,54612.5,HIGH,CENTER,CENTER,38.6,49.0,21.48,0.285,6.12,1500,34,0.0,0.0
2026-09-10 15:52:01,443370,-0.848087,-0.529858,259.086,35.073,259.086,35.073,4095,4095,4095,4095,0,0,0.0,0.0,54612.5,HIGH,CENTER,CENTER,38.6,49.0,21.16,1.172,24.8,1500,34,0.0,0.0
2026-09-10 15:52:02,444058,-0.848125,-0.529796,259.087,35.07,259.087,35.07,4095,4095,4095,4095,0,0,0.0,0.0,54612.5,HIGH,CENTER,CENTER,38.6,48.7,21.41,0.718,15.37,1500,34,0.0,0.0
2026-09-10 15:52:02,444742,-0.848125,-0.529796,259.089,35.068,259.089,35.068,4095,4095,4095,4095,0,0,0.0,0.0,54612.5,HIGH,CENTER,CENTER,38.6,48.7,24.02,0.814,19.55,1500,34,0.0,0.0
2026-09-10 15:52:03,445425,-0.848164,-0.529734,259.09,35.065,259.09,35.065,4095,4095,4095,4095,0,0,0.0,0.0,54612.5,HIGH,CENTER,CENTER,38.6,48.7,24.65,0.437,10.77,1500,34,0.0,0.0
2026-09-10 15:52:04,446113,-0.848202,-0.529673,259.092,35.062,259.092,35.062,4095,4095,4095,4095,0,0,0.0,0.0,54612.5,HIGH,CENTER,CENTER,38.6,48.7,22.03,0.683,15.05,1500,34,0.0,0.0
2026-09-10 15:52:04,446797,-0.848202,-0.529673,259.093,35.06,259.093,35.06,4095,4095,4095,4095,0,0,0.0,0.0,54612.5,HIGH,CENTER,CENTER,38.6,48.7,24.53,0.629,15.43,1500,34,0.0,0.0
2026-09-10 15:52:05,447480,-0.848241,-0.529611,259.095,35.057,259.095,35.057,4095,4095,4095,4095,0,0,0.0,0.0,54612.5,HIGH,CENTER,CENTER,38.6,48.7,21.61,0.275,5.94,1500,34,0.0,0.0
2026-09-10 15:52:06,448168,-0.848279,-0.529549,259.096,35.055,259.096,35.055,4095,4095,4095,4095,0,0,0.0,0.0,54612.5,HIGH,CENTER,CENTER,38.6,48.6,22.38,0.306,6.85,1500,34,0.0,0.0
2026-09-10 15:52:06,448852,-0.848279,-0.529549,259.098,35.052,259.098,35.052,4095,4095,4095,4095,0,0,0.0,0.0,54612.5,HIGH,CENTER,CENTER,38.6,48.6,21.13,1.037,21.91,1500,34,0.0,0.0
2026-09-10 15:52:07,449535,-0.848318,-0.529487,259.099,35.05,259.099,35.05,4095,4095,4095,4095,0,0,0.0,0.0,54612.5,HIGH,CENTER,CENTER,38.6,48.6,23.2,0.44,10.21,1500,34,0.0,0.0
2026-09-10 15:52:08,450223,-0.848356,-0.529426,259.101,35.047,259.101,35.047,4095,4095,4095,4095,0,0,0.0,0.0,54612.5,HIGH,CENTER,CENTER,38.7,48.4,24.89,0.395,9.83,1500,34,0.0,0.0
2026-09-10 15:52:08,450907,-0.848356,-0.529426,259.102,35.044,259.102,35.044,4095,4095,4095,4095,0,0,0.0,0.0,54612.5,HIGH,CENTER,CENTER,38.7,48.4,23.02,0.705,16.23,1500,34,0.0,0.0
2026-09-10 15:52:09,451590,-0.848395,-0.529364,259.104,35.042,259.104,35.042,4095,4095,4095,4095,0,0,0.0,0.0,54612.5,HIGH,CENTER,CENTER,38.7,48.4,21.79,0.969,21.11,1500,34,0.0,0.0
2026-09-10 15:52:10,452278,-0.848433,-0.529302,259.105,35.039,259.105,35.039,4051,4095,4095,4095,0,-44,0.0,-0.005401,54612.5,HIGH,CENTER,CENTER,38.7,48.3,23.24,0.262,6.09,1500,34,0.0,-0.162
2026-09-10 15:52:10,452962,-0.848433,-0.529302,259.106,35.037,259.106,35.037,4095,4095,4095,4095,0,0,0.0,0.0,54612.5,HIGH,CENTER,CENTER,38.7,48.3,20.61,0.777,16.01,1500,34,0.0,0.0
2026-09-10 15:52:11,453645,-0.848472,-0.529241,259.108,35.034,259.108,35.034,4095,4095,4095,4095,0,0,0.0,0.0,54612.5,HIGH,CENTER,CENTER,38.7,48.3,24.44,0.319,7.8,1500,34,0.0,0.0
2026-09-10 15:52:12,454333,-0.84851,-0.529179,259.109,35.031,259.109,35.031,4095,4095,4095,4095,0,0,0.0,0.0,54612.5,HIGH,CENTER,CENTER,38.7,48.3,22.52,0.236,5.31,1500,34,0.0,0.0
2026-09-10 15:52:13,455017,-0.848549,-0.529117,259.111,35.029,259.111,35.029,4095,4095,4095,4095,0,0,0.0,0.0,54612.5,HIGH,CENTER,CENTER,38.7,48.3,22.25,0.253,5.63,1500,34,0.0,0.0
2026-09-10 15:52:13,455700,-0.848549,-0.529117,259.112,35.026,259.112,35.026,4095,4095,4095,4095,0,0,0.0,0.0,54612.5,HIGH,CENTER,CENTER,38.7,48.3,22.93,1.034,23.71,1500,34,0.0,0.0
2026-09-10 15:52:14,456388,-0.848587,-0.529056,259.114,35.024,259.114,35.024,4095,4095,4095,4095,0,0,0.0,0.0,54612.5,HIGH,CENTER,CENTER,38.7,48.5,23.12,0.318,7.35,1500,34,0.0,0.0
2026-09-10 15:52:15,457072,-0.848626,-0.528994,259.115,35.021,259.115,35.021,4095,4095,4095,4095,0,0,0.0,0.0,54612.5,HIGH,CENTER,CENTER,38.7,48.5,20.36,0.245,4.99,1500,34,0.0,0.0
2026-09-10 15:52:15,457755,-0.848626,-0.528994,259.117,35.019,259.117,35.019,4095,4095,4095,4095,0,0,0.0,0.0,54612.5,HIGH,CENTER,CENTER,38.7,48.5,23.41,0.638,14.94,1500,34,0.0,0.0
2026-09-10 15:52:16,458443,-0.848664,-0.528932,259.118,35.016,259.118,35.016,4095,4095,4095,4095,0,0,0.0,0.0,54612.5,HIGH,CENTER,CENTER,38.8,48.6,21.21,1.044,22.14,1500,34,0.0,0.0
2026-09-10 15:52:17,459127,-0.848703,-0.52887,259.12,35.013,259.12,35.013,4095,4095,4095,4095,0,0,0.0,0.0,54612.5,HIGH,CENTER,CENTER,38.8,48.6,23.57,0.462,10.89,1500,34,0.0,0.0
2026-09-10 15:52:17,459810,-0.848703,-0.52887,259.121,35.011,259.121,35.011,4095,4095,4095,4095,0,0,0.0,0.0,54612.5,HIGH,CENTER,CENTER,38.8,48.6,24.11,0.622,15.0,1500,34,0.0,0.0
2026-09-10 15:52:18,460498,-0.848741,-0.528809,259.123,35.008,259.123,35.008,4095,4095,4095,4095,0,0,0.0,0.0,54612.5,HIGH,CENTER,CENTER,38.7,48.3,24.02,0.24,5.76,1500,34,0.0,0.0
2026-09-10 15:52:19,461182,-0.848779,-0.528747,259.124,35.006,259.124,35.006,4095,4095,4095,4095,0,0,0.0,0.0,54612.5,HIGH,CENTER,CENTER,38.7,48.3,22.76,0.649,14.77,1500,34,0.0,0.0
2026-09-10 15:52:19,461865,-0.848779,-0.528747,259.126,35.003,259.126,35.003,4095,4095,4095,4095,0,0,0.0,0.0,54612.5,HIGH,CENTER,CENTER,38.7,48.3,22.6,0.778,17.58,1500,34,0.0,0.0
2026-09-10 15:52:20,462553,-0.848818,-0.528685,259.127,35.001,259.127,35.001,4095,4095,4095,4095,0,0,0.0,0.0,54612.5,HIGH,CENTER,CENTER,38.7,48.2,20.71,0.771,15.97,1500,34,0.0,0.0
2026-09-10 15:52:21,463237,-0.848856,-0.528624,259.129,34.998,259.129,34.998,4095,4095,4095,4095,0,0,0.0,0.0,54612.5,HIGH,CENTER,CENTER,38.7,48.2,23.88,0.532,12.7,1500,34,0.0,0.0
2026-09-10 15:52:21,463920,-0.848856,-0.528624,259.13,34.995,259.13,34.995,4095,4095,4095,4095,0,0,0.0,0.0,54612.5,HIGH,CENTER,CENTER,38.7,48.2,21.36,0.516,11.02,1500,34,0.0,0.0
2026-09-10 15:52:22,464608,-0.848895,-0.528562,259.131,34.993,259.131,34.993,4095,4095,4095,4095,0,0,0.0,0.0,54612.5,HIGH,CENTER,CENTER,38.7,48.0,22.48,0.307,6.9,1500,34,0.0,0.0
2026-09-10 15:52:23,465291,-0.848933,-0.5285,259.133,34.99,259.133,34.99,4095,4095,4095,4095,0,0,0.0,0.0,54612.5,HIGH,CENTER,CENTER,38.7,48.0,21.42,0.567,12.15,1500,34,0.0,0.0
2026-09-10 15:52:23,465974,-0.848933,-0.5285,259.134,34.988,259.134,34.988,4095,4095,4095,4095,0,0,0.0,0.0,54612.5,HIGH,CENTER,CENTER,38.7,48.0,20.67,0.299,6.18,1500,34,0.0,0.0
2026-09-10 15:52:24,466662,-0.848972,-0.528438,259.136,34.985,259.136,34.985,4095,4095,4095,4095,0,0,0.0,0.0,54612.5,HIGH,CENTER,CENTER,38.7,47.9,23.15,0.967,22.39,1500,34,0.0,0.0
2026-09-10 15:52:25,467346,-0.84901,-0.528377,259.137,34.983,259.137,34.983,4095,4095,4095,4095,0,0,0.0,0.0,54612.5,HIGH,CENTER,CENTER,38.7,47.9,20.27,1.166,23.63,1500,34,0.0,0.0
2026-09-10 15:52:26,468029,-0.849049,-0.528315,259.139,34.98,259.139,34.98,4095,4095,4095,4095,0,0,0.0,0.0,54612.5,HIGH,CENTER,CENTER,38.7,47.9,23.74,1.17,27.78,1500,34,0.0,0.0
2026-09-10 15:52:26,468717,-0.849049,-0.528315,259.14,34.977,259.14,34.977,4095,4095,4095,4095,0,0,0.0,0.0,54612.5,HIGH,CENTER,CENTER,38.7,47.9,21.59,1.065,22.99,1500,34,0.0,0.0
2026-09-10 15:52:27,469401,-0.849087,-0.528253,259.142,34.975,259.142,34.975,4095,4095,4095,4095,0,0,0.0,0.0,54612.5,HIGH,CENTER,CENTER,38.7,47.9,20.0,0.801,16.02,1500,34,0.0,0.0
2026-09-10 15:52:28,470084,-0.849125,-0.528191,259.143,34.972,259.143,34.972,4095,4095,4095,4095,0,0,0.0,0.0,54612.5,HIGH,CENTER,CENTER,38.7,47.9,22.56,0.901,20.33,1500,34,0.0,0.0
2026-09-10 15:52:28,470772,-0.849125,-0.528191,259.145,34.97,259.145,34.97,4095,4095,4095,4095,0,0,0.0,0.0,54612.5,HIGH,CENTER,CENTER,38.7,48.1,20.23,0.485,9.81,1500,34,0.0,0.0
2026-09-10 15:52:29,471456,-0.849164,-0.52813,259.146,34.967,259.146,34.967,4095,4095,4095,4095,0,0,0.0,0.0,54612.5,HIGH,CENTER,CENTER,38.7,48.1,21.38,0.831,17.77,1500,34,0.0,0.0
2026-09-10 15:52:30,472139,-0.849202,-0.528068,259.148,34.964,259.148,34.964,4095,4095,4095,4095,0,0,0.0,0.0,54612.5,HIGH,CENTER,CENTER,38.7,48.1,23.53,0.656,15.44,1500,34,0.0,0.0
2026-09-10 15:52:30,472827,-0.849202,-0.528068,259.149,34.962,259.149,34.962,4095,4095,4095,4095,0,0,0.0,0.0,54612.5,HIGH,CENTER,CENTER,38.7,48.4,20.31,0.682,13.85,1500,34,0.0,0.0
2026-09-10 15:52:31,473511,-0.849241,-0.528006,259.151,34.959,259.151,34.959,4095,4095,4095,4095,0,0,0.0,0.0,54612.5,HIGH,CENTER,CENTER,38.7,48.4,24.2,0.958,23.18,1500,34,0.0,0.0
2026-09-10 15:52:32,474194,-0.849279,-0.527944,259.152,34.957,259.152,34.957,4095,4095,4095,4095,0,0,0.0,0.0,54612.5,HIGH,CENTER,CENTER,38.7,48.4,20.02,0.482,9.65,1500,34,0.0,0.0
2026-09-10 15:52:32,474882,-0.849279,-0.527944,259.153,34.954,259.153,34.954,4095,4095,4095,4095,0,0,0.0,0.0,54612.5,HIGH,CENTER,CENTER,38.7,48.7,21.23,0.518,11.0,1500,34,0.0,0.0
2026-09-10 15:52:33,475566,-0.849317,-0.527883,259.155,34.952,259.155,34.952,4095,4095,4095,4095,0,0,0.0,0.0,54612.5,HIGH,CENTER,CENTER,38.7,48.7,23.7,1.125,26.66,1500,34,0.0,0.0
2026-09-10 15:52:34,476249,-0.849356,-0.527821,259.156,34.949,259.156,34.949,4095,4095,4095,4095,0,0,0.0,0.0,54612.5,HIGH,CENTER,CENTER,38.7,48.7,21.58,0.256,5.52,1500,34,0.0,0.0
2026-09-10 15:52:34,476937,-0.849356,-0.527821,259.158,34.946,259.158,34.946,4095,4095,4095,4095,0,0,0.0,0.0,54612.5,HIGH,CENTER,CENTER,38.8,48.8,20.51,0.686,14.07,1500,34,0.0,0.0
2026-09-10 15:52:35,477621,-0.849394,-0.527759,259.159,34.944,259.159,34.944,4095,4095,4095,4095,0,0,0.0,0.0,54612.5,HIGH,CENTER,CENTER,38.8,48.8,21.8,1.113,24.26,1500,34,0.0,0.0
2026-09-10 15:52:36,478304,-0.849433,-0.527697,259.161,34.941,259.161,34.941,4095,4095,4095,4095,0,0,0.0,0.0,54612.5,HIGH,CENTER,CENTER,38.8,48.8,21.35,0.81,17.29,1500,34,0.0,0.0
2026-09-10 15:52:37,478992,-0.849471,-0.527635,259.162,34.939,259.162,34.939,4095,4095,4095,4095,0,0,0.0,0.0,54612.5,HIGH,CENTER,CENTER,38.8,48.9,24.21,0.746,18.06,1500,34,0.0,0.0
2026-09-10 15:52:37,479676,-0.849471,-0.527635,259.164,34.936,259.164,34.936,4095,4095,4095,4095,0,0,0.0,0.0,54612.5,HIGH,CENTER,CENTER,38.8,48.9,21.57,0.45,9.71,1500,34,0.0,0.0
2026-09-10 15:52:38,480359,-0.849509,-0.527574,259.165,34.934,259.165,34.934,4095,4095,4095,4095,0,0,0.0,0.0,54612.5,HIGH,CENTER,CENTER,38.8,48.9,23.94,0.543,13.0,1500,34,0.0,0.0
2026-09-10 15:52:39,481047,-0.849548,-0.527512,259.167,34.931,259.167,34.931,4095,4095,4095,4095,0,0,0.0,0.0,54612.5,HIGH,CENTER,CENTER,38.8,48.9,24.46,1.052,25.73,1500,34,0.0,0.0
2026-09-10 15:52:39,481731,-0.849548,-0.527512,259.168,34.928,259.168,34.928,4095,4095,4095,4095,0,0,0.0,0.0,54612.5,HIGH,CENTER,CENTER,38.8,48.9,22.17,0.759,16.83,1500,34,0.0,0.0
2026-09-10 15:52:40,482414,-0.849586,-0.52745,259.17,34.926,259.17,34.926,4095,4095,4095,4095,0,0,0.0,0.0,54612.5,HIGH,CENTER,CENTER,38.8,48.9,24.55,0.715,17.55,1500,34,0.0,0.0
2026-09-10 15:52:41,483102,-0.849624,-0.527388,259.171,34.923,259.171,34.923,4095,4095,4095,4095,0,0,0.0,0.0,54612.5,HIGH,CENTER,CENTER,38.8,48.8,21.89,0.3,6.57,1500,34,0.0,0.0
2026-09-10 15:52:41,483786,-0.849624,-0.527388,259.173,34.921,259.173,34.921,4095,4095,4095,4095,0,0,0.0,0.0,54612.5,HIGH,CENTER,CENTER,38.8,48.8,24.82,0.216,5.36,1500,34,0.0,0.0
2026-09-10 15:52:42,484469,-0.849663,-0.527327,259.174,34.918,259.174,34.918,4095,4095,4095,4095,0,0,0.0,0.0,54612.5,HIGH,CENTER,CENTER,38.8,48.8,20.45,1.164,23.8,1500,34,0.0,0.0
2026-09-10 15:52:43,485157,-0.849701,-0.527265,259.176,34.915,259.176,34.915,4095,4095,4095,4095,0,0,0.0,0.0,54612.5,HIGH,CENTER,CENTER,38.8,48.6,23.44,0.577,13.52,1500,34,0.0,0.0
2026-09-10 15:52:43,485841,-0.849701,-0.527265,259.177,34.913,259.177,34.913,4095,4095,4095,4095,0,0,0.0,0.0,54612.5,HIGH,CENTER,CENTER,38.8,48.6,22.47,0.803,18.04,1500,34,0.0,0.0
2026-09-10 15:52:44,486524,-0.849739,-0.527203,259.178,34.91,259.178,34.91,4095,4095,4095,4095,0,0,0.0,0.0,54612.5,HIGH,CENTER,CENTER,38.8,48.6,21.94,0.28,6.14,1500,34,0.0,0.0
2026-09-10 15:52:45,487212,-0.849778,-0.527141,259.18,34.908,259.18,34.908,4095,4095,4095,4095,0,0,0.0,0.0,54612.5,HIGH,CENTER,CENTER,38.8,48.7,23.16,0.883,20.45,1500,34,0.0,0.0
2026-09-10 15:52:45,487896,-0.849778,-0.527141,259.181,34.905,259.181,34.905,4095,4095,4095,4095,0,0,0.0,0.0,54612.5,HIGH,CENTER,CENTER,38.8,48.7,23.52,1.133,26.65,1500,34,0.0,0.0
2026-09-10 15:52:46,488579,-0.849816,-0.527079,259.183,34.903,259.183,34.903,4095,4095,4095,4095,0,0,0.0,0.0,54612.5,HIGH,CENTER,CENTER,38.8,48.7,20.02,0.776,15.54,1500,34,0.0,0.0
2026-09-10 15:52:47,489267,-0.849854,-0.527018,259.184,34.9,259.184,34.9,4095,4095,4095,4095,0,0,0.0,0.0,54612.5,HIGH,CENTER,CENTER,38.8,49.0,20.83,0.326,6.79,1500,34,0.0,0.0
2026-09-10 15:52:47,489950,-0.849854,-0.527018,259.186,34.897,259.186,34.897,4095,4095,4095,4095,0,0,0.0,0.0,54612.5,HIGH,CENTER,CENTER,38.8,49.0,23.57,0.782,18.43,1500,34,0.0,0.0
2026-09-10 15:52:48,490633,-0.849893,-0.526956,259.187,34.895,259.187,34.895,4095,4095,4095,4095,0,0,0.0,0.0,54612.5,HIGH,CENTER,CENTER,38.8,49.0,23.33,0.966,22.54,1500,34,0.0,0.0
2026-09-10 15:52:49,491321,-0.849931,-0.526894,259.189,34.892,259.189,34.892,4095,4095,4095,4095,0,0,0.0,0.0,54612.5,HIGH,CENTER,CENTER,38.8,48.7,24.83,0.606,15.05,1500,34,0.0,0.0
2026-09-10 15:52:50,492005,-0.849969,-0.526832,259.19,34.89,259.19,34.89,4095,4095,4095,4095,0,0,0.0,0.0,54612.5,HIGH,CENTER,CENTER,38.8,48.7,23.81,1.08,25.71,1500,34,0.0,0.0
2026-09-10 15:52:50,492688,-0.849969,-0.526832,259.192,34.887,259.192,34.887,4095,4095,4095,4095,0,0,0.0,0.0,54612.5,HIGH,CENTER,CENTER,38.8,48.7,24.75,0.849,21.01,1500,34,0.0,0.0
2026-09-10 15:52:51,493376,-0.850008,-0.52677,259.193,34.885,259.193,34.885,4095,4095,4095,4095,0,0,0.0,0.0,54612.5,HIGH,CENTER,CENTER,38.8,48.6,23.51,1.099,25.84,1500,34,0.0,0.0
2026-09-10 15:52:52,494060,-0.850046,-0.526709,259.195,34.882,259.195,34.882,4095,4095,4095,4095,0,0,0.0,0.0,54612.5,HIGH,CENTER,CENTER,38.8,48.6,21.49,0.824,17.71,1500,34,0.0,0.0
2026-09-10 15:52:52,494743,-0.850046,-0.526709,259.196,34.879,259.196,34.879,4095,4095,4095,4095,0,0,0.0,0.0,54612.5,HIGH,CENTER,CENTER,38.8,48.6,20.53,0.331,6.8,1500,34,0.0,0.0
2026-09-10 15:52:53,495431,-0.850084,-0.526647,259.198,34.877,259.198,34.877,4095,4095,4095,4095,0,0,0.0,0.0,54612.5,HIGH,CENTER,CENTER,38.8,48.6,23.91,0.51,12.19,1500,34,0.0,0.0
2026-09-10 15:52:54,496115,-0.850123,-0.526585,259.199,34.874,259.199,34.874,4095,4095,4095,4095,0,0,0.0,0.0,54612.5,HIGH,CENTER,CENTER,38.8,48.6,23.22,0.402,9.33,1500,34,0.0,0.0
2026-09-10 15:52:54,496798,-0.850123,-0.526585,259.2,34.872,259.2,34.872,4095,4095,4095,4095,0,0,0.0,0.0,54612.5,HIGH,CENTER,CENTER,38.8,48.6,20.24,1.109,22.45,1500,34,0.0,0.0
2026-09-10 15:52:55,497486,-0.850161,-0.526523,259.202,34.869,259.202,34.869,4095,4095,4095,4095,0,0,0.0,0.0,54612.5,HIGH,CENTER,CENTER,38.8,48.5,21.8,0.96,20.93,1500,34,0.0,0.0
2026-09-10 15:52:56,498170,-0.850199,-0.526461,259.203,34.867,259.203,34.867,4095,4095,4095,4095,0,0,0.0,0.0,54612.5,HIGH,CENTER,CENTER,38.8,48.5,24.78,0.876,21.71,1500,34,0.0,0.0
2026-09-10 15:52:56,498853,-0.850199,-0.526461,259.205,34.864,259.205,34.864,4095,4095,4095,4095,0,0,0.0,0.0,54612.5,HIGH,CENTER,CENTER,38.8,48.5,22.5,0.501,11.27,1500,34,0.0,0.0
2026-09-10 15:52:57,499541,-0.850237,-0.526399,259.206,34.861,259.206,34.861,4095,4095,4095,4095,0,0,0.0,0.0,54612.5,HIGH,CENTER,CENTER,38.8,48.3,22.16,0.384,8.51,1500,34,0.0,0.0
2026-09-10 15:52:58,500225,-0.850276,-0.526338,259.208,34.859,259.208,34.859,4095,4095,4095,4095,0,0,0.0,0.0,54612.5,HIGH,CENTER,CENTER,38.8,48.3,22.29,0.956,21.31,1500,34,0.0,0.0
2026-09-10 15:52:58,500908,-0.850276,-0.526338,259.209,34.856,259.209,34.856,4095,4095,4095,4095,0,0,0.0,0.0,54612.5,HIGH,CENTER,CENTER,38.8,48.3,21.04,0.674,14.18,1500,34,0.0,0.0
2026-09-10 15:52:59,501596,-0.850314,-0.526276,259.211,34.854,259.211,34.854,4095,4095,4095,4095,0,0,0.0,0.0,54612.5,HIGH,CENTER,CENTER,38.8,48.1,21.84,0.426,9.3,1500,34,0.0,0.0
2026-09-10 15:53:00,502280,-0.850352,-0.526214,259.212,34.851,259.212,34.851,4095,4095,4095,4095,0,0,0.0,0.0,54612.5,HIGH,CENTER,CENTER,38.8,48.1,21.85,0.817,17.85,1500,34,0.0,0.0
2026-09-10 15:53:00,502963,-0.850352,-0.526214,259.214,34.848,259.214,34.848,4095,4095,4095,4095,0,0,0.0,0.0,54612.5,HIGH,CENTER,CENTER,38.8,48.1,20.26,0.24,4.86,1500,34,0.0,0.0
2026-09-10 15:53:01,503651,-0.85039,-0.526152,259.215,34.846,259.215,34.846,4095,4095,4095,4095,0,0,0.0,0.0,54612.5,HIGH,CENTER,CENTER,38.8,48.1,23.84,0.526,12.54,1500,34,0.0,0.0
2026-09-10 15:53:02,504335,-0.850429,-0.52609,259.217,34.843,259.217,34.843,4095,4095,4095,4095,0,0,0.0,0.0,54612.5,HIGH,CENTER,CENTER,38.8,48.1,22.08,0.669,14.77,1500,34,0.0,0.0
2026-09-10 15:53:03,505018,-0.850467,-0.526028,259.218,34.841,259.218,34.841,4095,4095,4095,4095,0,0,0.0,0.0,54612.5,HIGH,CENTER,CENTER,38.8,48.1,24.11,0.348,8.39,1500,34,0.0,0.0
2026-09-10 15:53:03,505706,-0.850467,-0.526028,259.219,34.838,259.219,34.838,4095,4095,4095,4095,0,0,0.0,0.0,54612.5,HIGH,CENTER,CENTER,38.8,48.0,24.25,1.185,28.74,1500,34,0.0,0.0
2026-09-10 15:53:04,506389,-0.850505,-0.525967,259.221,34.836,259.221,34.836,4095,4095,4095,4095,0,0,0.0,0.0,54612.5,HIGH,CENTER,CENTER,38.8,48.0,21.06,0.409,8.61,1500,34,0.0,0.0
2026-09-10 15:53:05,507072,-0.850544,-0.525905,259.222,34.833,259.222,34.833,4095,4095,4095,4095,0,0,0.0,0.0,54612.5,HIGH,CENTER,CENTER,38.8,48.0,23.29,0.33,7.69,1500,34,0.0,0.0
2026-09-10 15:53:05,507760,-0.850544,-0.525905,259.224,34.83,259.224,34.83,4095,4095,4095,4095,0,0,0.0,0.0,54612.5,HIGH,CENTER,CENTER,38.8,48.1,22.36,0.404,9.03,1500,34,0.0,0.0
2026-09-10 15:53:06,508444,-0.850582,-0.525843,259.225,34.828,259.225,34.828,4095,4095,4095,4095,0,0,0.0,0.0,54612.5,HIGH,CENTER,CENTER,38.8,48.1,24.4,0.969,23.64,1500,34,0.0,0.0
2026-09-10 15:53:07,509127,-0.85062,-0.525781,259.227,34.825,259.227,34.825,4095,4095,4095,4095,0,0,0.0,0.0,54612.5,HIGH,CENTER,CENTER,38.8,48.1,21.08,0.626,13.2,1500,34,0.0,0.0
2026-09-10 15:53:07,509815,-0.85062,-0.525781,259.228,34.823,259.228,34.823,4095,4095,4095,4095,0,0,0.0,0.0,54612.5,HIGH,CENTER,CENTER,38.9,48.4,23.39,0.765,17.89,1500,34,0.0,0.0
2026-09-10 15:53:08,510499,-0.850658,-0.525719,259.23,34.82,259.23,34.82,4063,4095,4095,4095,0,-32,0.0,-0.003923,54612.5,HIGH,CENTER,CENTER,38.9,48.4,23.04,0.221,5.09,1500,34,0.0,-0.118
2026-09-10 15:53:09,511182,-0.850696,-0.525657,259.231,34.818,259.231,34.818,4095,4095,4095,4095,0,0,0.0,0.0,54612.5,HIGH,CENTER,CENTER,38.9,48.4,21.48,0.234,5.03,1500,34,0.0,0.0
2026-09-10 15:53:09,511870,-0.850696,-0.525657,259.233,34.815,259.233,34.815,4095,4095,4095,4095,0,0,0.0,0.0,54612.5,HIGH,CENTER,CENTER,38.9,48.6,20.68,0.646,13.36,1500,34,0.0,0.0
2026-09-10 15:53:10,512554,-0.850735,-0.525595,259.234,34.812,259.234,34.812,4095,4095,4095,4095,0,0,0.0,0.0,54612.5,HIGH,CENTER,CENTER,38.9,48.6,23.26,1.017,23.66,1500,34,0.0,0.0
2026-09-10 15:53:11,513237,-0.850773,-0.525534,259.236,34.81,259.236,34.81,4095,4095,4095,4095,0,0,0.0,0.0,54612.5,HIGH,CENTER,CENTER,38.9,48.6,23.69,1.085,25.7,1500,34,0.0,0.0
2026-09-10 15:53:11,513925,-0.850773,-0.525534,259.237,34.807,259.237,34.807,4095,4095,4095,4095,0,0,0.0,0.0,54612.5,HIGH,CENTER,CENTER,38.9,48.6,21.58,0.287,6.19,1500,34,0.0,0.0
2026-09-10 15:53:12,514609,-0.850811,-0.525472,259.239,34.805,259.239,34.805,4095,4095,4095,4095,0,0,0.0,0.0,54612.5,HIGH,CENTER,CENTER,38.9,48.6,23.22,0.738,17.14,1500,34,0.0,0.0
2026-09-10 15:53:13,515292,-0.850849,-0.52541,259.24,34.802,259.24,34.802,4095,4095,4095,4095,0,0,0.0,0.0,54612.5,HIGH,CENTER,CENTER,38.9,48.6,21.98,1.113,24.46,1500,34,0.0,0.0
2026-09-10 15:53:13,515980,-0.850849,-0.52541,259.241,34.799,259.241,34.799,4095,4095,4095,4095,0,0,0.0,0.0,54612.5,HIGH,CENTER,CENTER,38.9,48.6,23.57,0.588,13.86,1500,34,0.0,0.0
2026-09-10 15:53:14,516664,-0.850888,-0.525348,259.243,34.797,259.243,34.797,4095,4095,4095,4095,0,0,0.0,0.0,54612.5,HIGH,CENTER,CENTER,38.9,48.6,21.0,1.03,21.63,1500,34,0.0,0.0
2026-09-10 15:53:15,517347,-0.850926,-0.525286,259.244,34.794,259.244,34.794,4095,4095,4095,4095,0,0,0.0,0.0,54612.5,HIGH,CENTER,CENTER,38.9,48.6,24.45,0.334,8.17,1500,34,0.0,0.0
2026-09-10 15:53:16,518035,-0.850964,-0.525224,259.246,34.792,259.246,34.792,4095,4095,4095,4095,0,0,0.0,0.0,54612.5,HIGH,CENTER,CENTER,39.0,48.8,21.44,1.135,24.33,1500,34,0.0,0.0
2026-09-10 15:53:16,518718,-0.850964,-0.525224,259.247,34.789,259.247,34.789,4095,4095,4095,4095,0,0,0.0,0.0,54612.5,HIGH,CENTER,CENTER,39.0,48.8,21.84,0.951,20.77,1500,34,0.0,0.0
2026-09-10 15:53:17,519401,-0.851002,-0.525162,259.249,34.787,259.249,34.787,4095,4095,4095,4095,0,0,0.0,0.0,54612.5,HIGH,CENTER,CENTER,39.0,48.8,20.29,1.141,23.15,1500,34,0.0,0.0
2026-09-10 15:53:18,520089,-0.85104,-0.5251,259.25,34.784,259.25,34.784,4095,4095,4095,4095,0,0,0.0,0.0,54612.5,HIGH,CENTER,CENTER,39.0,48.6,20.56,0.877,18.03,1500,34,0.0,0.0
2026-09-10 15:53:18,520773,-0.85104,-0.5251,259.252,34.781,259.252,34.781,4095,4095,4095,4095,0,0,0.0,0.0,54612.5,HIGH,CENTER,CENTER,39.0,48.6,22.58,0.563,12.71,1500,34,0.0,0.0
2026-09-10 15:53:19,521456,-0.851078,-0.525038,259.253,34.779,259.253,34.779,4095,4095,4095,4095,0,0,0.0,0.0,54612.5,HIGH,CENTER,CENTER,39.0,48.6,21.34,1.138,24.28,1500,34,0.0,0.0
2026-09-10 15:53:20,522144,-0.851117,-0.524977,259.255,34.776,259.255,34.776,4095,4095,4095,4095,0,0,0.0,0.0,54612.5,HIGH,CENTER,CENTER,39.0,48.5,24.18,0.476,11.51,1500,34,0.0,0.0
2026-09-10 15:53:20,522828,-0.851117,-0.524977,259.256,34.774,259.256,34.774,4095,4095,4095,4095,0,0,0.0,0.0,54612.5,HIGH,CENTER,CENTER,39.0,48.5,20.07,0.532,10.68,1500,34,0.0,0.0
2026-09-10 15:53:21,523511,-0.851155,-0.524915,259.258,34.771,259.258,34.771,4095,4095,4095,4095,0,0,0.0,0.0,54612.5,HIGH,CENTER,CENTER,39.0,48.5,21.9,0.901,19.73,1500,34,0.0,0.0
2026-09-10 15:53:22,524199,-0.851193,-0.524853,259.259,34.769,259.259,34.769,4095,4095,4095,4095,0,0,0.0,0.0,54612.5,HIGH,CENTER,CENTER,39.1,48.5,21.69,0.965,20.93,1500,34,0.0,0.0
2026-09-10 15:53:22,524883,-0.851193,-0.524853,259.26,34.766,259.26,34.766,4095,4095,4095,4095,0,0,0.0,0.0,54612.5,HIGH,CENTER,CENTER,39.1,48.5,20.1,1.129,22.69,1500,34,0.0,0.0
2026-09-10 15:53:23,525566,-0.851231,-0.524791,259.262,34.763,259.262,34.763,4095,4095,4095,4095,0,0,0.0,0.0,54612.5,HIGH,CENTER,CENTER,39.1,48.5,20.62,0.405,8.35,1500,34,0.0,0.0
2026-09-10 15:53:24,526254,-0.851269,-0.524729,259.263,34.761,259.263,34.761,4095,4095,4095,4095,0,0,0.0,0.0,54612.5,HIGH,CENTER,CENTER,39.1,48.4,22.07,0.998,22.03,1500,34,0.0,0.0
2026-09-10 15:53:24,526938,-0.851269,-0.524729,259.265,34.758,259.265,34.758,4095,4095,4095,4095,0,0,0.0,0.0,54612.5,HIGH,CENTER,CENTER,39.1,48.4,22.46,0.939,21.09,1500,34,0.0,0.0
2026-09-10 15:53:25,527621,-0.851308,-0.524667,259.266,34.756,259.266,34.756,4095,4095,4095,4095,0,0,0.0,0.0,54612.5,HIGH,CENTER,CENTER,39.1,48.4,22.02,0.264,5.81,1500,34,0.0,0.0
2026-09-10 15:53:26,528309,-0.851346,-0.524605,259.268,34.753,259.268,34.753,4095,4095,4095,4095,0,0,0.0,0.0,54612.5,HIGH,CENTER,CENTER,39.1,48.5,22.65,0.587,13.3,1500,34,0.0,0.0
2026-09-10 15:53:27,528993,-0.851384,-0.524543,259.269,34.751,259.269,34.751,4095,4095,4095,4095,0,0,0.0,0.0,54612.5,HIGH,CENTER,CENTER,39.1,48.5,22.98,0.483,11.1,1500,34,0.0,0.0
2026-09-10 15:53:27,529676,-0.851384,-0.524543,259.271,34.748,259.271,34.748,4095,4095,4095,4095,0,0,0.0,0.0,54612.5,HIGH,CENTER,CENTER,39.1,48.5,20.05,0.504,10.11,1500,34,0.0,0.0
2026-09-10 15:53:28,530364,-0.851422,-0.524481,259.272,34.745,259.272,34.745,4095,4095,4095,4095,0,0,0.0,0.0,54612.5,HIGH,CENTER,CENTER,39.1,48.6,22.32,1.183,26.4,1500,34,0.0,0.0
2026-09-10 15:53:29,531048,-0.85146,-0.524419,259.274,34.743,259.274,34.743,4095,4095,4095,4095,0,0,0.0,0.0,54612.5,HIGH,CENTER,CENTER,39.1,48.6,24.82,0.843,20.92,1500,34,0.0,0.0
2026-09-10 15:53:29,531731,-0.85146,-0.524419,259.275,34.74,259.275,34.74,4095,4095,4095,4095,0,0,0.0,0.0,54612.5,HIGH,CENTER,CENTER,39.1,48.6,22.6,0.918,20.75,1500,34,0.0,0.0
2026-09-10 15:53:30,532419,-0.851498,-0.524357,259.277,34.738,259.277,34.738,4095,4095,4095,4095,0,0,0.0,0.0,54612.5,HIGH,CENTER,CENTER,39.1,48.5,23.39,1.177,27.53,1500,34,0.0,0.0
2026-09-10 15:53:31,533103,-0.851536,-0.524296,259.278,34.735,259.278,34.735,4095,4095,4095,4095,0,0,0.0,0.0,54612.5,HIGH,CENTER,CENTER,39.1,48.5,21.56,0.577,12.44,1500,34,0.0,0.0
2026-09-10 15:53:31,533786,-0.851536,-0.524296,259.279,34.732,259.279,34.732,4095,4095,4095,4095,0,0,0.0,0.0,54612.5,HIGH,CENTER,CENTER,39.1,48.5,23.87,1.002,23.92,1500,34,0.0,0.0
2026-09-10 15:53:32,534474,-0.851574,-0.524234,259.281,34.73,259.281,34.73,4095,4095,4095,4095,0,0,0.0,0.0,54612.5,HIGH,CENTER,CENTER,39.1,48.6,23.86,0.635,15.15,1500,34,0.0,0.0
2026-09-10 15:53:33,535158,-0.851613,-0.524172,259.282,34.727,259.282,34.727,4095,4095,4095,4095,0,0,0.0,0.0,54612.5,HIGH,CENTER,CENTER,39.1,48.6,22.61,1.07,24.19,1500,34,0.0,0.0
2026-09-10 15:53:33,535841,-0.851613,-0.524172,259.284,34.725,259.284,34.725,4095,4095,4095,4095,0,0,0.0,0.0,54612.5,HIGH,CENTER,CENTER,39.1,48.6,24.88,0.381,9.48,1500,34,0.0,0.0
2026-09-10 15:53:34,536529,-0.851651,-0.52411,259.285,34.722,259.285,34.722,4054,4095,4095,4095,0,-41,0.0,-0.005031,54612.5,HIGH,CENTER,CENTER,39.1,48.8,20.63,1.148,23.68,1500,34,0.0,-0.151
2026-09-10 15:53:35,537213,-0.851689,-0.524048,259.287,34.72,259.287,34.72,4095,4095,4095,4095,0,0,0.0,0.0,54612.5,HIGH,CENTER,CENTER,39.1,48.8,20.08,0.419,8.41,1500,34,0.0,0.0
2026-09-10 15:53:35,537896,-0.851689,-0.524048,259.288,34.717,259.288,34.717,4095,4095,4095,4095,0,0,0.0,0.0,54612.5,HIGH,CENTER,CENTER,39.1,48.8,23.85,0.526,12.55,1500,34,0.0,0.0
2026-09-10 15:53:36,538584,-0.851727,-0.523986,259.29,34.714,259.29,34.714,4095,4095,4095,4095,0,0,0.0,0.0,54612.5,HIGH,CENTER,CENTER,39.1,48.5,24.04,0.956,22.98,1500,34,0.0,0.0
2026-09-10 15:53:37,539268,-0.851765,-0.523924,259.291,34.712,259.291,34.712,4095,4095,4095,4095,0,0,0.0,0.0,54612.5,HIGH,CENTER,CENTER,39.1,48.5,20.6,0.594,12.24,1500,34,0.0,0.0
2026-09-10 15:53:37,539951,-0.851765,-0.523924,259.293,34.709,259.293,34.709,4095,4095,4095,4095,0,0,0.0,0.0,54612.5,HIGH,CENTER,CENTER,39.1,48.5,21.33,0.808,17.23,1500,34,0.0,0.0
2026-09-10 15:53:38,540639,-0.851803,-0.523862,259.294,34.707,259.294,34.707,4095,4095,4095,4095,0,0,0.0,0.0,54612.5,HIGH,CENTER,CENTER,39.1,48.7,20.09,0.645,12.96,1500,34,0.0,0.0
2026-09-10 15:53:39,541323,-0.851841,-0.5238,259.296,34.704,259.296,34.704,4095,4095,4095,4095,0,0,0.0,0.0,54612.5,HIGH,CENTER,CENTER,39.1,48.7,21.47,0.942,20.22,1500,34,0.0,0.0
2026-09-10 15:53:40,542006,-0.851879,-0.523738,259.297,34.702,259.297,34.702,4095,4095,4095,4095,0,0,0.0,0.0,54612.5,HIGH,CENTER,CENTER,39.1,48.7,23.87,0.428,10.22,1500,34,0.0,0.0
2026-09-10 15:53:40,542694,-0.851879,-0.523738,259.298,34.699,259.298,34.699,4095,4095,4095,4095,0,0,0.0,0.0,54612.5,HIGH,CENTER,CENTER,39.1,48.6,22.59,0.258,5.83,1500,34,0.0,0.0
2026-09-10 15:53:41,543378,-0.851917,-0.523676,259.3,34.696,259.3,34.696,4095,4095,4095,4095,0,0,0.0,0.0,54612.5,HIGH,CENTER,CENTER,39.1,48.6,21.74,0.5,10.87,1500,34,0.0,0.0
2026-09-10 15:53:42,544061,-0.851955,-0.523614,259.301,34.694,259.301,34.694,4095,4095,4095,4095,0,0,0.0,0.0,54612.5,HIGH,CENTER,CENTER,39.1,48.6,21.86,0.674,14.73,1500,34,0.0,0.0
2026-09-10 15:53:42,544749,-0.851955,-0.523614,259.303,34.691,259.303,34.691,4095,4095,4095,4095,0,0,0.0,0.0,54612.5,HIGH,CENTER,CENTER,39.1,48.6,20.01,0.368,7.36,1500,34,0.0,0.0
2026-09-10 15:53:43,545433,-0.851994,-0.523552,259.304,34.689,259.304,34.689,4095,4095,4095,4095,0,0,0.0,0.0,54612.5,HIGH,CENTER,CENTER,39.1,48.6,21.5,0.555,11.93,1500,34,0.0,0.0
2026-09-10 15:53:44,546116,-0.852032,-0.52349,259.306,34.686,259.306,34.686,4095,4095,4095,4095,0,0,0.0,0.0,54612.5,HIGH,CENTER,CENTER,39.1,48.6,23.23,0.6,13.94,1500,34,0.0,0.0
2026-09-10 15:53:44,546804,-0.852032,-0.52349,259.307,34.683,259.307,34.683,4095,4095,4095,4095,0,0,0.0,0.0,54612.5,HIGH,CENTER,CENTER,39.1,48.6,24.87,0.257,6.39,1500,34,0.0,0.0
2026-09-10 15:53:45,547488,-0.85207,-0.523428,259.309,34.681,259.309,34.681,4095,4095,4095,4095,0,0,0.0,0.0,54612.5,HIGH,CENTER,CENTER,39.1,48.6,24.24,0.783,18.98,1500,34,0.0,0.0
2026-09-10 15:53:46,548171,-0.852108,-0.523366,259.31,34.678,259.31,34.678,4095,4095,4095,4095,0,0,0.0,0.0,54612.5,HIGH,CENTER,CENTER,39.1,48.6,20.12,1.084,21.81,1500,34,0.0,0.0
2026-09-10 15:53:46,548859,-0.852108,-0.523366,259.312,34.676,259.312,34.676,4095,4095,4095,4095,0,0,0.0,0.0,54612.5,HIGH,CENTER,CENTER,39.1,48.7,24.49,0.352,8.62,1500,34,0.0,0.0
2026-09-10 15:53:47,549543,-0.852146,-0.523304,259.313,34.673,259.313,34.673,4095,4095,4095,4095,0,0,0.0,0.0,54612.5,HIGH,CENTER,CENTER,39.1,48.7,23.92,0.798,19.09,1500,34,0.0,0.0
2026-09-10 15:53:48,550226,-0.852184,-0.523242,259.315,34.671,259.315,34.671,4095,4095,4095,4095,0,0,0.0,0.0,54612.5,HIGH,CENTER,CENTER,39.1,48.7,23.9,0.865,20.67,1500,34,0.0,0.0
2026-09-10 15:53:48,550914,-0.852184,-0.523242,259.316,34.668,259.316,34.668,4095,4095,4095,4095,0,0,0.0,0.0,54612.5,HIGH,CENTER,CENTER,39.2,48.9,22.29,0.619,13.8,1500,34,0.0,0.0
2026-09-10 15:53:49,551598,-0.852222,-0.52318,259.317,34.665,259.317,34.665,4095,4095,4095,4095,0,0,0.0,0.0,54612.5,HIGH,CENTER,CENTER,39.2,48.9,21.99,0.901,19.81,1500,34,0.0,0.0
2026-09-10 15:53:50,552281,-0.85226,-0.523118,259.319,34.663,259.319,34.663,4095,4095,4095,4095,0,0,0.0,0.0,54612.5,HIGH,CENTER,CENTER,39.2,48.9,21.51,0.611,13.14,1500,34,0.0,0.0
2026-09-10 15:53:50,552969,-0.85226,-0.523118,259.32,34.66,259.32,34.66,4095,4095,4095,4095,0,0,0.0,0.0,54612.5,HIGH,CENTER,CENTER,39.2,49.1,20.33,0.705,14.33,1500,34,0.0,0.0
2026-09-10 15:53:51,553653,-0.852298,-0.523057,259.322,34.658,259.322,34.658,4095,4095,4095,4095,0,0,0.0,0.0,54612.5,HIGH,CENTER,CENTER,39.2,49.1,21.14,0.207,4.38,1500,34,0.0,0.0
2026-09-10 15:53:52,554336,-0.852336,-0.522995,259.323,34.655,259.323,34.655,4095,4095,4095,4095,0,0,0.0,0.0,54612.5,HIGH,CENTER,CENTER,39.2,49.1,21.23,0.892,18.94,1500,34,0.0,0.0
2026-09-10 15:53:53,555024,-0.852374,-0.522933,259.325,34.653,259.325,34.653,4095,4095,4095,4095,0,0,0.0,0.0,54612.5,HIGH,CENTER,CENTER,39.2,49.0,22.42,0.861,19.3,1500,34,0.0,0.0
2026-09-10 15:53:53,555708,-0.852374,-0.522933,259.326,34.65,259.326,34.65,4095,4095,4095,4095,0,0,0.0,0.0,54612.5,HIGH,CENTER,CENTER,39.2,49.0,23.74,0.238,5.65,1500,34,0.0,0.0
2026-09-10 15:53:54,556391,-0.852412,-0.522871,259.328,34.647,259.328,34.647,4095,4095,4095,4095,0,0,0.0,0.0,54612.5,HIGH,CENTER,CENTER,39.2,49.0,22.37,0.568,12.71,1500,34,0.0,0.0
2026-09-10 15:53:55,557079,-0.85245,-0.522809,259.329,34.645,259.329,34.645,4095,4095,4095,4095,0,0,0.0,0.0,54612.5,HIGH,CENTER,CENTER,39.2,49.0,20.29,1.179,23.92,1500,34,0.0,0.0
2026-09-10 15:53:55,557763,-0.85245,-0.522809,259.331,34.642,259.331,34.642,4095,4095,4095,4095,0,0,0.0,0.0,54612.5,HIGH,CENTER,CENTER,39.2,49.0,24.79,0.621,15.39,1500,34,0.0,0.0
2026-09-10 15:53:56,558446,-0.852488,-0.522747,259.332,34.64,259.332,34.64,4095,4095,4095,4095,0,0,0.0,0.0,54612.5,HIGH,CENTER,CENTER,39.2,49.0,24.71,0.702,17.35,1500,34,0.0,0.0
2026-09-10 15:53:57,559134,-0.852526,-0.522685,259.334,34.637,259.334,34.637,4095,4095,4095,4095,0,0,0.0,0.0,54612.5,HIGH,CENTER,CENTER,39.2,48.9,23.93,1.11,26.56,1500,34,0.0,0.0
2026-09-10 15:53:57,559818,-0.852526,-0.522685,259.335,34.634,259.335,34.634,4095,4095,4095,4095,0,0,0.0,0.0,54612.5,HIGH,CENTER,CENTER,39.2,48.9,24.96,0.917,22.89,1500,34,0.0,0.0
2026-09-10 15:53:58,560501,-0.852564,-0.522623,259.336,34.632,259.336,34.632,4095,4095,4095,4095,0,0,0.0,0.0,54612.5,HIGH,CENTER,CENTER,39.2,48.9,22.72,0.782,17.77,1500,34,0.0,0.0
2026-09-10 15:53:59,561189,-0.852602,-0.522561,259.338,34.629,259.338,34.629,4080,4095,4095,4095,0,-15,0.0,-0.001835,54612.5,HIGH,CENTER,CENTER,39.2,48.9,24.81,0.998,24.76,1500,34,0.0,-0.055
2026-09-10 15:53:59,561873,-0.852602,-0.522561,259.339,34.627,259.339,34.627,4095,4095,4095,4095,0,0,0.0,0.0,54612.5,HIGH,CENTER,CENTER,39.2,48.9,20.38,1.064,21.68,1500,34,0.0,0.0
2026-09-10 15:54:00,562556,-0.85264,-0.522499,259.341,34.624,259.341,34.624,4095,4095,4095,4095,0,0,0.0,0.0,54612.5,HIGH,CENTER,CENTER,39.2,48.9,21.83,0.657,14.34,1500,34,0.0,0.0
2026-09-10 15:54:01,563244,-0.852678,-0.522437,259.342,34.622,259.342,34.622,4095,4095,4095,4095,0,0,0.0,0.0,54612.5,HIGH,CENTER,CENTER,39.2,49.2,21.13,0.675,14.26,1500,34,0.0,0.0
2026-09-10 15:54:01,563928,-0.852678,-0.522437,259.344,34.619,259.344,34.619,4095,4095,4095,4095,0,0,0.0,0.0,54612.5,HIGH,CENTER,CENTER,39.2,49.2,20.98,0.586,12.29,1500,34,0.0,0.0
2026-09-10 15:54:02,564611,-0.852716,-0.522375,259.345,34.616,259.345,34.616,4095,4095,4095,4095,0,0,0.0,0.0,54612.5,HIGH,CENTER,CENTER,39.2,49.2,20.7,1.167,24.16,1500,34,0.0,0.0
2026-09-10 15:54:03,565299,-0.852754,-0.522313,259.347,34.614,259.347,34.614,4095,4095,4095,4095,0,0,0.0,0.0,54612.5,HIGH,CENTER,CENTER,39.2,49.3,23.11,0.897,20.73,1500,34,0.0,0.0
2026-09-10 15:54:03,565983,-0.852754,-0.522313,259.348,34.611,259.348,34.611,4095,4095,4095,4095,0,0,0.0,0.0,54612.5,HIGH,CENTER,CENTER,39.2,49.3,23.91,0.283,6.77,1500,34,0.0,0.0
2026-09-10 15:54:04,566666,-0.852792,-0.522251,259.35,34.609,259.35,34.609,4095,4095,4095,4095,0,0,0.0,0.0,54612.5,HIGH,CENTER,CENTER,39.2,49.3,22.89,1.063,24.33,1500,34,0.0,0.0
2026-09-10 15:54:05,567354,-0.85283,-0.522189,259.351,34.606,259.351,34.606,4095,4095,4095,4095,0,0,0.0,0.0,54612.5,HIGH,CENTER,CENTER,39.2,49.7,20.73,0.681,14.12,1500,34,0.0,0.0
2026-09-10 15:54:06,568038,-0.852868,-0.522126,259.352,34.604,259.352,34.604,4095,4095,4095,4095,0,0,0.0,0.0,54612.5,HIGH,CENTER,CENTER,39.2,49.7,24.06,0.269,6.47,1500,34,0.0,0.0
2026-09-10 15:54:06,568721,-0.852868,-0.522126,259.354,34.601,259.354,34.601,4095,4095,4095,4095,0,0,0.0,0.0,54612.5,HIGH,CENTER,CENTER,39.2,49.7,23.18,0.75,17.38,1500,34,0.0,0.0
2026-09-10 15:54:07,569409,-0.852906,-0.522064,259.355,34.598,259.355,34.598,4095,4095,4095,4095,0,0,0.0,0.0,54612.5,HIGH,CENTER,CENTER,39.3,49.8,21.94,0.617,13.54,1500,34,0.0,0.0
2026-09-10 15:54:08,570093,-0.852944,-0.522002,259.357,34.596,259.357,34.596,4095,4095,4095,4095,0,0,0.0,0.0,54612.5,HIGH,CENTER,CENTER,39.3,49.8,23.37,1.078,25.19,1500,34,0.0,0.0
2026-09-10 15:54:08,570776,-0.852944,-0.522002,259.358,34.593,259.358,34.593,4095,4095,4095,4095,0,0,0.0,0.0,54612.5,HIGH,CENTER,CENTER,39.3,49.8,21.3,0.404,8.61,1500,34,0.0,0.0
2026-09-10 15:54:09,571464,-0.852982,-0.52194,259.36,34.591,259.36,34.591,4095,4095,4095,4095,0,0,0.0,0.0,54612.5,HIGH,CENTER,CENTER,39.3,49.9,21.73,1.026,22.29,1500,34,0.0,0.0
2026-09-10 15:54:10,572148,-0.85302,-0.521878,259.361,34.588,259.361,34.588,4095,4095,4095,4095,0,0,0.0,0.0,54612.5,HIGH,CENTER,CENTER,39.3,49.9,24.59,0.758,18.64,1500,34,0.0,0.0
2026-09-10 15:54:10,572831,-0.85302,-0.521878,259.363,34.585,259.363,34.585,4061,4095,4095,4095,0,-34,0.0,-0.004169,54612.5,HIGH,CENTER,CENTER,39.3,49.9,21.45,0.255,5.47,1500,34,0.0,-0.125
2026-09-10 15:54:11,573519,-0.853058,-0.521816,259.364,34.583,259.364,34.583,4095,4095,4095,4095,0,0,0.0,0.0,54612.5,HIGH,CENTER,CENTER,39.3,49.8,22.35,1.172,26.19,1500,34,0.0,0.0
2026-09-10 15:54:12,574203,-0.853096,-0.521754,259.366,34.58,259.366,34.58,4095,4095,4095,4095,0,0,0.0,0.0,54612.5,HIGH,CENTER,CENTER,39.3,49.8,24.45,0.713,17.43,1500,34,0.0,0.0
2026-09-10 15:54:12,574886,-0.853096,-0.521754,259.367,34.578,259.367,34.578,4095,4095,4095,4095,0,0,0.0,0.0,54612.5,HIGH,CENTER,CENTER,39.3,49.8,23.54,0.491,11.56,1500,34,0.0,0.0
2026-09-10 15:54:13,575574,-0.853134,-0.521692,259.369,34.575,259.369,34.575,4095,4095,4095,4095,0,0,0.0,0.0,54612.5,HIGH,CENTER,CENTER,39.3,49.8,20.31,0.669,13.59,1500,34,0.0,0.0
2026-09-10 15:54:14,576258,-0.853172,-0.52163,259.37,34.573,259.37,34.573,4095,4095,4095,4095,0,0,0.0,0.0,54612.5,HIGH,CENTER,CENTER,39.3,49.8,20.74,1.058,21.94,1500,34,0.0,0.0
2026-09-10 15:54:14,576941,-0.853172,-0.52163,259.371,34.57,259.371,34.57,4095,4095,4095,4095,0,0,0.0,0.0,54612.5,HIGH,CENTER,CENTER,39.3,49.8,20.04,0.505,10.12,1500,34,0.0,0.0
2026-09-10 15:54:15,577629,-0.85321,-0.521568,259.373,34.567,259.373,34.567,4095,4095,4095,4095,0,0,0.0,0.0,54612.5,HIGH,CENTER,CENTER,39.3,49.8,23.15,0.393,9.1,1500,34,0.0,0.0
2026-09-10 15:54:16,578313,-0.853248,-0.521506,259.374,34.565,259.374,34.565,4095,4095,4095,4095,0,0,0.0,0.0,54612.5,HIGH,CENTER,CENTER,39.3,49.8,22.24,0.329,7.32,1500,34,0.0,0.0
2026-09-10 15:54:17,578996,-0.853285,-0.521444,259.376,34.562,259.376,34.562,4095,4095,4095,4095,0,0,0.0,0.0,54612.5,HIGH,CENTER,CENTER,39.3,49.8,20.67,0.498,10.29,1500,34,0.0,0.0
2026-09-10 15:54:17,579684,-0.853285,-0.521444,259.377,34.56,259.377,34.56,4095,4095,4095,4095,0,0,0.0,0.0,54612.5,HIGH,CENTER,CENTER,39.3,49.6,24.79,0.98,24.29,1500,34,0.0,0.0
2026-09-10 15:54:18,580368,-0.853323,-0.521382,259.379,34.557,259.379,34.557,4095,4095,4095,4095,0,0,0.0,0.0,54612.5,HIGH,CENTER,CENTER,39.3,49.6,22.65,0.672,15.22,1500,34,0.0,0.0
2026-09-10 15:54:19,581051,-0.853361,-0.52132,259.38,34.555,259.38,34.555,4095,4095,4095,4095,0,0,0.0,0.0,54612.5,HIGH,CENTER,CENTER,39.3,49.6,21.21,0.427,9.06,1500,34,0.0,0.0
2026-09-10 15:54:19,581739,-0.853361,-0.52132,259.382,34.552,259.382,34.552,4095,4095,4095,4095,0,0,0.0,0.0,54612.5,HIGH,CENTER,CENTER,39.3,49.4,22.5,0.366,8.24,1500,34,0.0,0.0
2026-09-10 15:54:20,582423,-0.853399,-0.521258,259.383,34.549,259.383,34.549,4095,4095,4095,4095,0,0,0.0,0.0,54612.5,HIGH,CENTER,CENTER,39.3,49.4,23.4,0.533,12.47,1500,34,0.0,0.0
2026-09-10 15:54:21,583106,-0.853437,-0.521196,259.385,34.547,259.385,34.547,4095,4095,4095,4095,0,0,0.0,0.0,54612.5,HIGH,CENTER,CENTER,39.3,49.4,20.38,1.14,23.23,1500,34,0.0,0.0
2026-09-10 15:54:21,583794,-0.853437,-0.521196,259.386,34.544,259.386,34.544,4095,4095,4095,4095,0,0,0.0,0.0,54612.5,HIGH,CENTER,CENTER,39.3,49.1,21.37,0.543,11.6,1500,34,0.0,0.0
2026-09-10 15:54:22,584478,-0.853475,-0.521134,259.387,34.542,259.387,34.542,4095,4095,4095,4095,0,0,0.0,0.0,54612.5,HIGH,CENTER,CENTER,39.3,49.1,24.03,1.188,28.55,1500,34,0.0,0.0
2026-09-10 15:54:23,585161,-0.853513,-0.521072,259.389,34.539,259.389,34.539,4095,4095,4095,4095,0,0,0.0,0.0,54612.5,HIGH,CENTER,CENTER,39.3,49.1,22.3,0.685,15.28,1500,34,0.0,0.0
2026-09-10 15:54:23,585849,-0.853513,-0.521072,259.39,34.536,259.39,34.536,4095,4095,4095,4095,0,0,0.0,0.0,54612.5,HIGH,CENTER,CENTER,39.2,49.1,22.73,0.379,8.61,1500,34,0.0,0.0
2026-09-10 15:54:24,586533,-0.853551,-0.52101,259.392,34.534,259.392,34.534,4095,4095,4095,4095,0,0,0.0,0.0,54612.5,HIGH,CENTER,CENTER,39.2,49.1,22.16,1.091,24.18,1500,34,0.0,0.0
2026-09-10 15:54:25,587216,-0.853589,-0.520948,259.393,34.531,259.393,34.531,4095,4095,4095,4095,0,0,0.0,0.0,54612.5,HIGH,CENTER,CENTER,39.2,49.1,20.22,0.66,13.35,1500,34,0.0,0.0
2026-09-10 15:54:25,587904,-0.853589,-0.520948,259.395,34.529,259.395,34.529,4095,4095,4095,4095,0,0,0.0,0.0,54612.5,HIGH,CENTER,CENTER,39.2,49.2,20.83,0.91,18.96,1500,34,0.0,0.0
2026-09-10 15:54:26,588588,-0.853627,-0.520885,259.396,34.526,259.396,34.526,4095,4095,4095,4095,0,0,0.0,0.0,54612.5,HIGH,CENTER,CENTER,39.2,49.2,22.23,1.184,26.32,1500,34,0.0,0.0
2026-09-10 15:54:27,589271,-0.853664,-0.520823,259.398,34.524,259.398,34.524,4095,4095,4095,4095,0,0,0.0,0.0,54612.5,HIGH,CENTER,CENTER,39.2,49.2,21.05,0.25,5.26,1500,34,0.0,0.0
2026-09-10 15:54:27,589959,-0.853664,-0.520823,259.399,34.521,259.399,34.521,4095,4095,4095,4095,0,0,0.0,0.0,54612.5,HIGH,CENTER,CENTER,39.2,49.0,20.25,0.297,6.01,1500,34,0.0,0.0
2026-09-10 15:54:28,590643,-0.853702,-0.520761,259.401,34.518,259.401,34.518,4095,4095,4095,4095,0,0,0.0,0.0,54612.5,HIGH,CENTER,CENTER,39.2,49.0,24.22,0.92,22.28,1500,34,0.0,0.0
2026-09-10 15:54:29,591326,-0.85374,-0.520699,259.402,34.516,259.402,34.516,4095,4095,4095,4095,0,0,0.0,0.0,54612.5,HIGH,CENTER,CENTER,39.2,49.0,24.91,0.482,12.01,1500,34,0.0,0.0
2026-09-10 15:54:30,592014,-0.853778,-0.520637,259.403,34.513,259.403,34.513,4095,4095,4095,4095,0,0,0.0,0.0,54612.5,HIGH,CENTER,CENTER,39.2,48.9,23.97,0.384,9.2,1500,34,0.0,0.0
2026-09-10 15:54:30,592698,-0.853778,-0.520637,259.405,34.511,259.405,34.511,4095,4095,4095,4095,0,0,0.0,0.0,54612.5,HIGH,CENTER,CENTER,39.2,48.9,24.27,0.239,5.8,1500,34,0.0,0.0
2026-09-10 15:54:31,593381,-0.853816,-0.520575,259.406,34.508,259.406,34.508,4095,4095,4095,4095,0,0,0.0,0.0,54612.5,HIGH,CENTER,CENTER,39.2,48.9,21.21,0.222,4.71,1500,34,0.0,0.0
2026-09-10 15:54:32,594069,-0.853854,-0.520513,259.408,34.505,259.408,34.505,4095,4095,4095,4095,0,0,0.0,0.0,54612.5,HIGH,CENTER,CENTER,39.2,49.0,24.8,0.974,24.16,1500,34,0.0,0.0
2026-09-10 15:54:32,594753,-0.853854,-0.520513,259.409,34.503,259.409,34.503,4095,4095,4095,4095,0,0,0.0,0.0,54612.5,HIGH,CENTER,CENTER,39.2,49.0,20.98,0.334,7.01,1500,34,0.0,0.0
2026-09-10 15:54:33,595436,-0.853892,-0.520451,259.411,34.5,259.411,34.5,4095,4095,4095,4095,0,0,0.0,0.0,54612.5,HIGH,CENTER,CENTER,39.2,49.0,24.76,0.668,16.54,1500,34,0.0,0.0
2026-09-10 15:54:34,596124,-0.853929,-0.520389,259.412,34.498,259.412,34.498,4095,4095,4095,4095,0,0,0.0,0.0,54612.5,HIGH,CENTER,CENTER,39.2,49.0,24.97,0.806,20.13,1500,34,0.0,0.0
2026-09-10 15:54:34,596808,-0.853929,-0.520389,259.414,34.495,259.414,34.495,4095,4095,4095,4095,0,0,0.0,0.0,54612.5,HIGH,CENTER,CENTER,39.2,49.0,23.56,0.628,14.8,1500,34,0.0,0.0
2026-09-10 15:54:35,597491,-0.853967,-0.520327,259.415,34.493,259.415,34.493,4095,4095,4095,4095,0,0,0.0,0.0,54612.5,HIGH,CENTER,CENTER,39.2,49.0,24.91,0.227,5.65,1500,34,0.0,0.0
2026-09-10 15:54:36,598179,-0.854005,-0.520265,259.417,34.49,259.417,34.49,4041,4095,4095,4095,0,-54,0.0,-0.006637,54612.5,HIGH,CENTER,CENTER,39.1,49.0,22.85,0.984,22.48,1500,34,0.0,-0.199
2026-09-10 15:54:36,598863,-0.854005,-0.520265,259.418,34.487,259.418,34.487,4095,4095,4095,4095,0,0,0.0,0.0,54612.5,HIGH,CENTER,CENTER,39.1,49.0,21.3,0.211,4.49,1500,34,0.0,0.0
2026-09-10 15:54:37,599546,-0.854043,-0.520202,259.419,34.485,259.419,34.485,4095,4095,4095,4095,0,0,0.0,0.0,54612.5,HIGH,CENTER,CENTER,39.1,49.0,22.18,0.962,21.34,1500,34,0.0,0.0
2026-09-10 15:54:38,600234,-0.854081,-0.52014,259.421,34.482,259.421,34.482,4063,4095,4095,4095,0,-32,0.0,-0.003923,54612.5,HIGH,CENTER,CENTER,39.2,48.7,22.97,1.093,25.11,1500,34,0.0,-0.118
2026-09-10 15:54:38,600918,-0.854081,-0.52014,259.422,34.48,259.422,34.48,4095,4095,4095,4095,0,0,0.0,0.0,54612.5,HIGH,CENTER,CENTER,39.2,48.7,20.37,0.633,12.89,1500,34,0.0,0.0
2026-09-10 15:54:39,601601,-0.854119,-0.520078,259.424,34.477,259.424,34.477,4095,4095,4095,4095,0,0,0.0,0.0,54612.5,HIGH,CENTER,CENTER,39.2,48.7,23.11,0.736,17.01,1500,34,0.0,0.0
2026-09-10 15:54:40,602289,-0.854156,-0.520016,259.425,34.475,259.425,34.475,4095,4095,4095,4095,0,0,0.0,0.0,54612.5,HIGH,CENTER,CENTER,39.2,48.7,24.91,0.677,16.86,1500,34,0.0,0.0
2026-09-10 15:54:40,602973,-0.854156,-0.520016,259.427,34.472,259.427,34.472,4095,4095,4095,4095,0,0,0.0,0.0,54612.5,HIGH,CENTER,CENTER,39.2,48.7,20.95,0.589,12.34,1500,34,0.0,0.0
2026-09-10 15:54:41,603656,-0.854194,-0.519954,259.428,34.469,259.428,34.469,4095,4095,4095,4095,0,0,0.0,0.0,54612.5,HIGH,CENTER,CENTER,39.2,48.7,23.96,1.087,26.04,1500,34,0.0,0.0
2026-09-10 15:54:42,604344,-0.854232,-0.519892,259.43,34.467,259.43,34.467,4095,4095,4095,4095,0,0,0.0,0.0,54612.5,HIGH,CENTER,CENTER,39.2,48.4,24.54,1.094,26.85,1500,34,0.0,0.0
2026-09-10 15:54:43,605028,-0.85427,-0.51983,259.431,34.464,259.431,34.464,4095,4095,4095,4095,0,0,0.0,0.0,54612.5,HIGH,CENTER,CENTER,39.2,48.4,24.72,0.536,13.25,1500,34,0.0,0.0
2026-09-10 15:54:43,605711,-0.85427,-0.51983,259.433,34.462,259.433,34.462,4095,4095,4095,4095,0,0,0.0,0.0,54612.5,HIGH,CENTER,CENTER,39.2,48.4,24.8,0.815,20.21,1500,34,0.0,0.0
2026-09-10 15:54:44,606399,-0.854308,-0.519768,259.434,34.459,259.434,34.459,4095,4095,4095,4095,0,0,0.0,0.0,54612.5,HIGH,CENTER,CENTER,39.2,48.2,22.61,1.127,25.48,1500,34,0.0,0.0
2026-09-10 15:54:45,607082,-0.854345,-0.519706,259.435,34.456,259.435,34.456,4095,4095,4095,4095,0,0,0.0,0.0,54612.5,HIGH,CENTER,CENTER,39.2,48.2,24.89,1.162,28.92,1500,34,0.0,0.0
2026-09-10 15:54:45,607765,-0.854345,-0.519706,259.437,34.454,259.437,34.454,4095,4095,4095,4095,0,0,0.0,0.0,54612.5,HIGH,CENTER,CENTER,39.2,48.2,23.79,0.709,16.87,1500,34,0.0,0.0
2026-09-10 15:54:46,608453,-0.854383,-0.519643,259.438,34.451,259.438,34.451,4095,4095,4095,4095,0,0,0.0,0.0,54612.5,HIGH,CENTER,CENTER,39.2,48.1,20.81,0.653,13.59,1500,34,0.0,0.0
2026-09-10 15:54:47,609137,-0.854421,-0.519581,259.44,34.449,259.44,34.449,4095,4095,4095,4095,0,0,0.0,0.0,54612.5,HIGH,CENTER,CENTER,39.2,48.1,22.38,0.479,10.72,1500,34,0.0,0.0
2026-09-10 15:54:47,609820,-0.854421,-0.519581,259.441,34.446,259.441,34.446,4087,4095,4095,4095,0,-8,0.0,-0.000978,54612.5,HIGH,CENTER,CENTER,39.2,48.1,23.59,1.159,27.34,1500,34,0.0,-0.029
2026-09-10 15:54:48,610508,-0.854459,-0.519519,259.443,34.444,259.443,34.444,4095,4095,4095,4095,0,0,0.0,0.0,54612.5,HIGH,CENTER,CENTER,39.2,48.0,21.24,0.343,7.29,1500,34,0.0,0.0
2026-09-10 15:54:49,611191,-0.854497,-0.519457,259.444,34.441,259.444,34.441,4095,4095,4095,4095,0,0,0.0,0.0,54612.5,HIGH,CENTER,CENTER,39.2,48.0,23.2,0.78,18.1,1500,34,0.0,0.0
2026-09-10 15:54:49,611874,-0.854497,-0.519457,259.446,34.438,259.446,34.438,4095,4095,4095,4095,0,0,0.0,0.0,54612.5,HIGH,CENTER,CENTER,39.2,48.0,23.33,0.483,11.27,1500,34,0.0,0.0
2026-09-10 15:54:50,612562,-0.854534,-0.519395,259.447,34.436,259.447,34.436,4095,4095,4095,4095,0,0,0.0,0.0,54612.5,HIGH,CENTER,CENTER,39.2,48.1,20.81,0.479,9.97,1500,34,0.0,0.0
2026-09-10 15:54:51,613246,-0.854572,-0.519333,259.449,34.433,259.449,34.433,4095,4095,4095,4095,0,0,0.0,0.0,54612.5,HIGH,CENTER,CENTER,39.2,48.1,22.83,0.605,13.81,1500,34,0.0,0.0
2026-09-10 15:54:51,613929,-0.854572,-0.519333,259.45,34.431,259.45,34.431,4095,4095,4095,4095,0,0,0.0,0.0,54612.5,HIGH,CENTER,CENTER,39.2,48.1,23.86,1.199,28.61,1500,34,0.0,0.0
2026-09-10 15:54:52,614617,-0.85461,-0.519271,259.451,34.428,259.451,34.428,4095,4095,4095,4095,0,0,0.0,0.0,54612.5,HIGH,CENTER,CENTER,39.2,48.0,22.49,0.255,5.73,1500,34,0.0,0.0
2026-09-10 15:54:53,615300,-0.854648,-0.519208,259.453,34.426,259.453,34.426,4095,4095,4095,4095,0,0,0.0,0.0,54612.5,HIGH,CENTER,CENTER,39.2,48.0,20.06,0.779,15.63,1500,34,0.0,0.0
2026-09-10 15:54:53,615983,-0.854648,-0.519208,259.454,34.423,259.454,34.423,4095,4095,4095,4095,0,0,0.0,0.0,54612.5,HIGH,CENTER,CENTER,39.2,48.0,20.05,0.283,5.67,1500,34,0.0,0.0
2026-09-10 15:54:54,616671,-0.854685,-0.519146,259.456,34.42,259.456,34.42,4095,4095,4095,4095,0,0,0.0,0.0,54612.5,HIGH,CENTER,CENTER,39.2,48.0,21.79,0.355,7.74,1500,34,0.0,0.0
2026-09-10 15:54:55,617354,-0.854723,-0.519084,259.457,34.418,259.457,34.418,4095,4095,4095,4095,0,0,0.0,0.0,54612.5,HIGH,CENTER,CENTER,39.2,48.0,24.63,0.64,15.76,1500,34,0.0,0.0
2026-09-10 15:54:56,618037,-0.854761,-0.519022,259.459,34.415,259.459,34.415,4095,4095,4095,4095,0,0,0.0,0.0,54612.5,HIGH,CENTER,CENTER,39.2,48.0,21.14,0.71,15.01,1500,34,0.0,0.0
2026-09-10 15:54:56,618725,-0.854761,-0.519022,259.46,34.413,259.46,34.413,4095,4095,4095,4095,0,0,0.0,0.0,54612.5,HIGH,CENTER,CENTER,39.2,48.1,23.17,0.459,10.64,1500,34,0.0,0.0
2026-09-10 15:54:57,619409,-0.854799,-0.51896,259.462,34.41,259.462,34.41,4095,4095,4095,4095,0,0,0.0,0.0,54612.5,HIGH,CENTER,CENTER,39.2,48.1,21.11,0.516,10.89,1500,34,0.0,0.0
2026-09-10 15:54:58,620092,-0.854836,-0.518898,259.463,34.407,259.463,34.407,4095,4095,4095,4095,0,0,0.0,0.0,54612.5,HIGH,CENTER,CENTER,39.2,48.1,21.61,0.287,6.2,1500,34,0.0,0.0
2026-09-10 15:54:58,620780,-0.854836,-0.518898,259.465,34.405,259.465,34.405,4095,4095,4095,4095,0,0,0.0,0.0,54612.5,HIGH,CENTER,CENTER,39.3,48.0,24.24,0.503,12.19,1500,34,0.0,0.0
2026-09-10 15:54:59,621464,-0.854874,-0.518835,259.466,34.402,259.466,34.402,4095,4095,4095,4095,0,0,0.0,0.0,54612.5,HIGH,CENTER,CENTER,39.3,48.0,23.64,1.167,27.59,1500,34,0.0,0.0
2026-09-10 15:55:00,622147,-0.854912,-0.518773,259.467,34.4,259.467,34.4,4095,4095,4095,4095,0,0,0.0,0.0,54612.5,HIGH,CENTER,CENTER,39.3,48.0,20.48,1.145,23.45,1500,34,0.0,0.0
2026-09-10 15:55:00,622835,-0.854912,-0.518773,259.469,34.397,259.469,34.397,4095,4095,4095,4095,0,0,0.0,0.0,54612.5,HIGH,CENTER,CENTER,39.3,48.0,22.14,0.535,11.84,1500,34,0.0,0.0
2026-09-10 15:55:01,623519,-0.85495,-0.518711,259.47,34.395,259.47,34.395,4095,4095,4095,4095,0,0,0.0,0.0,54612.5,HIGH,CENTER,CENTER,39.3,48.0,20.15,0.771,15.54,1500,34,0.0,0.0
2026-09-10 15:55:02,624202,-0.854987,-0.518649,259.472,34.392,259.472,34.392,4095,4095,4095,4095,0,0,0.0,0.0,54612.5,HIGH,CENTER,CENTER,39.3,48.0,22.4,1.11,24.86,1500,34,0.0,0.0
2026-09-10 15:55:02,624890,-0.854987,-0.518649,259.473,34.389,259.473,34.389,4095,4095,4095,4095,0,0,0.0,0.0,54612.5,HIGH,CENTER,CENTER,39.3,48.0,23.31,0.206,4.8,1500,34,0.0,0.0
2026-09-10 15:55:03,625574,-0.855025,-0.518587,259.475,34.387,259.475,34.387,4095,4095,4095,4095,0,0,0.0,0.0,54612.5,HIGH,CENTER,CENTER,39.3,48.0,20.59,1.011,20.82,1500,34,0.0,0.0
2026-09-10 15:55:04,626257,-0.855063,-0.518525,259.476,34.384,259.476,34.384,4095,4095,4095,4095,0,0,0.0,0.0,54612.5,HIGH,CENTER,CENTER,39.3,48.0,21.44,1.148,24.61,1500,34,0.0,0.0
2026-09-10 15:55:04,626945,-0.855063,-0.518525,259.478,34.382,259.478,34.382,4095,4095,4095,4095,0,0,0.0,0.0,54612.5,HIGH,CENTER,CENTER,39.3,48.0,21.99,0.291,6.4,1500,34,0.0,0.0
2026-09-10 15:55:05,627629,-0.8551,-0.518462,259.479,34.379,259.479,34.379,4095,4095,4095,4095,0,0,0.0,0.0,54612.5,HIGH,CENTER,CENTER,39.3,48.0,24.6,0.361,8.88,1500,34,0.0,0.0
2026-09-10 15:55:06,628312,-0.855138,-0.5184,259.48,34.377,259.48,34.377,4095,4095,4095,4095,0,0,0.0,0.0,54612.5,HIGH,CENTER,CENTER,39.3,48.0,24.97,1.161,28.99,1500,34,0.0,0.0
2026-09-10 15:55:07,629000,-0.855176,-0.518338,259.482,34.374,259.482,34.374,4095,4095,4095,4095,0,0,0.0,0.0,54612.5,HIGH,CENTER,CENTER,39.4,48.0,20.22,0.738,14.92,1500,34,0.0,0.0
2026-09-10 15:55:07,629683,-0.855176,-0.518338,259.483,34.371,259.483,34.371,4095,4095,4095,4095,0,0,0.0,0.0,54612.5,HIGH,CENTER,CENTER,39.4,48.0,23.81,0.214,5.1,1500,34,0.0,0.0
2026-09-10 15:55:08,630366,-0.855214,-0.518276,259.485,34.369,259.485,34.369,4095,4095,4095,4095,0,0,0.0,0.0,54612.5,HIGH,CENTER,CENTER,39.4,48.0,21.86,0.458,10.01,1500,34,0.0,0.0
2026-09-10 15:55:09,631054,-0.855251,-0.518214,259.486,34.366,259.486,34.366,4095,4095,4095,4095,0,0,0.0,0.0,54612.5,HIGH,CENTER,CENTER,39.4,48.2,21.96,0.65,14.27,1500,34,0.0,0.0
2026-09-10 15:55:09,631738,-0.855251,-0.518214,259.488,34.364,259.488,34.364,4095,4095,4095,4095,0,0,0.0,0.0,54612.5,HIGH,CENTER,CENTER,39.4,48.2,23.77,0.893,21.23,1500,34,0.0,0.0
2026-09-10 15:55:10,632421,-0.855289,-0.518151,259.489,34.361,259.489,34.361,4095,4095,4095,4095,0,0,0.0,0.0,54612.5,HIGH,CENTER,CENTER,39.4,48.2,24.59,0.933,22.94,1500,34,0.0,0.0
2026-09-10 15:55:11,633109,-0.855327,-0.518089,259.491,34.358,259.491,34.358,4095,4095,4095,4095,0,0,0.0,0.0,54612.5,HIGH,CENTER,CENTER,39.4,48.2,24.75,1.195,29.58,1500,34,0.0,0.0
2026-09-10 15:55:11,633793,-0.855327,-0.518089,259.492,34.356,259.492,34.356,4095,4095,4095,4095,0,0,0.0,0.0,54612.5,HIGH,CENTER,CENTER,39.4,48.2,22.89,0.488,11.17,1500,34,0.0,0.0
2026-09-10 15:55:12,634476,-0.855364,-0.518027,259.494,34.353,259.494,34.353,4095,4095,4095,4095,0,0,0.0,0.0,54612.5,HIGH,CENTER,CENTER,39.4,48.2,21.79,0.738,16.08,1500,34,0.0,0.0
2026-09-10 15:55:13,635164,-0.855402,-0.517965,259.495,34.351,259.495,34.351,4095,4095,4095,4095,0,0,0.0,0.0,54612.5,HIGH,CENTER,CENTER,39.4,48.4,23.94,0.733,17.55,1500,34,0.0,0.0
2026-09-10 15:55:13,635847,-0.855402,-0.517965,259.496,34.348,259.496,34.348,4095,4095,4095,4095,0,0,0.0,0.0,54612.5,HIGH,CENTER,CENTER,39.4,48.4,21.26,0.606,12.88,1500,34,0.0,0.0
2026-09-10 15:55:14,636530,-0.85544,-0.517903,259.498,34.346,259.498,34.346,4095,4095,4095,4095,0,0,0.0,0.0,54612.5,HIGH,CENTER,CENTER,39.4,48.4,22.82,0.369,8.42,1500,34,0.0,0.0
2026-09-10 15:55:15,637218,-0.855477,-0.51784,259.499,34.343,259.499,34.343,4095,4095,4095,4095,0,0,0.0,0.0,54612.5,HIGH,CENTER,CENTER,39.5,48.4,21.79,1.177,25.65,1500,34,0.0,0.0
2026-09-10 15:55:15,637902,-0.855477,-0.51784,259.501,34.34,259.501,34.34,4095,4095,4095,4095,0,0,0.0,0.0,54612.5,HIGH,CENTER,CENTER,39.5,48.4,23.28,1.053,24.51,1500,34,0.0,0.0
2026-09-10 15:55:16,638585,-0.855515,-0.517778,259.502,34.338,259.502,34.338,4050,4095,4095,4095,0,-45,0.0,-0.005525,54612.5,HIGH,CENTER,CENTER,39.5,48.4,21.2,0.698,14.8,1500,34,0.0,-0.166
2026-09-10 15:55:17,639273,-0.855553,-0.517716,259.504,34.335,259.504,34.335,4095,4095,4095,4095,0,0,0.0,0.0,54612.5,HIGH,CENTER,CENTER,39.5,48.1,20.96,0.803,16.83,1500,34,0.0,0.0
2026-09-10 15:55:17,639957,-0.855553,-0.517716,259.505,34.333,259.505,34.333,4095,4095,4095,4095,0,0,0.0,0.0,54612.5,HIGH,CENTER,CENTER,39.5,48.1,24.59,0.427,10.5,1500,34,0.0,0.0
2026-09-10 15:55:18,640640,-0.85559,-0.517654,259.507,34.33,259.507,34.33,4095,4095,4095,4095,0,0,0.0,0.0,54612.5,HIGH,CENTER,CENTER,39.5,48.1,20.51,0.744,15.26,1500,34,0.0,0.0
2026-09-10 15:55:19,641328,-0.855628,-0.517592,259.508,34.327,259.508,34.327,4095,4095,4095,4095,0,0,0.0,0.0,54612.5,HIGH,CENTER,CENTER,39.5,48.0,22.53,0.895,20.16,1500,34,0.0,0.0
2026-09-10 15:55:20,642012,-0.855665,-0.517529,259.51,34.325,259.51,34.325,4095,4095,4095,4095,0,0,0.0,0.0,54612.5,HIGH,CENTER,CENTER,39.5,48.0,21.1,0.715,15.09,1500,34,0.0,0.0
2026-09-10 15:55:20,642695,-0.855665,-0.517529,259.511,34.322,259.511,34.322,4095,4095,4095,4095,0,0,0.0,0.0,54612.5,HIGH,CENTER,CENTER,39.5,48.0,20.19,1.19,24.03,1500,34,0.0,0.0
2026-09-10 15:55:21,643383,-0.855703,-0.517467,259.512,34.32,259.512,34.32,4095,4095,4095,4095,0,0,0.0,0.0,54612.5,HIGH,CENTER,CENTER,39.5,47.9,20.18,0.811,16.37,1500,34,0.0,0.0
2026-09-10 15:55:22,644067,-0.855741,-0.517405,259.514,34.317,259.514,34.317,4095,4095,4095,4095,0,0,0.0,0.0,54612.5,HIGH,CENTER,CENTER,39.5,47.9,20.88,0.571,11.92,1500,34,0.0,0.0
2026-09-10 15:55:22,644750,-0.855741,-0.517405,259.515,34.315,259.515,34.315,4095,4095,4095,4095,0,0,0.0,0.0,54612.5,HIGH,CENTER,CENTER,39.5,47.9,24.33,0.972,23.65,1500,34,0.0,0.0
2026-09-10 15:55:23,645438,-0.855778,-0.517343,259.517,34.312,259.517,34.312,4095,4095,4095,4095,0,0,0.0,0.0,54612.5,HIGH,CENTER,CENTER,39.5,47.9,21.41,0.37,7.92,1500,34,0.0,0.0
2026-09-10 15:55:24,646122,-0.855816,-0.51728,259.518,34.309,259.518,34.309,4095,4095,4095,4095,0,0,0.0,0.0,54612.5,HIGH,CENTER,CENTER,39.5,47.9,24.75,0.585,14.48,1500,34,0.0,0.0
2026-09-10 15:55:24,646805,-0.855816,-0.51728,259.52,34.307,259.52,34.307,4095,4095,4095,4095,0,0,0.0,0.0,54612.5,HIGH,CENTER,CENTER,39.5,47.9,22.91,0.547,12.53,1500,34,0.0,0.0
2026-09-10 15:55:25,647493,-0.855854,-0.517218,259.521,34.304,259.521,34.304,4095,4095,4095,4095,0,0,0.0,0.0,54612.5,HIGH,CENTER,CENTER,39.5,47.9,22.18,0.632,14.02,1500,34,0.0,0.0
2026-09-10 15:55:26,648177,-0.855891,-0.517156,259.523,34.302,259.523,34.302,4095,4095,4095,4095,0,0,0.0,0.0,54612.5,HIGH,CENTER,CENTER,39.5,47.9,22.9,0.982,22.49,1500,34,0.0,0.0
2026-09-10 15:55:26,648860,-0.855891,-0.517156,259.524,34.299,259.524,34.299,4095,4095,4095,4095,0,0,0.0,0.0,54612.5,HIGH,CENTER,CENTER,39.5,47.9,22.58,0.684,15.44,1500,34,0.0,0.0
2026-09-10 15:55:27,649548,-0.855929,-0.517094,259.525,34.297,259.525,34.297,4095,4095,4095,4095,0,0,0.0,0.0,54612.5,HIGH,CENTER,CENTER,39.5,47.9,23.79,0.994,23.65,1500,34,0.0,0.0
2026-09-10 15:55:28,650232,-0.855966,-0.517031,259.527,34.294,259.527,34.294,4095,4095,4095,4095,0,0,0.0,0.0,54612.5,HIGH,CENTER,CENTER,39.5,47.9,21.41,0.776,16.61,1500,34,0.0,0.0
2026-09-10 15:55:28,650915,-0.855966,-0.517031,259.528,34.291,259.528,34.291,4095,4095,4095,4095,0,0,0.0,0.0,54612.5,HIGH,CENTER,CENTER,39.5,47.9,21.77,0.542,11.8,1500,34,0.0,0.0
2026-09-10 15:55:29,651603,-0.856004,-0.516969,259.53,34.289,259.53,34.289,4095,4095,4095,4095,0,0,0.0,0.0,54612.5,HIGH,CENTER,CENTER,39.5,47.8,24.47,1.01,24.71,1500,34,0.0,0.0
2026-09-10 15:55:30,652287,-0.856042,-0.516907,259.531,34.286,259.531,34.286,4095,4095,4095,4095,0,0,0.0,0.0,54612.5,HIGH,CENTER,CENTER,39.5,47.8,24.73,0.438,10.83,1500,34,0.0,0.0
2026-09-10 15:55:30,652970,-0.856042,-0.516907,259.533,34.284,259.533,34.284,4095,4095,4095,4095,0,0,0.0,0.0,54612.5,HIGH,CENTER,CENTER,39.5,47.8,24.46,0.424,10.37,1500,34,0.0,0.0
2026-09-10 15:55:31,653658,-0.856079,-0.516845,259.534,34.281,259.534,34.281,4070,4095,4095,4095,0,-25,0.0,-0.003062,54612.5,HIGH,CENTER,CENTER,39.5,47.8,22.1,0.705,15.58,1500,34,0.0,-0.092
2026-09-10 15:55:32,654342,-0.856117,-0.516782,259.536,34.278,259.536,34.278,4095,4095,4095,4095,0,0,0.0,0.0,54612.5,HIGH,CENTER,CENTER,39.5,47.8,23.9,0.461,11.02,1500,34,0.0,0.0
2026-09-10 15:55:33,655025,-0.856154,-0.51672,259.537,34.276,259.537,34.276,4095,4095,4095,4095,0,0,0.0,0.0,54612.5,HIGH,CENTER,CENTER,39.5,47.8,22.38,0.209,4.68,1500,34,0.0,0.0
2026-09-10 15:55:33,655713,-0.856154,-0.51672,259.538,34.273,259.538,34.273,4095,4095,4095,4095,0,0,0.0,0.0,54612.5,HIGH,CENTER,CENTER,39.5,47.7,22.49,0.848,19.07,1500,34,0.0,0.0
2026-09-10 15:55:34,656397,-0.856192,-0.516658,259.54,34.271,259.54,34.271,4095,4095,4095,4095,0,0,0.0,0.0,54612.5,HIGH,CENTER,CENTER,39.5,47.7,21.02,0.711,14.95,1500,34,0.0,0.0
2026-09-10 15:55:35,657080,-0.85623,-0.516596,259.541,34.268,259.541,34.268,4095,4095,4095,4095,0,0,0.0,0.0,54612.5,HIGH,CENTER,CENTER,39.5,47.7,22.96,0.646,14.83,1500,34,0.0,0.0
2026-09-10 15:55:35,657768,-0.85623,-0.516596,259.543,34.266,259.543,34.266,4095,4095,4095,4095,0,0,0.0,0.0,54612.5,HIGH,CENTER,CENTER,39.5,47.7,20.93,1.167,24.43,1500,34,0.0,0.0
2026-09-10 15:55:36,658452,-0.856267,-0.516533,259.544,34.263,259.544,34.263,4095,4095,4095,4095,0,0,0.0,0.0,54612.5,HIGH,CENTER,CENTER,39.5,47.7,21.66,0.771,16.7,1500,34,0.0,0.0
2026-09-10 15:55:37,659135,-0.856305,-0.516471,259.546,34.26,259.546,34.26,4095,4095,4095,4095,0,0,0.0,0.0,54612.5,HIGH,CENTER,CENTER,39.5,47.7,24.28,1.063,25.81,1500,34,0.0,0.0
2026-09-10 15:55:37,659823,-0.856305,-0.516471,259.547,34.258,259.547,34.258,4095,4095,4095,4095,0,0,0.0,0.0,54612.5,HIGH,CENTER,CENTER,39.5,47.6,21.04,0.339,7.13,1500,34,0.0,0.0
2026-09-10 15:55:38,660507,-0.856342,-0.516409,259.549,34.255,259.549,34.255,4095,4095,4095,4095,0,0,0.0,0.0,54612.5,HIGH,CENTER,CENTER,39.5,47.6,20.36,0.769,15.66,1500,34,0.0,0.0
2026-09-10 15:55:39,661190,-0.85638,-0.516347,259.55,34.253,259.55,34.253,4095,4095,4095,4095,0,0,0.0,0.0,54612.5,HIGH,CENTER,CENTER,39.5,47.6,20.35,1.068,21.73,1500,34,0.0,0.0
2026-09-10 15:55:39,661878,-0.85638,-0.516347,259.552,34.25,259.552,34.25,4095,4095,4095,4095,0,0,0.0,0.0,54612.5,HIGH,CENTER,CENTER,39.5,47.5,24.7,0.783,19.34,1500,34,0.0,0.0
2026-09-10 15:55:40,662562,-0.856417,-0.516284,259.553,34.247,259.553,34.247,4095,4095,4095,4095,0,0,0.0,0.0,54612.5,HIGH,CENTER,CENTER,39.5,47.5,22.53,0.918,20.68,1500,34,0.0,0.0
2026-09-10 15:55:41,663245,-0.856455,-0.516222,259.554,34.245,259.554,34.245,4095,4095,4095,4095,0,0,0.0,0.0,54612.5,HIGH,CENTER,CENTER,39.5,47.5,22.05,0.572,12.61,1500,34,0.0,0.0
2026-09-10 15:55:41,663933,-0.856455,-0.516222,259.556,34.242,259.556,34.242,4095,4095,4095,4095,0,0,0.0,0.0,54612.5,HIGH,CENTER,CENTER,39.6,47.5,24.05,0.292,7.02,1500,34,0.0,0.0
2026-09-10 15:55:42,664617,-0.856492,-0.51616,259.557,34.24,259.557,34.24,4095,4095,4095,4095,0,0,0.0,0.0,54612.5,HIGH,CENTER,CENTER,39.6,47.5,24.18,0.658,15.91,1500,34,0.0,0.0
2026-09-10 15:55:43,665300,-0.85653,-0.516097,259.559,34.237,259.559,34.237,4095,4095,4095,4095,0,0,0.0,0.0,54612.5,HIGH,CENTER,CENTER,39.6,47.5,21.66,0.594,12.87,1500,34,0.0,0.0
2026-09-10 15:55:43,665988,-0.85653,-0.516097,259.56,34.235,259.56,34.235,4095,4095,4095,4095,0,0,0.0,0.0,54612.5,HIGH,CENTER,CENTER,39.6,47.5,23.47,1.067,25.04,1500,34,0.0,0.0
2026-09-10 15:55:44,666672,-0.856567,-0.516035,259.562,34.232,259.562,34.232,4095,4095,4095,4095,0,0,0.0,0.0,54612.5,HIGH,CENTER,CENTER,39.6,47.5,23.86,0.444,10.59,1500,34,0.0,0.0
2026-09-10 15:55:45,667355,-0.856605,-0.515973,259.563,34.229,259.563,34.229,4095,4095,4095,4095,0,0,0.0,0.0,54612.5,HIGH,CENTER,CENTER,39.6,47.5,23.27,1.167,27.16,1500,34,0.0,0.0
2026-09-10 15:55:46,668043,-0.856642,-0.51591,259.565,34.227,259.565,34.227,4095,4095,4095,4095,0,0,0.0,0.0,54612.5,HIGH,CENTER,CENTER,39.6,47.4,20.76,1.158,24.04,1500,34,0.0,0.0
2026-09-10 15:55:46,668727,-0.856642,-0.51591,259.566,34.224,259.566,34.224,4095,4095,4095,4095,0,0,0.0,0.0,54612.5,HIGH,CENTER,CENTER,39.6,47.4,24.38,0.448,10.92,1500,34,0.0,0.0
2026-09-10 15:55:47,669410,-0.85668,-0.515848,259.567,34.222,259.567,34.222,4095,4095,4095,4095,0,0,0.0,0.0,54612.5,HIGH,CENTER,CENTER,39.6,47.4,22.7,0.548,12.44,1500,34,0.0,0.0
2026-09-10 15:55:48,670098,-0.856718,-0.515786,259.569,34.219,259.569,34.219,4095,4095,4095,4095,0,0,0.0,0.0,54612.5,HIGH,CENTER,CENTER,39.6,47.4,21.41,1.096,23.47,1500,34,0.0,0.0
2026-09-10 15:55:48,670782,-0.856718,-0.515786,259.57,34.217,259.57,34.217,4095,4095,4095,4095,0,0,0.0,0.0,54612.5,HIGH,CENTER,CENTER,39.6,47.4,22.13,1.167,25.83,1500,34,0.0,0.0
2026-09-10 15:55:49,671465,-0.856755,-0.515724,259.572,34.214,259.572,34.214,4080,4095,4095,4095,0,-15,0.0,-0.001835,54612.5,HIGH,CENTER,CENTER,39.6,47.4,20.19,0.643,12.98,1500,34,0.0,-0.055
2026-09-10 15:55:50,672153,-0.856793,-0.515661,259.573,34.211,259.573,34.211,4095,4095,4095,4095,0,0,0.0,0.0,54612.5,HIGH,CENTER,CENTER,39.6,47.4,20.64,0.521,10.75,1500,34,0.0,0.0
2026-09-10 15:55:50,672837,-0.856793,-0.515661,259.575,34.209,259.575,34.209,4095,4095,4095,4095,0,0,0.0,0.0,54612.5,HIGH,CENTER,CENTER,39.6,47.4,23.83,0.726,17.3,1500,34,0.0,0.0
2026-09-10 15:55:51,673520,-0.85683,-0.515599,259.576,34.206,259.576,34.206,4095,4095,4095,4095,0,0,0.0,0.0,54612.5,HIGH,CENTER,CENTER,39.6,47.4,20.0,0.888,17.76,1500,34,0.0,0.0
2026-09-10 15:55:52,674208,-0.856868,-0.515537,259.578,34.204,259.578,34.204,4095,4095,4095,4095,0,0,0.0,0.0,54612.5,HIGH,CENTER,CENTER,39.7,47.5,22.08,0.473,10.44,1500,34,0.0,0.0
2026-09-10 15:55:52,674892,-0.856868,-0.515537,259.579,34.201,259.579,34.201,4095,4095,4095,4095,0,0,0.0,0.0,54612.5,HIGH,CENTER,CENTER,39.7,47.5,22.61,0.936,21.16,1500,34,0.0,0.0
2026-09-10 15:55:53,675575,-0.856905,-0.515474,259.58,34.198,259.58,34.198,4095,4095,4095,4095,0,0,0.0,0.0,54612.5,HIGH,CENTER,CENTER,39.7,47.5,20.27,0.252,5.11,1500,34,0.0,0.0
2026-09-10 15:55:54,676263,-0.856942,-0.515412,259.582,34.196,259.582,34.196,4095,4095,4095,4095,0,0,0.0,0.0,54612.5,HIGH,CENTER,CENTER,39.6,47.3,24.87,0.249,6.19,1500,34,0.0,0.0
2026-09-10 15:55:54,676947,-0.856942,-0.515412,259.583,34.193,259.583,34.193,4080,4095,4095,4095,0,-15,0.0,-0.001835,54612.5,HIGH,CENTER,CENTER,39.6,47.3,21.13,0.586,12.38,1500,34,0.0,-0.055
2026-09-10 15:55:55,677630,-0.85698,-0.51535,259.585,34.191,259.585,34.191,4095,4095,4095,4095,0,0,0.0,0.0,54612.5,HIGH,CENTER,CENTER,39.6,47.3,21.52,0.553,11.9,1500,34,0.0,0.0
2026-09-10 15:55:56,678318,-0.857017,-0.515287,259.586,34.188,259.586,34.188,4095,4095,4095,4095,0,0,0.0,0.0,54612.5,HIGH,CENTER,CENTER,39.7,47.3,21.52,0.516,11.1,1500,34,0.0,0.0
2026-09-10 15:55:57,679002,-0.857055,-0.515225,259.588,34.186,259.588,34.186,4095,4095,4095,4095,0,0,0.0,0.0,54612.5,HIGH,CENTER,CENTER,39.7,47.3,21.15,0.691,14.61,1500,34,0.0,0.0
2026-09-10 15:55:57,679685,-0.857055,-0.515225,259.589,34.183,259.589,34.183,4095,4095,4095,4095,0,0,0.0,0.0,54612.5,HIGH,CENTER,CENTER,39.7,47.3,20.01,0.521,10.43,1500,34,0.0,0.0
2026-09-10 15:55:58,680373,-0.857092,-0.515163,259.591,34.18,259.591,34.18,4095,4095,4095,4095,0,0,0.0,0.0,54612.5,HIGH,CENTER,CENTER,39.7,47.4,23.65,0.392,9.27,1500,34,0.0,0.0
2026-09-10 15:55:59,681057,-0.85713,-0.5151,259.592,34.178,259.592,34.178,4095,4095,4095,4095,0,0,0.0,0.0,54612.5,HIGH,CENTER,CENTER,39.7,47.4,24.83,0.509,12.64,1500,34,0.0,0.0
2026-09-10 15:55:59,681740,-0.85713,-0.5151,259.593,34.175,259.593,34.175,4095,4095,4095,4095,0,0,0.0,0.0,54612.5,HIGH,CENTER,CENTER,39.7,47.4,21.12,1.175,24.82,1500,34,0.0,0.0
2026-09-10 15:56:00,682428,-0.857167,-0.515038,259.595,34.173,259.595,34.173,4095,4095,4095,4095,0,0,0.0,0.0,54612.5,HIGH,CENTER,CENTER,39.7,47.5,23.32,0.611,14.25,1500,34,0.0,0.0
2026-09-10 15:56:01,683112,-0.857205,-0.514976,259.596,34.17,259.596,34.17,4095,4095,4095,4095,0,0,0.0,0.0,54612.5,HIGH,CENTER,CENTER,39.7,47.5,23.71,0.645,15.29,1500,34,0.0,0.0
2026-09-10 15:56:01,683795,-0.857205,-0.514976,259.598,34.167,259.598,34.167,4095,4095,4095,4095,0,0,0.0,0.0,54612.5,HIGH,CENTER,CENTER,39.7,47.5,24.24,0.777,18.83,1500,34,0.0,0.0
2026-09-10 15:56:02,684483,-0.857242,-0.514913,259.599,34.165,259.599,34.165,4095,4095,4095,4095,0,0,0.0,0.0,54612.5,HIGH,CENTER,CENTER,39.7,47.2,22.11,1.183,26.16,1500,34,0.0,0.0
2026-09-10 15:56:03,685167,-0.85728,-0.514851,259.601,34.162,259.601,34.162,4095,4095,4095,4095,0,0,0.0,0.0,54612.5,HIGH,CENTER,CENTER,39.7,47.2,21.51,0.442,9.51,1500,34,0.0,0.0
2026-09-10 15:56:03,685850,-0.85728,-0.514851,259.602,34.16,259.602,34.16,4095,4095,4095,4095,0,0,0.0,0.0,54612.5,HIGH,CENTER,CENTER,39.7,47.2,21.63,0.881,19.06,1500,34,0.0,0.0
2026-09-10 15:56:04,686538,-0.857317,-0.514789,259.604,34.157,259.604,34.157,4095,4095,4095,4095,0,0,0.0,0.0,54612.5,HIGH,CENTER,CENTER,39.7,47.1,23.56,0.916,21.58,1500,34,0.0,0.0
2026-09-10 15:56:05,687222,-0.857355,-0.514726,259.605,34.155,259.605,34.155,4095,4095,4095,4095,0,0,0.0,0.0,54612.5,HIGH,CENTER,CENTER,39.7,47.1,24.08,0.807,19.43,1500,34,0.0,0.0
2026-09-10 15:56:05,687905,-0.857355,-0.514726,259.606,34.152,259.606,34.152,4095,4095,4095,4095,0,0,0.0,0.0,54612.5,HIGH,CENTER,CENTER,39.7,47.1,20.91,0.289,6.04,1500,34,0.0,0.0
2026-09-10 15:56:06,688593,-0.857392,-0.514664,259.608,34.149,259.608,34.149,4095,4095,4095,4095,0,0,0.0,0.0,54612.5,HIGH,CENTER,CENTER,39.7,47.0,21.85,0.877,19.16,1500,34,0.0,0.0
2026-09-10 15:56:07,689277,-0.857429,-0.514602,259.609,34.147,259.609,34.147,4095,4095,4095,4095,0,0,0.0,0.0,54612.5,HIGH,CENTER,CENTER,39.7,47.0,24.51,0.264,6.47,1500,34,0.0,0.0
2026-09-10 15:56:07,689960,-0.857429,-0.514602,259.611,34.144,259.611,34.144,4095,4095,4095,4095,0,0,0.0,0.0,54612.5,HIGH,CENTER,CENTER,39.7,47.0,24.03,0.796,19.13,1500,34,0.0,0.0
2026-09-10 15:56:08,690648,-0.857467,-0.514539,259.612,34.142,259.612,34.142,4095,4095,4095,4095,0,0,0.0,0.0,54612.5,HIGH,CENTER,CENTER,39.7,46.8,24.92,0.94,23.42,1500,34,0.0,0.0
2026-09-10 15:56:09,691332,-0.857504,-0.514477,259.614,34.139,259.614,34.139,4095,4095,4095,4095,0,0,0.0,0.0,54612.5,HIGH,CENTER,CENTER,39.7,46.8,23.77,0.411,9.77,1500,34,0.0,0.0
2026-09-10 15:56:10,692015,-0.857542,-0.514415,259.615,34.137,259.615,34.137,4095,4095,4095,4095,0,0,0.0,0.0,54612.5,HIGH,CENTER,CENTER,39.7,46.8,21.97,1.042,22.89,1500,34,0.0,0.0
2026-09-10 15:56:10,692703,-0.857542,-0.514415,259.617,34.134,259.617,34.134,4095,4095,4095,4095,0,0,0.0,0.0,54612.5,HIGH,CENTER,CENTER,39.7,46.8,22.95,0.23,5.28,1500,34,0.0,0.0
2026-09-10 15:56:11,693387,-0.857579,-0.514352,259.618,34.131,259.618,34.131,4095,4095,4095,4095,0,0,0.0,0.0,54612.5,HIGH,CENTER,CENTER,39.7,46.8,23.31,1.044,24.34,1500,34,0.0,0.0
2026-09-10 15:56:12,694070,-0.857616,-0.51429,259.619,34.129,259.619,34.129,4095,4095,4095,4095,0,0,0.0,0.0,54612.5,HIGH,CENTER,CENTER,39.7,46.8,20.39,0.66,13.46,1500,34,0.0,0.0
2026-09-10 15:56:12,694758,-0.857616,-0.51429,259.621,34.126,259.621,34.126,4095,4095,4095,4095,0,0,0.0,0.0,54612.5,HIGH,CENTER,CENTER,39.7,46.9,22.72,0.418,9.5,1500,34,0.0,0.0
2026-09-10 15:56:13,695442,-0.857654,-0.514227,259.622,34.124,259.622,34.124,4095,4095,4095,4095,0,0,0.0,0.0,54612.5,HIGH,CENTER,CENTER,39.7,46.9,23.55,0.334,7.87,1500,34,0.0,0.0
2026-09-10 15:56:14,696125,-0.857691,-0.514165,259.624,34.121,259.624,34.121,4095,4095,4095,4095,0,0,0.0,0.0,54612.5,HIGH,CENTER,CENTER,39.7,46.9,20.84,1.153,24.03,1500,34,0.0,0.0
2026-09-10 15:56:14,696813,-0.857691,-0.514165,259.625,34.118,259.625,34.118,4095,4095,4095,4095,0,0,0.0,0.0,54612.5,HIGH,CENTER,CENTER,39.7,46.9,23.9,0.273,6.52,1500,34,0.0,0.0
2026-09-10 15:56:15,697497,-0.857729,-0.514103,259.627,34.116,259.627,34.116,4095,4095,4095,4095,0,0,0.0,0.0,54612.5,HIGH,CENTER,CENTER,39.7,46.9,22.92,0.399,9.15,1500,34,0.0,0.0
2026-09-10 15:56:16,698180,-0.857766,-0.51404,259.628,34.113,259.628,34.113,4095,4095,4095,4095,0,0,0.0,0.0,54612.5,HIGH,CENTER,CENTER,39.7,46.9,24.76,0.548,13.57,1500,34,0.0,0.0
2026-09-10 15:56:16,698868,-0.857766,-0.51404,259.63,34.111,259.63,34.111,4095,4095,4095,4095,0,0,0.0,0.0,54612.5,HIGH,CENTER,CENTER,39.7,46.8,20.21,0.82,16.57,1500,34,0.0,0.0
2026-09-10 15:56:17,699552,-0.857803,-0.513978,259.631,34.108,259.631,34.108,4095,4095,4095,4095,0,0,0.0,0.0,54612.5,HIGH,CENTER,CENTER,39.7,46.8,21.33,0.745,15.89,1500,34,0.0,0.0
2026-09-10 15:56:18,700235,-0.857841,-0.513916,259.632,34.106,259.632,34.106,4095,4095,4095,4095,0,0,0.0,0.0,54612.5,HIGH,CENTER,CENTER,39.7,46.8,23.01,0.326,7.5,1500,34,0.0,0.0
2026-09-10 15:56:18,700923,-0.857841,-0.513916,259.634,34.103,259.634,34.103,4095,4095,4095,4095,0,0,0.0,0.0,54612.5,HIGH,CENTER,CENTER,39.7,46.9,21.48,0.49,10.53,1500,34,0.0,0.0
2026-09-10 15:56:19,701607,-0.857878,-0.513853,259.635,34.1,259.635,34.1,4095,4095,4095,4095,0,0,0.0,0.0,54612.5,HIGH,CENTER,CENTER,39.7,46.9,23.57,0.439,10.35,1500,34,0.0,0.0
2026-09-10 15:56:20,702290,-0.857915,-0.513791,259.637,34.098,259.637,34.098,4095,4095,4095,4095,0,0,0.0,0.0,54612.5,HIGH,CENTER,CENTER,39.7,46.9,23.8,0.414,9.85,1500,34,0.0,0.0
2026-09-10 15:56:20,702978,-0.857915,-0.513791,259.638,34.095,259.638,34.095,4095,4095,4095,4095,0,0,0.0,0.0,54612.5,HIGH,CENTER,CENTER,39.7,47.0,20.51,0.611,12.53,1500,34,0.0,0.0
2026-09-10 15:56:21,703662,-0.857953,-0.513728,259.64,34.093,259.64,34.093,4095,4095,4095,4095,0,0,0.0,0.0,54612.5,HIGH,CENTER,CENTER,39.7,47.0,22.57,0.904,20.4,1500,34,0.0,0.0
2026-09-10 15:56:22,704345,-0.85799,-0.513666,259.641,34.09,259.641,34.09,4095,4095,4095,4095,0,0,0.0,0.0,54612.5,HIGH,CENTER,CENTER,39.7,47.0,22.54,0.417,9.4,1500,34,0.0,0.0
2026-09-10 15:56:23,705033,-0.858028,-0.513604,259.643,34.087,259.643,34.087,4095,4095,4095,4095,0,0,0.0,0.0,54612.5,HIGH,CENTER,CENTER,39.7,47.0,21.85,0.567,12.39,1500,34,0.0,0.0
2026-09-10 15:56:23,705717,-0.858028,-0.513604,259.644,34.085,259.644,34.085,4095,4095,4095,4095,0,0,0.0,0.0,54612.5,HIGH,CENTER,CENTER,39.7,47.0,24.66,0.591,14.57,1500,34,0.0,0.0
2026-09-10 15:56:24,706400,-0.858065,-0.513541,259.645,34.082,259.645,34.082,4095,4095,4095,4095,0,0,0.0,0.0,54612.5,HIGH,CENTER,CENTER,39.7,47.0,24.14,1.176,28.39,1500,34,0.0,0.0
2026-09-10 15:56:25,707088,-0.858102,-0.513479,259.647,34.08,259.647,34.08,4095,4095,4095,4095,0,0,0.0,0.0,54612.5,HIGH,CENTER,CENTER,39.7,46.8,23.49,1.155,27.13,1500,34,0.0,0.0
2026-09-10 15:56:25,707772,-0.858102,-0.513479,259.648,34.077,259.648,34.077,4095,4095,4095,4095,0,0,0.0,0.0,54612.5,HIGH,CENTER,CENTER,39.7,46.8,23.57,1.0,23.57,1500,34,0.0,0.0
2026-09-10 15:56:26,708455,-0.85814,-0.513416,259.65,34.075,259.65,34.075,4095,4095,4095,4095,0,0,0.0,0.0,54612.5,HIGH,CENTER,CENTER,39.7,46.8,22.31,0.442,9.86,1500,34,0.0,0.0
2026-09-10 15:56:27,709143,-0.858177,-0.513354,259.651,34.072,259.651,34.072,4095,4095,4095,4095,0,0,0.0,0.0,54612.5,HIGH,CENTER,CENTER,39.7,46.7,24.6,0.268,6.59,1500,34,0.0,0.0
2026-09-10 15:56:27,709827,-0.858177,-0.513354,259.653,34.069,259.653,34.069,4095,4095,4095,4095,0,0,0.0,0.0,54612.5,HIGH,CENTER,CENTER,39.7,46.7,23.47,0.517,12.13,1500,34,0.0,0.0
2026-09-10 15:56:28,710510,-0.858214,-0.513292,259.654,34.067,259.654,34.067,4095,4095,4095,4095,0,0,0.0,0.0,54612.5,HIGH,CENTER,CENTER,39.7,46.7,23.64,0.467,11.04,1500,34,0.0,0.0
2026-09-10 15:56:29,711198,-0.858252,-0.513229,259.656,34.064,259.656,34.064,4095,4095,4095,4095,0,0,0.0,0.0,54612.5,HIGH,CENTER,CENTER,39.7,46.7,24.31,0.706,17.16,1500,34,0.0,0.0
2026-09-10 15:56:29,711882,-0.858252,-0.513229,259.657,34.062,259.657,34.062,4095,4095,4095,4095,0,0,0.0,0.0,54612.5,HIGH,CENTER,CENTER,39.7,46.7,21.37,0.978,20.9,1500,34,0.0,0.0
2026-09-10 15:56:30,712565,-0.858289,-0.513167,259.658,34.059,259.658,34.059,4095,4095,4095,4095,0,0,0.0,0.0,54612.5,HIGH,CENTER,CENTER,39.7,46.7,24.04,1.058,25.43,1500,34,0.0,0.0
2026-09-10 15:56:31,713253,-0.858326,-0.513104,259.66,34.056,259.66,34.056,4095,4095,4095,4095,0,0,0.0,0.0,54612.5,HIGH,CENTER,CENTER,39.7,46.6,20.98,1.045,21.92,1500,34,0.0,0.0
2026-09-10 15:56:31,713937,-0.858326,-0.513104,259.661,34.054,259.661,34.054,4095,4095,4095,4095,0,0,0.0,0.0,54612.5,HIGH,CENTER,CENTER,39.7,46.6,21.73,0.56,12.17,1500,34,0.0,0.0
2026-09-10 15:56:32,714620,-0.858364,-0.513042,259.663,34.051,259.663,34.051,4095,4095,4095,4095,0,0,0.0,0.0,54612.5,HIGH,CENTER,CENTER,39.7,46.6,21.68,0.887,19.23,1500,34,0.0,0.0
2026-09-10 15:56:33,715308,-0.858401,-0.51298,259.664,34.049,259.664,34.049,4095,4095,4095,4095,0,0,0.0,0.0,54612.5,HIGH,CENTER,CENTER,39.7,46.8,24.89,0.513,12.77,1500,34,0.0,0.0
2026-09-10 15:56:34,715992,-0.858438,-0.512917,259.666,34.046,259.666,34.046,4095,4095,4095,4095,0,0,0.0,0.0,54612.5,HIGH,CENTER,CENTER,39.7,46.8,24.28,0.261,6.34,1500,34,0.0,0.0
2026-09-10 15:56:34,716675,-0.858438,-0.512917,259.667,34.044,259.667,34.044,4095,4095,4095,4095,0,0,0.0,0.0,54612.5,HIGH,CENTER,CENTER,39.7,46.8,23.51,0.902,21.21,1500,34,0.0,0.0
2026-09-10 15:56:35,717363,-0.858475,-0.512855,259.669,34.041,259.669,34.041,4095,4095,4095,4095,0,0,0.0,0.0,54612.5,HIGH,CENTER,CENTER,39.6,46.6,23.64,0.21,4.96,1500,34,0.0,0.0
2026-09-10 15:56:36,718046,-0.858513,-0.512792,259.67,34.038,259.67,34.038,4095,4095,4095,4095,0,0,0.0,0.0,54612.5,HIGH,CENTER,CENTER,39.6,46.6,22.81,0.609,13.89,1500,34,0.0,0.0
2026-09-10 15:56:36,718729,-0.858513,-0.512792,259.671,34.036,259.671,34.036,4095,4095,4095,4095,0,0,0.0,0.0,54612.5,HIGH,CENTER,CENTER,39.6,46.6,24.74,0.529,13.09,1500,34,0.0,0.0
2026-09-10 15:56:37,719417,-0.85855,-0.51273,259.673,34.033,259.673,34.033,4095,4095,4095,4095,0,0,0.0,0.0,54612.5,HIGH,CENTER,CENTER,39.6,46.3,22.48,0.893,20.07,1500,34,0.0,0.0
2026-09-10 15:56:38,720101,-0.858587,-0.512667,259.674,34.031,259.674,34.031,4095,4095,4095,4095,0,0,0.0,0.0,54612.5,HIGH,CENTER,CENTER,39.6,46.3,21.9,0.966,21.16,1500,34,0.0,0.0
2026-09-10 15:56:38,720784,-0.858587,-0.512667,259.676,34.028,259.676,34.028,4095,4095,4095,4095,0,0,0.0,0.0,54612.5,HIGH,CENTER,CENTER,39.6,46.3,20.82,0.504,10.49,1500,34,0.0,0.0
2026-09-10 15:56:39,721472,-0.858625,-0.512605,259.677,34.025,259.677,34.025,4095,4095,4095,4095,0,0,0.0,0.0,54612.5,HIGH,CENTER,CENTER,39.6,46.1,23.93,1.012,24.22,1500,34,0.0,0.0
2026-09-10 15:56:40,722156,-0.858662,-0.512543,259.679,34.023,259.679,34.023,4077,4095,4095,4095,0,-18,0.0,-0.002203,54612.5,HIGH,CENTER,CENTER,39.6,46.1,23.67,0.494,11.69,1500,34,0.0,-0.066
2026-09-10 15:56:40,722839,-0.858662,-0.512543,259.68,34.02,259.68,34.02,4095,4095,4095,4095,0,0,0.0,0.0,54612.5,HIGH,CENTER,CENTER,39.6,46.1,21.92,0.646,14.16,1500,34,0.0,0.0
2026-09-10 15:56:41,723527,-0.858699,-0.51248,259.681,34.018,259.681,34.018,4095,4095,4095,4095,0,0,0.0,0.0,54612.5,HIGH,CENTER,CENTER,39.5,46.2,20.13,0.927,18.66,1500,34,0.0,0.0
2026-09-10 15:56:42,724211,-0.858736,-0.512418,259.683,34.015,259.683,34.015,4095,4095,4095,4095,0,0,0.0,0.0,54612.5,HIGH,CENTER,CENTER,39.5,46.2,24.19,0.893,21.6,1500,34,0.0,0.0
2026-09-10 15:56:42,724894,-0.858736,-0.512418,259.684,34.013,259.684,34.013,4047,4095,4095,4095,0,-48,0.0,-0.005895,54612.5,HIGH,CENTER,CENTER,39.5,46.2,20.06,1.187,23.81,1500,34,0.0,-0.177
2026-09-10 15:56:43,725582,-0.858774,-0.512355,259.686,34.01,259.686,34.01,4095,4095,4095,4095,0,0,0.0,0.0,54612.5,HIGH,CENTER,CENTER,39.5,46.3,23.52,0.425,10.0,1500,34,0.0,0.0
2026-09-10 15:56:44,726266,-0.858811,-0.512293,259.687,34.007,259.687,34.007,4095,4095,4095,4095,0,0,0.0,0.0,54612.5,HIGH,CENTER,CENTER,39.5,46.3,24.85,0.862,21.42,1500,34,0.0,0.0
2026-09-10 15:56:44,726949,-0.858811,-0.512293,259.689,34.005,259.689,34.005,4095,4095,4095,4095,0,0,0.0,0.0,54612.5,HIGH,CENTER,CENTER,39.5,46.3,22.19,0.81,17.97,1500,34,0.0,0.0
2026-09-10 15:56:45,727637,-0.858848,-0.51223,259.69,34.002,259.69,34.002,4095,4095,4095,4095,0,0,0.0,0.0,54612.5,HIGH,CENTER,CENTER,39.5,46.6,21.17,1.115,23.6,1500,34,0.0,0.0
2026-09-10 15:56:46,728321,-0.858885,-0.512168,259.692,34.0,259.692,34.0,4095,4095,4095,4095,0,0,0.0,0.0,54612.5,HIGH,CENTER,CENTER,39.5,46.6,23.52,0.356,8.37,1500,34,0.0,0.0
2026-09-10 15:56:47,729004,-0.858923,-0.512105,259.693,33.997,259.693,33.997,4095,4095,4095,4095,0,0,0.0,0.0,54612.5,HIGH,CENTER,CENTER,39.5,46.6,24.09,0.952,22.93,1500,34,0.0,0.0
2026-09-10 15:56:47,729692,-0.858923,-0.512105,259.694,33.995,259.694,33.995,4095,4095,4095,4095,0,0,0.0,0.0,54612.5,HIGH,CENTER,CENTER,39.4,46.8,22.73,0.768,17.46,1500,34,0.0,0.0
2026-09-10 15:56:48,730375,-0.85896,-0.512043,259.696,33.992,259.696,33.992,4095,4095,4095,4095,0,0,0.0,0.0,54612.5,HIGH,CENTER,CENTER,39.4,46.8,24.84,0.475,11.8,1500,34,0.0,0.0
2026-09-10 15:56:49,731058,-0.858997,-0.51198,259.697,33.989,259.697,33.989,4095,4095,4095,4095,0,0,0.0,0.0,54612.5,HIGH,CENTER,CENTER,39.4,46.8,20.26,0.674,13.66,1500,34,0.0,0.0
2026-09-10 15:56:49,731746,-0.858997,-0.51198,259.699,33.987,259.699,33.987,4095,4095,4095,4095,0,0,0.0,0.0,54612.5,HIGH,CENTER,CENTER,39.4,47.1,22.52,0.534,12.03,1500,34,0.0,0.0
2026-09-10 15:56:50,732430,-0.859034,-0.511918,259.7,33.984,259.7,33.984,4095,4095,4095,4095,0,0,0.0,0.0,54612.5,HIGH,CENTER,CENTER,39.4,47.1,23.59,0.779,18.38,1500,34,0.0,0.0
2026-09-10 15:56:51,733113,-0.859072,-0.511855,259.702,33.982,259.702,33.982,4095,4095,4095,4095,0,0,0.0,0.0,54612.5,HIGH,CENTER,CENTER,39.4,47.1,24.31,1.089,26.47,1500,34,0.0,0.0
2026-09-10 15:56:51,733801,-0.859072,-0.511855,259.703,33.979,259.703,33.979,4095,4095,4095,4095,0,0,0.0,0.0,54612.5,HIGH,CENTER,CENTER,39.3,47.3,20.9,0.769,16.07,1500,34,0.0,0.0
2026-09-10 15:56:52,734485,-0.859109,-0.511793,259.705,33.976,259.705,33.976,4095,4095,4095,4095,0,0,0.0,0.0,54612.5,HIGH,CENTER,CENTER,39.3,47.3,24.0,0.832,19.97,1500,34,0.0,0.0
2026-09-10 15:56:53,735168,-0.859146,-0.511731,259.706,33.974,259.706,33.974,4095,4095,4095,4095,0,0,0.0,0.0,54612.5,HIGH,CENTER,CENTER,39.3,47.3,22.76,0.719,16.36,1500,34,0.0,0.0
2026-09-10 15:56:53,735856,-0.859146,-0.511731,259.707,33.971,259.707,33.971,4095,4095,4095,4095,0,0,0.0,0.0,54612.5,HIGH,CENTER,CENTER,39.2,47.3,21.98,0.251,5.52,1500,34,0.0,0.0
2026-09-10 15:56:54,736540,-0.859183,-0.511668,259.709,33.969,259.709,33.969,4095,4095,4095,4095,0,0,0.0,0.0,54612.5,HIGH,CENTER,CENTER,39.2,47.3,20.66,0.433,8.95,1500,34,0.0,0.0
2026-09-10 15:56:55,737223,-0.85922,-0.511606,259.71,33.966,259.71,33.966,4095,4095,4095,4095,0,0,0.0,0.0,54612.5,HIGH,CENTER,CENTER,39.2,47.3,24.33,0.692,16.84,1500,34,0.0,0.0
2026-09-10 15:56:55,737911,-0.85922,-0.511606,259.712,33.964,259.712,33.964,4095,4095,4095,4095,0,0,0.0,0.0,54612.5,HIGH,CENTER,CENTER,39.1,47.2,20.79,0.51,10.6,1500,34,0.0,0.0
2026-09-10 15:56:56,738595,-0.859258,-0.511543,259.713,33.961,259.713,33.961,4095,4095,4095,4095,0,0,0.0,0.0,54612.5,HIGH,CENTER,CENTER,39.1,47.2,21.55,0.382,8.23,1500,34,0.0,0.0
2026-09-10 15:56:57,739278,-0.859295,-0.511481,259.715,33.958,259.715,33.958,4095,4095,4095,4095,0,0,0.0,0.0,54612.5,HIGH,CENTER,CENTER,39.1,47.2,21.45,0.704,15.1,1500,34,0.0,0.0
2026-09-10 15:56:57,739966,-0.859295,-0.511481,259.716,33.956,259.716,33.956,4080,4095,4095,4095,0,-15,0.0,-0.001835,54612.5,HIGH,CENTER,CENTER,39.1,47.3,24.36,0.523,12.74,1500,34,0.0,-0.055
2026-09-10 15:56:58,740650,-0.859332,-0.511418,259.717,33.953,259.717,33.953,4095,4095,4095,4095,0,0,0.0,0.0,54612.5,HIGH,CENTER,CENTER,39.1,47.3,23.36,0.458,10.7,1500,34,0.0,0.0
2026-09-10 15:56:59,741333,-0.859369,-0.511356,259.719,33.951,259.719,33.951,4095,4095,4095,4095,0,0,0.0,0.0,54612.5,HIGH,CENTER,CENTER,39.1,47.3,23.98,0.664,15.92,1500,34,0.0,0.0
2026-09-10 15:57:00,742021,-0.859406,-0.511293,259.72,33.948,259.72,33.948,4095,4095,4095,4095,0,0,0.0,0.0,54612.5,HIGH,CENTER,CENTER,39.1,47.4,21.25,0.333,7.08,1500,34,0.0,0.0
2026-09-10 15:57:00,742705,-0.859406,-0.511293,259.722,33.945,259.722,33.945,4095,4095,4095,4095,0,0,0.0,0.0,54612.5,HIGH,CENTER,CENTER,39.1,47.4,23.12,1.128,26.08,1500,34,0.0,0.0
2026-09-10 15:57:01,743388,-0.859444,-0.511231,259.723,33.943,259.723,33.943,4095,4095,4095,4095,0,0,0.0,0.0,54612.5,HIGH,CENTER,CENTER,39.1,47.4,22.86,1.068,24.41,1500,34,0.0,0.0
2026-09-10 15:57:02,744076,-0.859481,-0.511168,259.725,33.94,259.725,33.94,4095,4095,4095,4095,0,0,0.0,0.0,54612.5,HIGH,CENTER,CENTER,39.1,47.4,24.16,0.908,21.94,1500,34,0.0,0.0
2026-09-10 15:57:02,744760,-0.859481,-0.511168,259.726,33.938,259.726,33.938,4095,4095,4095,4095,0,0,0.0,0.0,54612.5,HIGH,CENTER,CENTER,39.1,47.4,24.53,0.306,7.51,1500,34,0.0,0.0
2026-09-10 15:57:03,745443,-0.859518,-0.511106,259.728,33.935,259.728,33.935,4095,4095,4095,4095,0,0,0.0,0.0,54612.5,HIGH,CENTER,CENTER,39.1,47.4,20.06,0.976,19.58,1500,34,0.0,0.0
2026-09-10 15:57:04,746131,-0.859555,-0.511043,259.729,33.933,259.729,33.933,4095,4095,4095,4095,0,0,0.0,0.0,54612.5,HIGH,CENTER,CENTER,39.1,47.4,23.37,1.008,23.56,1500,34,0.0,0.0
2026-09-10 15:57:04,746815,-0.859555,-0.511043,259.73,33.93,259.73,33.93,4095,4095,4095,4095,0,0,0.0,0.0,54612.5,HIGH,CENTER,CENTER,39.1,47.4,20.26,0.968,19.61,1500,34,0.0,0.0
2026-09-10 15:57:05,747498,-0.859592,-0.510981,259.732,33.927,259.732,33.927,4095,4095,4095,4095,0,0,0.0,0.0,54612.5,HIGH,CENTER,CENTER,39.1,47.4,22.74,0.314,7.14,1500,34,0.0,0.0
2026-09-10 15:57:06,748186,-0.859629,-0.510918,259.733,33.925,259.733,33.925,4095,4095,4095,4095,0,0,0.0,0.0,54612.5,HIGH,CENTER,CENTER,39.1,47.3,21.44,0.844,18.1,1500,34,0.0,0.0
2026-09-10 15:57:06,748870,-0.859629,-0.510918,259.735,33.922,259.735,33.922,4095,4095,4095,4095,0,0,0.0,0.0,54612.5,HIGH,CENTER,CENTER,39.1,47.3,21.53,1.034,22.26,1500,34,0.0,0.0
2026-09-10 15:57:07,749553,-0.859667,-0.510856,259.736,33.92,259.736,33.92,4095,4095,4095,4095,0,0,0.0,0.0,54612.5,HIGH,CENTER,CENTER,39.1,47.3,21.76,0.777,16.91,1500,34,0.0,0.0
2026-09-10 15:57:08,750241,-0.859704,-0.510793,259.738,33.917,259.738,33.917,4095,4095,4095,4095,0,0,0.0,0.0,54612.5,HIGH,CENTER,CENTER,39.1,47.3,23.11,0.846,19.55,1500,34,0.0,0.0
2026-09-10 15:57:08,750925,-0.859704,-0.510793,259.739,33.914,259.739,33.914,4095,4095,4095,4095,0,0,0.0,0.0,54612.5,HIGH,CENTER,CENTER,39.1,47.3,21.67,0.658,14.26,1500,34,0.0,0.0
2026-09-10 15:57:09,751608,-0.859741,-0.51073,259.74,33.912,259.74,33.912,4095,4095,4095,4095,0,0,0.0,0.0,54612.5,HIGH,CENTER,CENTER,39.1,47.3,23.66,0.729,17.25,1500,34,0.0,0.0
2026-09-10 15:57:10,752296,-0.859778,-0.510668,259.742,33.909,259.742,33.909,4095,4095,4095,4095,0,0,0.0,0.0,54612.5,HIGH,CENTER,CENTER,39.0,47.2,22.02,0.234,5.15,1500,34,0.0,0.0
2026-09-10 15:57:10,752979,-0.859778,-0.510668,259.743,33.907,259.743,33.907,4095,4095,4095,4095,0,0,0.0,0.0,54612.5,HIGH,CENTER,CENTER,39.0,47.2,20.34,0.839,17.07,1500,34,0.0,0.0
2026-09-10 15:57:11,753662,-0.859815,-0.510605,259.745,33.904,259.745,33.904,4095,4095,4095,4095,0,0,0.0,0.0,54612.5,HIGH,CENTER,CENTER,39.0,47.2,23.92,0.281,6.72,1500,34,0.0,0.0
2026-09-10 15:57:12,754350,-0.859852,-0.510543,259.746,33.902,259.746,33.902,4087,4095,4095,4095,0,-8,0.0,-0.000978,54612.5,HIGH,CENTER,CENTER,39.1,47.3,21.43,0.635,13.61,1500,34,0.0,-0.029
2026-09-10 15:57:13,755034,-0.859889,-0.51048,259.748,33.899,259.748,33.899,4090,4095,4095,4095,0,-5,0.0,-0.000611,54612.5,HIGH,CENTER,CENTER,39.1,47.3,22.16,0.493,10.92,1500,34,0.0,-0.018
2026-09-10 15:57:13,755717,-0.859889,-0.51048,259.749,33.896,259.749,33.896,4095,4095,4095,4095,0,0,0.0,0.0,54612.5,HIGH,CENTER,CENTER,39.1,47.3,23.43,0.745,17.46,1500,34,0.0,0.0
2026-09-10 15:57:14,756405,-0.859927,-0.510418,259.751,33.894,259.751,33.894,4095,4095,4095,4095,0,0,0.0,0.0,54612.5,HIGH,CENTER,CENTER,39.1,47.4,21.66,0.333,7.21,1500,34,0.0,0.0
2026-09-10 15:57:15,757089,-0.859964,-0.510355,259.752,33.891,259.752,33.891,4095,4095,4095,4095,0,0,0.0,0.0,54612.5,HIGH,CENTER,CENTER,39.1,47.4,20.28,0.892,18.09,1500,34,0.0,0.0
2026-09-10 15:57:15,757772,-0.859964,-0.510355,259.753,33.889,259.753,33.889,4095,4095,4095,4095,0,0,0.0,0.0,54612.5,HIGH,CENTER,CENTER,39.1,47.4,21.87,0.995,21.76,1500,34,0.0,0.0
2026-09-10 15:57:16,758460,-0.860001,-0.510293,259.755,33.886,259.755,33.886,4095,4095,4095,4095,0,0,0.0,0.0,54612.5,HIGH,CENTER,CENTER,39.1,47.4,24.72,0.363,8.97,1500,34,0.0,0.0
2026-09-10 15:57:17,759144,-0.860038,-0.51023,259.756,33.883,259.756,33.883,4095,4095,4095,4095,0,0,0.0,0.0,54612.5,HIGH,CENTER,CENTER,39.1,47.4,23.21,0.304,7.06,1500,34,0.0,0.0
2026-09-10 15:57:17,759827,-0.860038,-0.51023,259.758,33.881,259.758,33.881,4095,4095,4095,4095,0,0,0.0,0.0,54612.5,HIGH,CENTER,CENTER,39.1,47.4,23.36,0.346,8.08,1500,34,0.0,0.0
2026-09-10 15:57:18,760515,-0.860075,-0.510168,259.759,33.878,259.759,33.878,4095,4095,4095,4095,0,0,0.0,0.0,54612.5,HIGH,CENTER,CENTER,39.1,47.5,23.16,1.077,24.94,1500,34,0.0,0.0
2026-09-10 15:57:19,761199,-0.860112,-0.510105,259.761,33.876,259.761,33.876,4095,4095,4095,4095,0,0,0.0,0.0,54612.5,HIGH,CENTER,CENTER,39.1,47.5,20.99,0.728,15.28,1500,34,0.0,0.0
2026-09-10 15:57:19,761882,-0.860112,-0.510105,259.762,33.873,259.762,33.873,4095,4095,4095,4095,0,0,0.0,0.0,54612.5,HIGH,CENTER,CENTER,39.1,47.5,22.09,0.667,14.73,1500,34,0.0,0.0
2026-09-10 15:57:20,762570,-0.860149,-0.510043,259.763,33.871,259.763,33.871,4095,4095,4095,4095,0,0,0.0,0.0,54612.5,HIGH,CENTER,CENTER,39.0,47.5,23.75,0.307,7.29,1500,34,0.0,0.0
2026-09-10 15:57:21,763254,-0.860186,-0.50998,259.765,33.868,259.765,33.868,4095,4095,4095,4095,0,0,0.0,0.0,54612.5,HIGH,CENTER,CENTER,39.0,47.5,20.51,0.85,17.43,1500,34,0.0,0.0
2026-09-10 15:57:21,763937,-0.860186,-0.50998,259.766,33.865,259.766,33.865,4095,4095,4095,4095,0,0,0.0,0.0,54612.5,HIGH,CENTER,CENTER,39.0,47.5,21.39,1.068,22.84,1500,34,0.0,0.0
2026-09-10 15:57:22,764625,-0.860223,-0.509917,259.768,33.863,259.768,33.863,4095,4095,4095,4095,0,0,0.0,0.0,54612.5,HIGH,CENTER,CENTER,39.0,47.7,21.38,1.028,21.98,1500,34,0.0,0.0
2026-09-10 15:57:23,765309,-0.86026,-0.509855,259.769,33.86,259.769,33.86,4095,4095,4095,4095,0,0,0.0,0.0,54612.5,HIGH,CENTER,CENTER,39.0,47.7,22.16,0.826,18.3,1500,34,0.0,0.0
2026-09-10 15:57:24,765992,-0.860297,-0.509792,259.771,33.858,259.771,33.858,4095,4095,4095,4095,0,0,0.0,0.0,54612.5,HIGH,CENTER,CENTER,39.0,47.7,24.9,0.275,6.85,1500,34,0.0,0.0
2026-09-10 15:57:24,766680,-0.860297,-0.509792,259.772,33.855,259.772,33.855,4095,4095,4095,4095,0,0,0.0,0.0,54612.5,HIGH,CENTER,CENTER,39.0,48.1,20.34,0.312,6.35,1500,34,0.0,0.0
2026-09-10 15:57:25,767364,-0.860335,-0.50973,259.774,33.852,259.774,33.852,4095,4095,4095,4095,0,0,0.0,0.0,54612.5,HIGH,CENTER,CENTER,39.0,48.1,22.59,0.249,5.62,1500,34,0.0,0.0
2026-09-10 15:57:26,768047,-0.860372,-0.509667,259.775,33.85,259.775,33.85,4095,4095,4095,4095,0,0,0.0,0.0,54612.5,HIGH,CENTER,CENTER,39.0,48.1,20.9,0.457,9.55,1500,34,0.0,0.0
2026-09-10 15:57:26,768735,-0.860372,-0.509667,259.776,33.847,259.776,33.847,4095,4095,4095,4095,0,0,0.0,0.0,54612.5,HIGH,CENTER,CENTER,39.0,48.4,24.85,0.336,8.35,1500,34,0.0,0.0
2026-09-10 15:57:27,769419,-0.860409,-0.509605,259.778,33.845,259.778,33.845,4095,4095,4095,4095,0,0,0.0,0.0,54612.5,HIGH,CENTER,CENTER,39.0,48.4,20.57,0.46,9.46,1500,34,0.0,0.0
2026-09-10 15:57:28,770102,-0.860446,-0.509542,259.779,33.842,259.779,33.842,4095,4095,4095,4095,0,0,0.0,0.0,54612.5,HIGH,CENTER,CENTER,39.0,48.4,22.02,0.585,12.88,1500,34,0.0,0.0
2026-09-10 15:57:28,770790,-0.860446,-0.509542,259.781,33.84,259.781,33.84,4095,4095,4095,4095,0,0,0.0,0.0,54612.5,HIGH,CENTER,CENTER,39.0,48.5,23.69,1.143,27.08,1500,34,0.0,0.0
2026-09-10 15:57:29,771474,-0.860483,-0.50948,259.782,33.837,259.782,33.837,4095,4095,4095,4095,0,0,0.0,0.0,54612.5,HIGH,CENTER,CENTER,39.0,48.5,23.52,0.81,19.05,1500,34,0.0,0.0
2026-09-10 15:57:30,772157,-0.86052,-0.509417,259.784,33.834,259.784,33.834,4095,4095,4095,4095,0,0,0.0,0.0,54612.5,HIGH,CENTER,CENTER,39.0,48.5,22.11,1.035,22.88,1500,34,0.0,0.0
2026-09-10 15:57:30,772845,-0.86052,-0.509417,259.785,33.832,259.785,33.832,4095,4095,4095,4095,0,0,0.0,0.0,54612.5,HIGH,CENTER,CENTER,38.9,48.8,21.73,0.91,19.77,1500,34,0.0,0.0
2026-09-10 15:57:31,773529,-0.860557,-0.509354,259.786,33.829,259.786,33.829,4095,4095,4095,4095,0,0,0.0,0.0,54612.5,HIGH,CENTER,CENTER,38.9,48.8,21.99,0.313,6.88,1500,34,0.0,0.0
2026-09-10 15:57:32,774212,-0.860594,-0.509292,259.788,33.827,259.788,33.827,4095,4095,4095,4095,0,0,0.0,0.0,54612.5,HIGH,CENTER,CENTER,38.9,48.8,21.32,0.936,19.96,1500,34,0.0,0.0
2026-09-10 15:57:32,774900,-0.860594,-0.509292,259.789,33.824,259.789,33.824,4095,4095,4095,4095,0,0,0.0,0.0,54612.5,HIGH,CENTER,CENTER,39.0,48.9,21.03,0.475,9.99,1500,34,0.0,0.0
2026-09-10 15:57:33,775584,-0.860631,-0.509229,259.791,33.821,259.791,33.821,4095,4095,4095,4095,0,0,0.0,0.0,54612.5,HIGH,CENTER,CENTER,39.0,48.9,22.42,0.839,18.81,1500,34,0.0,0.0
2026-09-10 15:57:34,776267,-0.860668,-0.509167,259.792,33.819,259.792,33.819,4095,4095,4095,4095,0,0,0.0,0.0,54612.5,HIGH,CENTER,CENTER,39.0,48.9,21.34,0.541,11.54,1500,34,0.0,0.0
2026-09-10 15:57:34,776955,-0.860668,-0.509167,259.794,33.816,259.794,33.816,4095,4095,4095,4095,0,0,0.0,0.0,54612.5,HIGH,CENTER,CENTER,39.0,48.9,21.44,1.198,25.69,1500,34,0.0,0.0
2026-09-10 15:57:35,777639,-0.860705,-0.509104,259.795,33.814,259.795,33.814,4095,4095,4095,4095,0,0,0.0,0.0,54612.5,HIGH,CENTER,CENTER,39.0,48.9,23.28,0.464,10.8,1500,34,0.0,0.0
2026-09-10 15:57:36,778322,-0.860742,-0.509041,259.797,33.811,259.797,33.811,4095,4095,4095,4095,0,0,0.0,0.0,54612.5,HIGH,CENTER,CENTER,39.0,48.9,24.84,0.479,11.9,1500,34,0.0,0.0
2026-09-10 15:57:37,779010,-0.860779,-0.508979,259.798,33.809,259.798,33.809,4095,4095,4095,4095,0,0,0.0,0.0,54612.5,HIGH,CENTER,CENTER,39.0,48.6,23.02,1.131,26.04,1500,34,0.0,0.0
2026-09-10 15:57:37,779694,-0.860779,-0.508979,259.799,33.806,259.799,33.806,4095,4095,4095,4095,0,0,0.0,0.0,54612.5,HIGH,CENTER,CENTER,39.0,48.6,20.38,0.225,4.59,1500,34,0.0,0.0
2026-09-10 15:57:38,780377,-0.860816,-0.508916,259.801,33.803,259.801,33.803,4095,4095,4095,4095,0,0,0.0,0.0,54612.5,HIGH,CENTER,CENTER,39.0,48.6,20.38,0.897,18.28,1500,34,0.0,0.0
2026-09-10 15:57:39,781065,-0.860853,-0.508854,259.802,33.801,259.802,33.801,4095,4095,4095,4095,0,0,0.0,0.0,54612.5,HIGH,CENTER,CENTER,39.0,48.3,24.76,0.925,22.9,1500,34,0.0,0.0
2026-09-10 15:57:39,781749,-0.860853,-0.508854,259.804,33.798,259.804,33.798,4095,4095,4095,4095,0,0,0.0,0.0,54612.5,HIGH,CENTER,CENTER,39.0,48.3,21.49,1.036,22.26,1500,34,0.0,0.0
2026-09-10 15:57:40,782432,-0.86089,-0.508791,259.805,33.796,259.805,33.796,4095,4095,4095,4095,0,0,0.0,0.0,54612.5,HIGH,CENTER,CENTER,39.0,48.3,20.46,1.174,24.02,1500,34,0.0,0.0
2026-09-10 15:57:41,783120,-0.860927,-0.508728,259.807,33.793,259.807,33.793,4095,4095,4095,4095,0,0,0.0,0.0,54612.5,HIGH,CENTER,CENTER,39.0,48.0,23.0,1.176,27.05,1500,34,0.0,0.0
2026-09-10 15:57:41,783803,-0.860927,-0.508728,259.808,33.791,259.808,33.791,4095,4095,4095,4095,0,0,0.0,0.0,54612.5,HIGH,CENTER,CENTER,39.0,48.0,23.12,0.265,6.13,1500,34,0.0,0.0
2026-09-10 15:57:42,784486,-0.860964,-0.508666,259.809,33.788,259.809,33.788,4095,4095,4095,4095,0,0,0.0,0.0,54612.5,HIGH,CENTER,CENTER,39.0,48.0,23.24,1.022,23.75,1500,34,0.0,0.0
2026-09-10 15:57:43,785174,-0.861001,-0.508603,259.811,33.785,259.811,33.785,4095,4095,4095,4095,0,0,0.0,0.0,54612.5,HIGH,CENTER,CENTER,39.0,47.9,21.34,0.846,18.05,1500,34,0.0,0.0
2026-09-10 15:57:43,785858,-0.861001,-0.508603,259.812,33.783,259.812,33.783,4095,4095,4095,4095,0,0,0.0,0.0,54612.5,HIGH,CENTER,CENTER,39.0,47.9,20.08,0.847,17.01,1500,34,0.0,0.0
2026-09-10 15:57:44,786541,-0.861038,-0.508541,259.814,33.78,259.814,33.78,4095,4095,4095,4095,0,0,0.0,0.0,54612.5,HIGH,CENTER,CENTER,39.0,47.9,24.83,0.328,8.14,1500,34,0.0,0.0
2026-09-10 15:57:45,787229,-0.861075,-0.508478,259.815,33.778,259.815,33.778,4095,4095,4095,4095,0,0,0.0,0.0,54612.5,HIGH,CENTER,CENTER,39.0,47.7,21.25,0.85,18.06,1500,34,0.0,0.0
2026-09-10 15:57:45,787913,-0.861075,-0.508478,259.817,33.775,259.817,33.775,4095,4095,4095,4095,0,0,0.0,0.0,54612.5,HIGH,CENTER,CENTER,39.0,47.7,23.38,1.182,27.64,1500,34,0.0,0.0
2026-09-10 15:57:46,788596,-0.861112,-0.508415,259.818,33.772,259.818,33.772,4095,4095,4095,4095,0,0,0.0,0.0,54612.5,HIGH,CENTER,CENTER,39.0,47.7,23.53,1.112,26.17,1500,34,0.0,0.0
2026-09-10 15:57:47,789284,-0.861149,-0.508353,259.819,33.77,259.819,33.77,4095,4095,4095,4095,0,0,0.0,0.0,54612.5,HIGH,CENTER,CENTER,39.0,47.7,23.05,0.639,14.73,1500,34,0.0,0.0
2026-09-10 15:57:47,789968,-0.861149,-0.508353,259.821,33.767,259.821,33.767,4095,4095,4095,4095,0,0,0.0,0.0,54612.5,HIGH,CENTER,CENTER,39.0,47.7,21.56,0.24,5.17,1500,34,0.0,0.0
2026-09-10 15:57:48,790651,-0.861186,-0.50829,259.822,33.765,259.822,33.765,4095,4095,4095,4095,0,0,0.0,0.0,54612.5,HIGH,CENTER,CENTER,39.0,47.7,21.36,0.562,12.0,1500,34,0.0,0.0
2026-09-10 15:57:49,791339,-0.861223,-0.508227,259.824,33.762,259.824,33.762,4095,4095,4095,4095,0,0,0.0,0.0,54612.5,HIGH,CENTER,CENTER,39.0,47.8,22.99,1.026,23.59,1500,34,0.0,0.0
2026-09-10 15:57:50,792023,-0.86126,-0.508165,259.825,33.76,259.825,33.76,4095,4095,4095,4095,0,0,0.0,0.0,54612.5,HIGH,CENTER,CENTER,39.0,47.8,24.33,0.901,21.92,1500,34,0.0,0.0
2026-09-10 15:57:50,792706,-0.86126,-0.508165,259.827,33.757,259.827,33.757,4095,4095,4095,4095,0,0,0.0,0.0,54612.5,HIGH,CENTER,CENTER,39.0,47.8,24.73,0.659,16.3,1500,34,0.0,0.0
2026-09-10 15:57:51,793394,-0.861297,-0.508102,259.828,33.754,259.828,33.754,4095,4095,4095,4095,0,0,0.0,0.0,54612.5,HIGH,CENTER,CENTER,39.0,48.0,20.53,0.255,5.24,1500,34,0.0,0.0
2026-09-10 15:57:52,794077,-0.861334,-0.50804,259.829,33.752,259.829,33.752,4095,4095,4095,4095,0,0,0.0,0.0,54612.5,HIGH,CENTER,CENTER,39.0,48.0,20.77,0.627,13.02,1500,34,0.0,0.0
2026-09-10 15:57:52,794760,-0.861334,-0.50804,259.831,33.749,259.831,33.749,4095,4095,4095,4095,0,0,0.0,0.0,54612.5,HIGH,CENTER,CENTER,39.0,48.0,24.72,0.669,16.54,1500,34,0.0,0.0
2026-09-10 15:57:53,795448,-0.861371,-0.507977,259.832,33.747,259.832,33.747,4095,4095,4095,4095,0,0,0.0,0.0,54612.5,HIGH,CENTER,CENTER,39.0,47.9,23.68,1.129,26.73,1500,34,0.0,0.0
2026-09-10 15:57:54,796132,-0.861408,-0.507914,259.834,33.744,259.834,33.744,4095,4095,4095,4095,0,0,0.0,0.0,54612.5,HIGH,CENTER,CENTER,39.0,47.9,24.41,0.841,20.53,1500,34,0.0,0.0
2026-09-10 15:57:54,796815,-0.861408,-0.507914,259.835,33.741,259.835,33.741,4095,4095,4095,4095,0,0,0.0,0.0,54612.5,HIGH,CENTER,CENTER,39.0,47.9,21.01,0.512,10.76,1500,34,0.0,0.0
2026-09-10 15:57:55,797503,-0.861445,-0.507852,259.837,33.739,259.837,33.739,4095,4095,4095,4095,0,0,0.0,0.0,54612.5,HIGH,CENTER,CENTER,39.0,48.0,22.94,0.725,16.63,1500,34,0.0,0.0
2026-09-10 15:57:56,798186,-0.861481,-0.507789,259.838,33.736,259.838,33.736,4095,4095,4095,4095,0,0,0.0,0.0,54612.5,HIGH,CENTER,CENTER,39.0,48.0,23.51,0.266,6.25,1500,34,0.0,0.0
2026-09-10 15:57:56,798869,-0.861481,-0.507789,259.84,33.734,259.84,33.734,4095,4095,4095,4095,0,0,0.0,0.0,54612.5,HIGH,CENTER,CENTER,39.0,48.0,23.4,1.173,27.45,1500,34,0.0,0.0
2026-09-10 15:57:57,799557,-0.861518,-0.507726,259.841,33.731,259.841,33.731,4095,4095,4095,4095,0,0,0.0,0.0,54612.5,HIGH,CENTER,CENTER,39.0,47.8,22.04,0.56,12.34,1500,34,0.0,0.0
2026-09-10 15:57:58,800241,-0.861555,-0.507664,259.842,33.729,259.842,33.729,4095,4095,4095,4095,0,0,0.0,0.0,54612.5,HIGH,CENTER,CENTER,39.0,47.8,20.08,0.678,13.61,1500,34,0.0,0.0
2026-09-10 15:57:58,800924,-0.861555,-0.507664,259.844,33.726,259.844,33.726,4095,4095,4095,4095,0,0,0.0,0.0,54612.5,HIGH,CENTER,CENTER,39.0,47.8,22.91,0.555,12.72,1500,34,0.0,0.0
2026-09-10 15:57:59,801612,-0.861592,-0.507601,259.845,33.723,259.845,33.723,4095,4095,4095,4095,0,0,0.0,0.0,54612.5,HIGH,CENTER,CENTER,39.0,47.7,21.27,0.883,18.78,1500,34,0.0,0.0
2026-09-10 15:58:00,802296,-0.861629,-0.507538,259.847,33.721,259.847,33.721,4095,4095,4095,4095,0,0,0.0,0.0,54612.5,HIGH,CENTER,CENTER,39.0,47.7,22.25,0.862,19.18,1500,34,0.0,0.0
2026-09-10 15:58:00,802979,-0.861629,-0.507538,259.848,33.718,259.848,33.718,4095,4095,4095,4095,0,0,0.0,0.0,54612.5,HIGH,CENTER,CENTER,39.0,47.7,24.79,0.915,22.68,1500,34,0.0,0.0
2026-09-10 15:58:01,803667,-0.861666,-0.507476,259.85,33.716,259.85,33.716,4095,4095,4095,4095,0,0,0.0,0.0,54612.5,HIGH,CENTER,CENTER,39.0,47.7,22.0,0.468,10.3,1500,34,0.0,0.0
2026-09-10 15:58:02,804351,-0.861703,-0.507413,259.851,33.713,259.851,33.713,4095,4095,4095,4095,0,0,0.0,0.0,54612.5,HIGH,CENTER,CENTER,39.0,47.7,24.2,0.516,12.49,1500,34,0.0,0.0
2026-09-10 15:58:03,805034,-0.86174,-0.50735,259.852,33.71,259.852,33.71,4095,4095,4095,4095,0,0,0.0,0.0,54612.5,HIGH,CENTER,CENTER,39.0,47.7,20.94,0.325,6.81,1500,34,0.0,0.0
2026-09-10 15:58:03,805722,-0.86174,-0.50735,259.854,33.708,259.854,33.708,4095,4095,4095,4095,0,0,0.0,0.0,54612.5,HIGH,CENTER,CENTER,39.0,47.6,23.36,0.856,20.0,1500,34,0.0,0.0
2026-09-10 15:58:04,806406,-0.861777,-0.507288,259.855,33.705,259.855,33.705,4095,4095,4095,4095,0,0,0.0,0.0,54612.5,HIGH,CENTER,CENTER,39.0,47.6,24.89,0.24,5.97,1500,34,0.0,0.0
2026-09-10 15:58:05,807089,-0.861814,-0.507225,259.857,33.703,259.857,33.703,4095,4095,4095,4095,0,0,0.0,0.0,54612.5,HIGH,CENTER,CENTER,39.0,47.6,20.51,0.798,16.37,1500,34,0.0,0.0
2026-09-10 15:58:05,807777,-0.861814,-0.507225,259.858,33.7,259.858,33.7,4095,4095,4095,4095,0,0,0.0,0.0,54612.5,HIGH,CENTER,CENTER,39.0,47.6,20.04,1.07,21.44,1500,34,0.0,0.0
2026-09-10 15:58:06,808461,-0.861851,-0.507162,259.86,33.698,259.86,33.698,4095,4095,4095,4095,0,0,0.0,0.0,54612.5,HIGH,CENTER,CENTER,39.0,47.6,22.17,1.091,24.19,1500,34,0.0,0.0
2026-09-10 15:58:07,809144,-0.861887,-0.5071,259.861,33.695,259.861,33.695,4095,4095,4095,4095,0,0,0.0,0.0,54612.5,HIGH,CENTER,CENTER,39.0,47.6,20.46,0.649,13.28,1500,34,0.0,0.0
2026-09-10 15:58:07,809832,-0.861887,-0.5071,259.862,33.692,259.862,33.692,4095,4095,4095,4095,0,0,0.0,0.0,54612.5,HIGH,CENTER,CENTER,39.1,47.7,23.74,0.659,15.64,1500,34,0.0,0.0
2026-09-10 15:58:08,810516,-0.861924,-0.507037,259.864,33.69,259.864,33.69,4095,4095,4095,4095,0,0,0.0,0.0,54612.5,HIGH,CENTER,CENTER,39.1,47.7,24.57,0.277,6.81,1500,34,0.0,0.0
2026-09-10 15:58:09,811199,-0.861961,-0.506974,259.865,33.687,259.865,33.687,4095,4095,4095,4095,0,0,0.0,0.0,54612.5,HIGH,CENTER,CENTER,39.1,47.7,22.17,0.871,19.31,1500,34,0.0,0.0
2026-09-10 15:58:09,811887,-0.861961,-0.506974,259.867,33.685,259.867,33.685,4095,4095,4095,4095,0,0,0.0,0.0,54612.5,HIGH,CENTER,CENTER,39.1,47.9,21.29,1.021,21.74,1500,34,0.0,0.0
2026-09-10 15:58:10,812571,-0.861998,-0.506912,259.868,33.682,259.868,33.682,4095,4095,4095,4095,0,0,0.0,0.0,54612.5,HIGH,CENTER,CENTER,39.1,47.9,22.17,0.445,9.87,1500,34,0.0,0.0
2026-09-10 15:58:11,813254,-0.862035,-0.506849,259.87,33.679,259.87,33.679,4090,4095,4095,4095,0,-5,0.0,-0.000611,54612.5,HIGH,CENTER,CENTER,39.1,47.9,23.62,0.621,14.67,1500,34,0.0,-0.018
2026-09-10 15:58:11,813942,-0.862035,-0.506849,259.871,33.677,259.871,33.677,4095,4095,4095,4095,0,0,0.0,0.0,54612.5,HIGH,CENTER,CENTER,39.1,47.7,20.05,1.039,20.83,1500,34,0.0,0.0
2026-09-10 15:58:12,814626,-0.862072,-0.506786,259.872,33.674,259.872,33.674,4095,4095,4095,4095,0,0,0.0,0.0,54612.5,HIGH,CENTER,CENTER,39.1,47.7,22.95,1.077,24.72,1500,34,0.0,0.0
2026-09-10 15:58:13,815309,-0.862109,-0.506724,259.874,33.672,259.874,33.672,4095,4095,4095,4095,0,0,0.0,0.0,54612.5,HIGH,CENTER,CENTER,39.1,47.7,23.07,0.443,10.22,1500,34,0.0,0.0
2026-09-10 15:58:14,815997,-0.862145,-0.506661,259.875,33.669,259.875,33.669,4095,4095,4095,4095,0,0,0.0,0.0,54612.5,HIGH,CENTER,CENTER,39.1,47.5,23.19,0.751,17.42,1500,34,0.0,0.0
2026-09-10 15:58:14,816681,-0.862145,-0.506661,259.877,33.667,259.877,33.667,4095,4095,4095,4095,0,0,0.0,0.0,54612.5,HIGH,CENTER,CENTER,39.1,47.5,21.21,0.392,8.31,1500,34,0.0,0.0
2026-09-10 15:58:15,817364,-0.862182,-0.506598,259.878,33.664,259.878,33.664,4095,4095,4095,4095,0,0,0.0,0.0,54612.5,HIGH,CENTER,CENTER,39.1,47.5,23.57,0.302,7.12,1500,34,0.0,0.0
2026-09-10 15:58:16,818052,-0.862219,-0.506535,259.88,33.661,259.88,33.661,4095,4095,4095,4095,0,0,0.0,0.0,54612.5,HIGH,CENTER,CENTER,39.1,47.4,20.46,1.111,22.73,1500,34,0.0,0.0
2026-09-10 15:58:16,818736,-0.862219,-0.506535,259.881,33.659,259.881,33.659,4095,4095,4095,4095,0,0,0.0,0.0,54612.5,HIGH,CENTER,CENTER,39.1,47.4,21.0,1.021,21.44,1500,34,0.0,0.0
2026-09-10 15:58:17,819419,-0.862256,-0.506473,259.882,33.656,259.882,33.656,4095,4095,4095,4095,0,0,0.0,0.0,54612.5,HIGH,CENTER,CENTER,39.1,47.4,24.39,0.96,23.41,1500,34,0.0,0.0
2026-09-10 15:58:18,820107,-0.862293,-0.50641,259.884,33.654,259.884,33.654,4095,4095,4095,4095,0,0,0.0,0.0,54612.5,HIGH,CENTER,CENTER,39.1,47.5,23.69,0.249,5.9,1500,34,0.0,0.0
2026-09-10 15:58:18,820791,-0.862293,-0.50641,259.885,33.651,259.885,33.651,4095,4095,4095,4095,0,0,0.0,0.0,54612.5,HIGH,CENTER,CENTER,39.1,47.5,20.07,1.044,20.95,1500,34,0.0,0.0
2026-09-10 15:58:19,821474,-0.86233,-0.506347,259.887,33.648,259.887,33.648,4095,4095,4095,4095,0,0,0.0,0.0,54612.5,HIGH,CENTER,CENTER,39.1,47.5,21.24,0.638,13.55,1500,34,0.0,0.0
2026-09-10 15:58:20,822162,-0.862366,-0.506285,259.888,33.646,259.888,33.646,4095,4095,4095,4095,0,0,0.0,0.0,54612.5,HIGH,CENTER,CENTER,39.1,47.6,21.07,0.542,11.42,1500,34,0.0,0.0
2026-09-10 15:58:20,822846,-0.862366,-0.506285,259.89,33.643,259.89,33.643,4095,4095,4095,4095,0,0,0.0,0.0,54612.5,HIGH,CENTER,CENTER,39.1,47.6,21.35,0.746,15.93,1500,34,0.0,0.0
2026-09-10 15:58:21,823529,-0.862403,-0.506222,259.891,33.641,259.891,33.641,4095,4095,4095,4095,0,0,0.0,0.0,54612.5,HIGH,CENTER,CENTER,39.1,47.6,21.24,0.291,6.18,1500,34,0.0,0.0
2026-09-10 15:58:22,824217,-0.86244,-0.506159,259.892,33.638,259.892,33.638,4095,4095,4095,4095,0,0,0.0,0.0,54612.5,HIGH,CENTER,CENTER,39.1,47.7,20.31,0.957,19.44,1500,34,0.0,0.0
2026-09-10 15:58:22,824901,-0.86244,-0.506159,259.894,33.636,259.894,33.636,4095,4095,4095,4095,0,0,0.0,0.0,54612.5,HIGH,CENTER,CENTER,39.1,47.7,22.29,0.782,17.43,1500,34,0.0,0.0
2026-09-10 15:58:23,825584,-0.862477,-0.506096,259.895,33.633,259.895,33.633,4095,4095,4095,4095,0,0,0.0,0.0,54612.5,HIGH,CENTER,CENTER,39.1,47.7,23.66,0.387,9.16,1500,34,0.0,0.0
2026-09-10 15:58:24,826272,-0.862514,-0.506034,259.897,33.63,259.897,33.63,4095,4095,4095,4095,0,0,0.0,0.0,54612.5,HIGH,CENTER,CENTER,39.1,47.9,23.03,0.388,8.94,1500,34,0.0,0.0
2026-09-10 15:58:24,826956,-0.862514,-0.506034,259.898,33.628,259.898,33.628,4095,4095,4095,4095,0,0,0.0,0.0,54612.5,HIGH,CENTER,CENTER,39.1,47.9,23.36,0.384,8.97,1500,34,0.0,0.0
2026-09-10 15:58:25,827639,-0.86255,-0.505971,259.9,33.625,259.9,33.625,4095,4095,4095,4095,0,0,0.0,0.0,54612.5,HIGH,CENTER,CENTER,39.1,47.9,20.41,0.257,5.25,1500,34,0.0,0.0
2026-09-10 15:58:26,828327,-0.862587,-0.505908,259.901,33.623,259.901,33.623,4095,4095,4095,4095,0,0,0.0,0.0,54612.5,HIGH,CENTER,CENTER,39.1,47.9,24.76,0.788,19.51,1500,34,0.0,0.0
2026-09-10 15:58:27,829011,-0.862624,-0.505846,259.902,33.62,259.902,33.62,4095,4095,4095,4095,0,0,0.0,0.0,54612.5,HIGH,CENTER,CENTER,39.1,47.9,24.19,1.04,25.16,1500,34,0.0,0.0
2026-09-10 15:58:27,829694,-0.862624,-0.505846,259.904,33.617,259.904,33.617,4095,4095,4095,4095,0,0,0.0,0.0,54612.5,HIGH,CENTER,CENTER,39.1,47.9,24.03,0.217,5.21,1500,34,0.0,0.0
2026-09-10 15:58:28,830382,-0.862661,-0.505783,259.905,33.615,259.905,33.615,4095,4095,4095,4095,0,0,0.0,0.0,54612.5,HIGH,CENTER,CENTER,39.1,47.9,24.11,0.249,6.0,1500,34,0.0,0.0
2026-09-10 15:58:29,831066,-0.862698,-0.50572,259.907,33.612,259.907,33.612,4086,4095,4095,4095,0,-9,0.0,-0.0011,54612.5,HIGH,CENTER,CENTER,39.1,47.9,24.66,0.773,19.06,1500,34,0.0,-0.033
2026-09-10 15:58:29,831749,-0.862698,-0.50572,259.908,33.61,259.908,33.61,4095,4095,4095,4095,0,0,0.0,0.0,54612.5,HIGH,CENTER,CENTER,39.1,47.9,22.72,1.019,23.15,1500,34,0.0,0.0
2026-09-10 15:58:30,832437,-0.862734,-0.505657,259.91,33.607,259.91,33.607,4095,4095,4095,4095,0,0,0.0,0.0,54612.5,HIGH,CENTER,CENTER,39.2,47.9,21.0,0.527,11.07,1500,34,0.0,0.0
2026-09-10 15:58:31,833121,-0.862771,-0.505595,259.911,33.605,259.911,33.605,4095,4095,4095,4095,0,0,0.0,0.0,54612.5,HIGH,CENTER,CENTER,39.2,47.9,23.08,0.55,12.69,1500,34,0.0,0.0
2026-09-10 15:58:31,833804,-0.862771,-0.505595,259.912,33.602,259.912,33.602,4095,4095,4095,4095,0,0,0.0,0.0,54612.5,HIGH,CENTER,CENTER,39.2,47.9,23.71,0.796,18.87,1500,34,0.0,0.0
2026-09-10 15:58:32,834492,-0.862808,-0.505532,259.914,33.599,259.914,33.599,4095,4095,4095,4095,0,0,0.0,0.0,54612.5,HIGH,CENTER,CENTER,39.2,47.8,23.69,0.474,11.23,1500,34,0.0,0.0
2026-09-10 15:58:33,835176,-0.862845,-0.505469,259.915,33.597,259.915,33.597,4095,4095,4095,4095,0,0,0.0,0.0,54612.5,HIGH,CENTER,CENTER,39.2,47.8,22.61,0.227,5.13,1500,34,0.0,0.0
2026-09-10 15:58:33,835859,-0.862845,-0.505469,259.917,33.594,259.917,33.594,4095,4095,4095,4095,0,0,0.0,0.0,54612.5,HIGH,CENTER,CENTER,39.2,47.8,20.34,0.935,19.02,1500,34,0.0,0.0
2026-09-10 15:58:34,836547,-0.862881,-0.505406,259.918,33.592,259.918,33.592,4095,4095,4095,4095,0,0,0.0,0.0,54612.5,HIGH,CENTER,CENTER,39.2,47.9,21.86,0.826,18.06,1500,34,0.0,0.0
2026-09-10 15:58:35,837231,-0.862918,-0.505344,259.92,33.589,259.92,33.589,4095,4095,4095,4095,0,0,0.0,0.0,54612.5,HIGH,CENTER,CENTER,39.2,47.9,24.6,0.781,19.21,1500,34,0.0,0.0
2026-09-10 15:58:35,837914,-0.862918,-0.505344,259.921,33.586,259.921,33.586,4095,4095,4095,4095,0,0,0.0,0.0,54612.5,HIGH,CENTER,CENTER,39.2,47.9,22.92,0.942,21.59,1500,34,0.0,0.0
2026-09-10 15:58:36,838602,-0.862955,-0.505281,259.922,33.584,259.922,33.584,4095,4095,4095,4095,0,0,0.0,0.0,54612.5,HIGH,CENTER,CENTER,39.2,47.9,22.69,0.875,19.85,1500,34,0.0,0.0
2026-09-10 15:58:37,839286,-0.862992,-0.505218,259.924,33.581,259.924,33.581,4095,4095,4095,4095,0,0,0.0,0.0,54612.5,HIGH,CENTER,CENTER,39.2,47.9,21.34,0.406,8.66,1500,34,0.0,0.0
2026-09-10 15:58:37,839969,-0.862992,-0.505218,259.925,33.579,259.925,33.579,4095,4095,4095,4095,0,0,0.0,0.0,54612.5,HIGH,CENTER,CENTER,39.2,47.9,21.84,0.552,12.06,1500,34,0.0,0.0
2026-09-10 15:58:38,840657,-0.863028,-0.505155,259.927,33.576,259.927,33.576,4095,4095,4095,4095,0,0,0.0,0.0,54612.5,HIGH,CENTER,CENTER,39.2,47.6,24.48,0.326,7.98,1500,34,0.0,0.0
2026-09-10 15:58:39,841341,-0.863065,-0.505093,259.928,33.574,259.928,33.574,4095,4095,4095,4095,0,0,0.0,0.0,54612.5,HIGH,CENTER,CENTER,39.2,47.6,23.33,0.33,7.7,1500,34,0.0,0.0
2026-09-10 15:58:40,842024,-0.863102,-0.50503,259.93,33.571,259.93,33.571,4095,4095,4095,4095,0,0,0.0,0.0,54612.5,HIGH,CENTER,CENTER,39.2,47.6,23.94,0.876,20.97,1500,34,0.0,0.0
2026-09-10 15:58:40,842712,-0.863102,-0.50503,259.931,33.568,259.931,33.568,4095,4095,4095,4095,0,0,0.0,0.0,54612.5,HIGH,CENTER,CENTER,39.2,47.3,22.27,1.059,23.58,1500,34,0.0,0.0
2026-09-10 15:58:41,843396,-0.863139,-0.504967,259.932,33.566,259.932,33.566,4095,4095,4095,4095,0,0,0.0,0.0,54612.5,HIGH,CENTER,CENTER,39.2,47.3,23.15,1.163,26.92,1500,34,0.0,0.0
2026-09-10 15:58:42,844079,-0.863175,-0.504904,259.934,33.563,259.934,33.563,4095,4095,4095,4095,0,0,0.0,0.0,54612.5,HIGH,CENTER,CENTER,39.2,47.3,21.24,0.828,17.59,1500,34,0.0,0.0
2026-09-10 15:58:42,844767,-0.863175,-0.504904,259.935,33.561,259.935,33.561,4095,4095,4095,4095,0,0,0.0,0.0,54612.5,HIGH,CENTER,CENTER,39.2,47.2,23.53,0.384,9.04,1500,34,0.0,0.0
2026-09-10 15:58:43,845450,-0.863212,-0.504842,259.937,33.558,259.937,33.558,4095,4095,4095,4095,0,0,0.0,0.0,54612.5,HIGH,CENTER,CENTER,39.2,47.2,22.14,0.306,6.77,1500,34,0.0,0.0
2026-09-10 15:58:44,846133,-0.863249,-0.504779,259.938,33.555,259.938,33.555,4095,4095,4095,4095,0,0,0.0,0.0,54612.5,HIGH,CENTER,CENTER,39.2,47.2,22.21,1.013,22.5,1500,34,0.0,0.0
2026-09-10 15:58:44,846821,-0.863249,-0.504779,259.94,33.553,259.94,33.553,4095,4095,4095,4095,0,0,0.0,0.0,54612.5,HIGH,CENTER,CENTER,39.2,47.1,23.25,0.779,18.11,1500,34,0.0,0.0
2026-09-10 15:58:45,847505,-0.863285,-0.504716,259.941,33.55,259.941,33.55,4095,4095,4095,4095,0,0,0.0,0.0,54612.5,HIGH,CENTER,CENTER,39.2,47.1,24.68,0.818,20.19,1500,34,0.0,0.0
2026-09-10 15:58:46,848188,-0.863322,-0.504653,259.942,33.548,259.942,33.548,4095,4095,4095,4095,0,0,0.0,0.0,54612.5,HIGH,CENTER,CENTER,39.2,47.1,20.32,0.981,19.93,1500,34,0.0,0.0
2026-09-10 15:58:46,848876,-0.863322,-0.504653,259.944,33.545,259.944,33.545,4095,4095,4095,4095,0,0,0.0,0.0,54612.5,HIGH,CENTER,CENTER,39.2,47.0,24.12,0.903,21.78,1500,34,0.0,0.0
2026-09-10 15:58:47,849559,-0.863359,-0.50459,259.945,33.543,259.945,33.543,4095,4095,4095,4095,0,0,0.0,0.0,54612.5,HIGH,CENTER,CENTER,39.2,47.0,21.46,1.034,22.19,1500,34,0.0,0.0
2026-09-10 15:58:48,850242,-0.863396,-0.504528,259.947,33.54,259.947,33.54,4095,4095,4095,4095,0,0,0.0,0.0,54612.5,HIGH,CENTER,CENTER,39.2,47.0,22.22,0.256,5.69,1500,34,0.0,0.0
2026-09-10 15:58:48,850930,-0.863396,-0.504528,259.948,33.537,259.948,33.537,4095,4095,4095,4095,0,0,0.0,0.0,54612.5,HIGH,CENTER,CENTER,39.2,46.9,20.11,0.948,19.06,1500,34,0.0,0.0
2026-09-10 15:58:49,851614,-0.863432,-0.504465,259.95,33.535,259.95,33.535,4095,4095,4095,4095,0,0,0.0,0.0,54612.5,HIGH,CENTER,CENTER,39.2,46.9,21.51,1.051,22.61,1500,34,0.0,0.0
2026-09-10 15:58:50,852297,-0.863469,-0.504402,259.951,33.532,259.951,33.532,4095,4095,4095,4095,0,0,0.0,0.0,54612.5,HIGH,CENTER,CENTER,39.2,46.9,22.51,0.486,10.94,1500,34,0.0,0.0
2026-09-10 15:58:50,852985,-0.863469,-0.504402,259.952,33.53,259.952,33.53,4080,4095,4095,4095,0,-15,0.0,-0.001835,54612.5,HIGH,CENTER,CENTER,39.2,47.1,20.28,0.84,17.04,1500,34,0.0,-0.055
2026-09-10 15:58:51,853669,-0.863506,-0.504339,259.954,33.527,259.954,33.527,4095,4095,4095,4095,0,0,0.0,0.0,54612.5,HIGH,CENTER,CENTER,39.2,47.1,22.46,0.514,11.54,1500,34,0.0,0.0
2026-09-10 15:58:52,854352,-0.863542,-0.504276,259.955,33.524,259.955,33.524,4095,4095,4095,4095,0,0,0.0,0.0,54612.5,HIGH,CENTER,CENTER,39.2,47.1,24.64,1.158,28.53,1500,34,0.0,0.0
2026-09-10 15:58:53,855040,-0.863579,-0.504214,259.957,33.522,259.957,33.522,4095,4095,4095,4095,0,0,0.0,0.0,54612.5,HIGH,CENTER,CENTER,39.2,47.4,20.53,0.233,4.78,1500,34,0.0,0.0
2026-09-10 15:58:53,855723,-0.863579,-0.504214,259.958,33.519,259.958,33.519,4095,4095,4095,4095,0,0,0.0,0.0,54612.5,HIGH,CENTER,CENTER,39.2,47.4,23.82,0.78,18.58,1500,34,0.0,0.0
2026-09-10 15:58:54,856406,-0.863616,-0.504151,259.96,33.517,259.96,33.517,4095,4095,4095,4095,0,0,0.0,0.0,54612.5,HIGH,CENTER,CENTER,39.2,47.4,22.05,0.367,8.09,1500,34,0.0,0.0
2026-09-10 15:58:55,857094,-0.863652,-0.504088,259.961,33.514,259.961,33.514,4095,4095,4095,4095,0,0,0.0,0.0,54612.5,HIGH,CENTER,CENTER,39.3,47.6,23.28,0.912,21.23,1500,34,0.0,0.0
2026-09-10 15:58:55,857778,-0.863652,-0.504088,259.962,33.511,259.962,33.511,4095,4095,4095,4095,0,0,0.0,0.0,54612.5,HIGH,CENTER,CENTER,39.3,47.6,21.3,0.376,8.01,1500,34,0.0,0.0
2026-09-10 15:58:56,858461,-0.863689,-0.504025,259.964,33.509,259.964,33.509,4095,4095,4095,4095,0,0,0.0,0.0,54612.5,HIGH,CENTER,CENTER,39.3,47.6,20.8,0.435,9.05,1500,34,0.0,0.0
2026-09-10 15:58:57,859149,-0.863726,-0.503962,259.965,33.506,259.965,33.506,4095,4095,4095,4095,0,0,0.0,0.0,54612.5,HIGH,CENTER,CENTER,39.3,47.7,20.8,0.694,14.44,1500,34,0.0,0.0
2026-09-10 15:58:57,859833,-0.863726,-0.503962,259.967,33.504,259.967,33.504,4095,4095,4095,4095,0,0,0.0,0.0,54612.5,HIGH,CENTER,CENTER,39.3,47.7,20.35,1.115,22.69,1500,34,0.0,0.0
2026-09-10 15:58:58,860516,-0.863762,-0.5039,259.968,33.501,259.968,33.501,4095,4095,4095,4095,0,0,0.0,0.0,54612.5,HIGH,CENTER,CENTER,39.3,47.7,20.93,0.412,8.62,1500,34,0.0,0.0
2026-09-10 15:58:59,861204,-0.863799,-0.503837,259.97,33.499,259.97,33.499,4095,4095,4095,4095,0,0,0.0,0.0,54612.5,HIGH,CENTER,CENTER,39.3,47.6,23.32,0.344,8.02,1500,34,0.0,0.0
2026-09-10 15:58:59,861888,-0.863799,-0.503837,259.971,33.496,259.971,33.496,4095,4095,4095,4095,0,0,0.0,0.0,54612.5,HIGH,CENTER,CENTER,39.3,47.6,24.41,0.959,23.41,1500,34,0.0,0.0
2026-09-10 15:59:00,862571,-0.863836,-0.503774,259.972,33.493,259.972,33.493,4095,4095,4095,4095,0,0,0.0,0.0,54612.5,HIGH,CENTER,CENTER,39.3,47.6,24.07,0.701,16.87,1500,34,0.0,0.0
2026-09-10 15:59:01,863259,-0.863872,-0.503711,259.974,33.491,259.974,33.491,4095,4095,4095,4095,0,0,0.0,0.0,54612.5,HIGH,CENTER,CENTER,39.3,47.5,23.43,1.112,26.05,1500,34,0.0,0.0
2026-09-10 15:59:01,863943,-0.863872,-0.503711,259.975,33.488,259.975,33.488,4095,4095,4095,4095,0,0,0.0,0.0,54612.5,HIGH,CENTER,CENTER,39.3,47.5,20.55,0.347,7.13,1500,34,0.0,0.0
2026-09-10 15:59:02,864626,-0.863909,-0.503648,259.977,33.486,259.977,33.486,4095,4095,4095,4095,0,0,0.0,0.0,54612.5,HIGH,CENTER,CENTER,39.3,47.5,21.45,0.846,18.15,1500,34,0.0,0.0
2026-09-10 15:59:03,865314,-0.863945,-0.503586,259.978,33.483,259.978,33.483,4095,4095,4095,4095,0,0,0.0,0.0,54612.5,HIGH,CENTER,CENTER,39.3,47.3,21.55,0.433,9.33,1500,34,0.0,0.0
2026-09-10 15:59:04,865998,-0.863982,-0.503523,259.98,33.48,259.98,33.48,4095,4095,4095,4095,0,0,0.0,0.0,54612.5,HIGH,CENTER,CENTER,39.3,47.3,21.25,0.357,7.59,1500,34,0.0,0.0
2026-09-10 15:59:04,866681,-0.863982,-0.503523,259.981,33.478,259.981,33.478,4095,4095,4095,4095,0,0,0.0,0.0,54612.5,HIGH,CENTER,CENTER,39.3,47.3,22.58,0.883,19.94,1500,34,0.0,0.0
2026-09-10 15:59:05,867369,-0.864019,-0.50346,259.982,33.475,259.982,33.475,4095,4095,4095,4095,0,0,0.0,0.0,54612.5,HIGH,CENTER,CENTER,39.4,47.2,22.68,0.794,18.01,1500,34,0.0,0.0
2026-09-10 15:59:06,868052,-0.864055,-0.503397,259.984,33.473,259.984,33.473,4095,4095,4095,4095,0,0,0.0,0.0,54612.5,HIGH,CENTER,CENTER,39.4,47.2,21.78,0.955,20.8,1500,34,0.0,0.0
2026-09-10 15:59:06,868735,-0.864055,-0.503397,259.985,33.47,259.985,33.47,4095,4095,4095,4095,0,0,0.0,0.0,54612.5,HIGH,CENTER,CENTER,39.4,47.2,21.77,0.509,11.08,1500,34,0.0,0.0
2026-09-10 15:59:07,869423,-0.864092,-0.503334,259.987,33.468,259.987,33.468,4095,4095,4095,4095,0,0,0.0,0.0,54612.5,HIGH,CENTER,CENTER,39.4,47.1,24.14,0.648,15.64,1500,34,0.0,0.0
2026-09-10 15:59:08,870107,-0.864128,-0.503271,259.988,33.465,259.988,33.465,4095,4095,4095,4095,0,0,0.0,0.0,54612.5,HIGH,CENTER,CENTER,39.4,47.1,23.95,0.605,14.49,1500,34,0.0,0.0
2026-09-10 15:59:08,870790,-0.864128,-0.503271,259.99,33.462,259.99,33.462,4095,4095,4095,4095,0,0,0.0,0.0,54612.5,HIGH,CENTER,CENTER,39.4,47.1,21.54,1.184,25.5,1500,34,0.0,0.0
2026-09-10 15:59:09,871478,-0.864165,-0.503208,259.991,33.46,259.991,33.46,4095,4095,4095,4095,0,0,0.0,0.0,54612.5,HIGH,CENTER,CENTER,39.4,47.3,24.57,0.492,12.09,1500,34,0.0,0.0
2026-09-10 15:59:10,872162,-0.864202,-0.503146,259.992,33.457,259.992,33.457,4095,4095,4095,4095,0,0,0.0,0.0,54612.5,HIGH,CENTER,CENTER,39.4,47.3,24.76,0.495,12.26,1500,34,0.0,0.0
2026-09-10 15:59:10,872845,-0.864202,-0.503146,259.994,33.455,259.994,33.455,4095,4095,4095,4095,0,0,0.0,0.0,54612.5,HIGH,CENTER,CENTER,39.4,47.3,21.63,0.555,12.0,1500,34,0.0,0.0
2026-09-10 15:59:11,873533,-0.864238,-0.503083,259.995,33.452,259.995,33.452,4095,4095,4095,4095,0,0,0.0,0.0,54612.5,HIGH,CENTER,CENTER,39.5,47.3,21.77,0.765,16.65,1500,34,0.0,0.0
2026-09-10 15:59:12,874217,-0.864275,-0.50302,259.997,33.449,259.997,33.449,4095,4095,4095,4095,0,0,0.0,0.0,54612.5,HIGH,CENTER,CENTER,39.5,47.3,22.53,0.452,10.18,1500,34,0.0,0.0
2026-09-10 15:59:12,874900,-0.864275,-0.50302,259.998,33.447,259.998,33.447,4095,4095,4095,4095,0,0,0.0,0.0,54612.5,HIGH,CENTER,CENTER,39.5,47.3,24.71,1.115,27.55,1500,34,0.0,0.0
2026-09-10 15:59:13,875588,-0.864311,-0.502957,260.0,33.444,260.0,33.444,4095,4095,4095,4095,0,0,0.0,0.0,54612.5,HIGH,CENTER,CENTER,39.4,47.3,24.38,0.466,11.36,1500,34,0.0,0.0
2026-09-10 15:59:14,876272,-0.864348,-0.502894,260.001,33.442,260.001,33.442,4095,4095,4095,4095,0,0,0.0,0.0,54612.5,HIGH,CENTER,CENTER,39.4,47.3,20.51,1.096,22.48,1500,34,0.0,0.0
2026-09-10 15:59:14,876955,-0.864348,-0.502894,260.002,33.439,260.002,33.439,4095,4095,4095,4095,0,0,0.0,0.0,54612.5,HIGH,CENTER,CENTER,39.4,47.3,21.96,0.303,6.65,1500,34,0.0,0.0
2026-09-10 15:59:15,877643,-0.864385,-0.502831,260.004,33.437,260.004,33.437,4095,4095,4095,4095,0,0,0.0,0.0,54612.5,HIGH,CENTER,CENTER,39.5,47.4,22.77,0.857,19.51,1500,34,0.0,0.0
2026-09-10 15:59:16,878327,-0.864421,-0.502769,260.005,33.434,260.005,33.434,4067,4095,4095,4095,0,-28,0.0,-0.003431,54612.5,HIGH,CENTER,CENTER,39.5,47.4,22.52,1.107,24.93,1500,34,0.0,-0.103
2026-09-10 15:59:17,879010,-0.864458,-0.502706,260.007,33.431,260.007,33.431,4095,4095,4095,4095,0,0,0.0,0.0,54612.5,HIGH,CENTER,CENTER,39.5,47.4,20.97,0.369,7.74,1500,34,0.0,0.0
2026-09-10 15:59:17,879698,-0.864458,-0.502706,260.008,33.429,260.008,33.429,4095,4095,4095,4095,0,0,0.0,0.0,54612.5,HIGH,CENTER,CENTER,39.5,47.4,24.29,1.168,28.37,1500,34,0.0,0.0
2026-09-10 15:59:18,880382,-0.864494,-0.502643,260.009,33.426,260.009,33.426,4095,4095,4095,4095,0,0,0.0,0.0,54612.5,HIGH,CENTER,CENTER,39.5,47.4,23.38,0.653,15.27,1500,34,0.0,0.0
2026-09-10 15:59:19,881065,-0.864531,-0.50258,260.011,33.424,260.011,33.424,4095,4095,4095,4095,0,0,0.0,0.0,54612.5,HIGH,CENTER,CENTER,39.5,47.4,24.19,1.146,27.72,1500,34,0.0,0.0
2026-09-10 15:59:19,881753,-0.864531,-0.50258,260.012,33.421,260.012,33.421,4095,4095,4095,4095,0,0,0.0,0.0,54612.5,HIGH,CENTER,CENTER,39.5,47.6,24.29,0.877,21.3,1500,34,0.0,0.0
2026-09-10 15:59:20,882437,-0.864567,-0.502517,260.014,33.418,260.014,33.418,4095,4095,4095,4095,0,0,0.0,0.0,54612.5,HIGH,CENTER,CENTER,39.5,47.6,23.74,0.502,11.92,1500,34,0.0,0.0
2026-09-10 15:59:21,883120,-0.864604,-0.502454,260.015,33.416,260.015,33.416,4095,4095,4095,4095,0,0,0.0,0.0,54612.5,HIGH,CENTER,CENTER,39.5,47.6,22.2,0.388,8.61,1500,34,0.0,0.0
2026-09-10 15:59:21,883808,-0.864604,-0.502454,260.017,33.413,260.017,33.413,4095,4095,4095,4095,0,0,0.0,0.0,54612.5,HIGH,CENTER,CENTER,39.5,48.1,23.05,0.504,11.62,1500,34,0.0,0.0
2026-09-10 15:59:22,884492,-0.86464,-0.502391,260.018,33.411,260.018,33.411,4095,4095,4095,4095,0,0,0.0,0.0,54612.5,HIGH,CENTER,CENTER,39.5,48.1,20.8,0.293,6.09,1500,34,0.0,0.0
2026-09-10 15:59:23,885175,-0.864677,-0.502328,260.019,33.408,260.019,33.408,4095,4095,4095,4095,0,0,0.0,0.0,54612.5,HIGH,CENTER,CENTER,39.5,48.1,23.37,0.344,8.04,1500,34,0.0,0.0
2026-09-10 15:59:23,885863,-0.864677,-0.502328,260.021,33.406,260.021,33.406,4095,4095,4095,4095,0,0,0.0,0.0,54612.5,HIGH,CENTER,CENTER,39.5,48.1,20.9,0.305,6.37,1500,34,0.0,0.0
2026-09-10 15:59:24,886547,-0.864713,-0.502266,260.022,33.403,260.022,33.403,4095,4095,4095,4095,0,0,0.0,0.0,54612.5,HIGH,CENTER,CENTER,39.5,48.1,23.47,0.623,14.62,1500,34,0.0,0.0
2026-09-10 15:59:25,887230,-0.86475,-0.502203,260.024,33.4,260.024,33.4,4095,4095,4095,4095,0,0,0.0,0.0,54612.5,HIGH,CENTER,CENTER,39.5,48.1,21.15,0.996,21.07,1500,34,0.0,0.0
2026-09-10 15:59:25,887918,-0.86475,-0.502203,260.025,33.398,260.025,33.398,4095,4095,4095,4095,0,0,0.0,0.0,54612.5,HIGH,CENTER,CENTER,39.5,48.2,20.59,0.341,7.02,1500,34,0.0,0.0
2026-09-10 15:59:26,888602,-0.864786,-0.50214,260.027,33.395,260.027,33.395,4095,4095,4095,4095,0,0,0.0,0.0,54612.5,HIGH,CENTER,CENTER,39.5,48.2,20.83,0.33,6.87,1500,34,0.0,0.0
2026-09-10 15:59:27,889285,-0.864823,-0.502077,260.028,33.393,260.028,33.393,4095,4095,4095,4095,0,0,0.0,0.0,54612.5,HIGH,CENTER,CENTER,39.5,48.2,20.01,0.843,16.87,1500,34,0.0,0.0
2026-09-10 15:59:27,889973,-0.864823,-0.502077,260.029,33.39,260.029,33.39,4095,4095,4095,4095,0,0,0.0,0.0,54612.5,HIGH,CENTER,CENTER,39.5,48.3,23.59,0.397,9.37,1500,34,0.0,0.0
2026-09-10 15:59:28,890657,-0.86486,-0.502014,260.031,33.387,260.031,33.387,4095,4095,4095,4095,0,0,0.0,0.0,54612.5,HIGH,CENTER,CENTER,39.5,48.3,23.66,0.298,7.05,1500,34,0.0,0.0
2026-09-10 15:59:29,891340,-0.864896,-0.501951,260.032,33.385,260.032,33.385,4095,4095,4095,4095,0,0,0.0,0.0,54612.5,HIGH,CENTER,CENTER,39.5,48.3,22.57,0.367,8.28,1500,34,0.0,0.0
2026-09-10 15:59:30,892028,-0.864933,-0.501888,260.034,33.382,260.034,33.382,4095,4095,4095,4095,0,0,0.0,0.0,54612.5,HIGH,CENTER,CENTER,39.4,48.2,20.81,1.124,23.39,1500,34,0.0,0.0
2026-09-10 15:59:30,892712,-0.864933,-0.501888,260.035,33.38,260.035,33.38,4095,4095,4095,4095,0,0,0.0,0.0,54612.5,HIGH,CENTER,CENTER,39.4,48.2,20.42,1.021,20.85,1500,34,0.0,0.0
2026-09-10 15:59:31,893395,-0.864969,-0.501825,260.037,33.377,260.037,33.377,4095,4095,4095,4095,0,0,0.0,0.0,54612.5,HIGH,CENTER,CENTER,39.4,48.2,20.1,0.554,11.14,1500,34,0.0,0.0
2026-09-10 15:59:32,894083,-0.865006,-0.501762,260.038,33.375,260.038,33.375,4095,4095,4095,4095,0,0,0.0,0.0,54612.5,HIGH,CENTER,CENTER,39.4,48.0,20.83,0.856,17.83,1500,34,0.0,0.0
2026-09-10 15:59:32,894766,-0.865006,-0.501762,260.039,33.372,260.039,33.372,4095,4095,4095,4095,0,0,0.0,0.0,54612.5,HIGH,CENTER,CENTER,39.4,48.0,24.45,0.737,18.02,1500,34,0.0,0.0
2026-09-10 15:59:33,895449,-0.865042,-0.501699,260.041,33.369,260.041,33.369,4095,4095,4095,4095,0,0,0.0,0.0,54612.5,HIGH,CENTER,CENTER,39.4,48.0,21.21,0.877,18.6,1500,34,0.0,0.0
2026-09-10 15:59:34,896137,-0.865078,-0.501637,260.042,33.367,260.042,33.367,4095,4095,4095,4095,0,0,0.0,0.0,54612.5,HIGH,CENTER,CENTER,39.4,48.0,21.77,0.883,19.22,1500,34,0.0,0.0
2026-09-10 15:59:34,896820,-0.865078,-0.501637,260.044,33.364,260.044,33.364,4095,4095,4095,4095,0,0,0.0,0.0,54612.5,HIGH,CENTER,CENTER,39.4,48.0,20.53,0.829,17.02,1500,34,0.0,0.0
2026-09-10 15:59:35,897503,-0.865115,-0.501574,260.045,33.362,260.045,33.362,4095,4095,4095,4095,0,0,0.0,0.0,54612.5,HIGH,CENTER,CENTER,39.4,48.0,21.11,0.466,9.84,1500,34,0.0,0.0
2026-09-10 15:59:36,898191,-0.865151,-0.501511,260.046,33.359,260.046,33.359,4095,4095,4095,4095,0,0,0.0,0.0,54612.5,HIGH,CENTER,CENTER,39.4,48.1,22.6,0.239,5.4,1500,34,0.0,0.0
2026-09-10 15:59:36,898875,-0.865151,-0.501511,260.048,33.356,260.048,33.356,4095,4095,4095,4095,0,0,0.0,0.0,54612.5,HIGH,CENTER,CENTER,39.4,48.1,23.04,0.656,15.11,1500,34,0.0,0.0
2026-09-10 15:59:37,899558,-0.865188,-0.501448,260.049,33.354,260.049,33.354,4095,4095,4095,4095,0,0,0.0,0.0,54612.5,HIGH,CENTER,CENTER,39.4,48.1,21.23,1.091,23.16,1500,34,0.0,0.0
2026-09-10 15:59:38,900246,-0.865224,-0.501385,260.051,33.351,260.051,33.351,4095,4095,4095,4095,0,0,0.0,0.0,54612.5,HIGH,CENTER,CENTER,39.4,48.2,20.29,0.769,15.6,1500,34,0.0,0.0
2026-09-10 15:59:38,900930,-0.865224,-0.501385,260.052,33.349,260.052,33.349,4095,4095,4095,4095,0,0,0.0,0.0,54612.5,HIGH,CENTER,CENTER,39.4,48.2,21.96,1.032,22.66,1500,34,0.0,0.0
2026-09-10 15:59:39,901613,-0.865261,-0.501322,260.054,33.346,260.054,33.346,4095,4095,4095,4095,0,0,0.0,0.0,54612.5,HIGH,CENTER,CENTER,39.4,48.2,21.17,1.192,25.23,1500,34,0.0,0.0
2026-09-10 15:59:40,902301,-0.865297,-0.501259,260.055,33.344,260.055,33.344,4095,4095,4095,4095,0,0,0.0,0.0,54612.5,HIGH,CENTER,CENTER,39.4,48.1,21.1,0.364,7.68,1500,34,0.0,0.0
2026-09-10 15:59:40,902985,-0.865297,-0.501259,260.056,33.341,260.056,33.341,4095,4095,4095,4095,0,0,0.0,0.0,54612.5,HIGH,CENTER,CENTER,39.4,48.1,24.8,0.892,22.12,1500,34,0.0,0.0
2026-09-10 15:59:41,903668,-0.865334,-0.501196,260.058,33.338,260.058,33.338,4095,4095,4095,4095,0,0,0.0,0.0,54612.5,HIGH,CENTER,CENTER,39.4,48.1,23.08,0.874,20.17,1500,34,0.0,0.0
2026-09-10 15:59:42,904356,-0.86537,-0.501133,260.059,33.336,260.059,33.336,4095,4095,4095,4095,0,0,0.0,0.0,54612.5,HIGH,CENTER,CENTER,39.4,48.1,22.78,1.18,26.88,1500,34,0.0,0.0
2026-09-10 15:59:43,905040,-0.865407,-0.50107,260.061,33.333,260.061,33.333,4095,4095,4095,4095,0,0,0.0,0.0,54612.5,HIGH,CENTER,CENTER,39.4,48.1,22.08,1.186,26.19,1500,34,0.0,0.0
2026-09-10 15:59:43,905723,-0.865407,-0.50107,260.062,33.331,260.062,33.331,4095,4095,4095,4095,0,0,0.0,0.0,54612.5,HIGH,CENTER,CENTER,39.4,48.1,22.14,0.887,19.64,1500,34,0.0,0.0
2026-09-10 15:59:44,906411,-0.865443,-0.501007,260.064,33.328,260.064,33.328,4095,4095,4095,4095,0,0,0.0,0.0,54612.5,HIGH,CENTER,CENTER,39.4,48.2,22.7,0.444,10.08,1500,34,0.0,0.0
2026-09-10 15:59:45,907095,-0.865479,-0.500944,260.065,33.325,260.065,33.325,4095,4095,4095,4095,0,0,0.0,0.0,54612.5,HIGH,CENTER,CENTER,39.4,48.2,23.48,0.999,23.46,1500,34,0.0,0.0
2026-09-10 15:59:45,907778,-0.865479,-0.500944,260.066,33.323,260.066,33.323,4095,4095,4095,4095,0,0,0.0,0.0,54612.5,HIGH,CENTER,CENTER,39.4,48.2,23.51,0.307,7.22,1500,34,0.0,0.0
2026-09-10 15:59:46,908466,-0.865516,-0.500881,260.068,33.32,260.068,33.32,4095,4095,4095,4095,0,0,0.0,0.0,54612.5,HIGH,CENTER,CENTER,39.4,48.2,20.86,0.981,20.46,1500,34,0.0,0.0
2026-09-10 15:59:47,909150,-0.865552,-0.500819,260.069,33.318,260.069,33.318,4095,4095,4095,4095,0,0,0.0,0.0,54612.5,HIGH,CENTER,CENTER,39.4,48.2,22.5,1.11,24.98,1500,34,0.0,0.0
2026-09-10 15:59:47,909833,-0.865552,-0.500819,260.071,33.315,260.071,33.315,4095,4095,4095,4095,0,0,0.0,0.0,54612.5,HIGH,CENTER,CENTER,39.4,48.2,22.06,0.583,12.86,1500,34,0.0,0.0
2026-09-10 15:59:48,910521,-0.865589,-0.500756,260.072,33.312,260.072,33.312,4095,4095,4095,4095,0,0,0.0,0.0,54612.5,HIGH,CENTER,CENTER,39.4,48.2,24.35,0.831,20.23,1500,34,0.0,0.0
2026-09-10 15:59:49,911205,-0.865625,-0.500693,260.073,33.31,260.073,33.31,4095,4095,4095,4095,0,0,0.0,0.0,54612.5,HIGH,CENTER,CENTER,39.4,48.2,23.16,0.63,14.59,1500,34,0.0,0.0
2026-09-10 15:59:49,911888,-0.865625,-0.500693,260.075,33.307,260.075,33.307,4086,4095,4095,4095,0,-9,0.0,-0.0011,54612.5,HIGH,CENTER,CENTER,39.4,48.2,22.66,0.638,14.46,1500,34,0.0,-0.033
2026-09-10 15:59:50,912576,-0.865662,-0.50063,260.076,33.305,260.076,33.305,4095,4095,4095,4095,0,0,0.0,0.0,54612.5,HIGH,CENTER,CENTER,39.4,48.3,20.58,0.51,10.5,1500,34,0.0,0.0
2026-09-10 15:59:51,913260,-0.865698,-0.500567,260.078,33.302,260.078,33.302,4095,4095,4095,4095,0,0,0.0,0.0,54612.5,HIGH,CENTER,CENTER,39.4,48.3,23.03,0.962,22.15,1500,34,0.0,0.0
2026-09-10 15:59:51,913943,-0.865698,-0.500567,260.079,33.3,260.079,33.3,4075,4095,4095,4095,0,-20,0.0,-0.002448,54612.5,HIGH,CENTER,CENTER,39.4,48.3,20.59,1.136,23.39,1500,34,0.0,-0.073
2026-09-10 15:59:52,914631,-0.865734,-0.500504,260.081,33.297,260.081,33.297,4095,4095,4095,4095,0,0,0.0,0.0,54612.5,HIGH,CENTER,CENTER,39.4,48.3,21.69,1.141,24.75,1500,34,0.0,0.0
2026-09-10 15:59:53,915315,-0.865771,-0.500441,260.082,33.294,260.082,33.294,4095,4095,4095,4095,0,0,0.0,0.0,54612.5,HIGH,CENTER,CENTER,39.4,48.3,20.71,0.375,7.77,1500,34,0.0,0.0
2026-09-10 15:59:54,915998,-0.865807,-0.500378,260.083,33.292,260.083,33.292,4095,4095,4095,4095,0,0,0.0,0.0,54612.5,HIGH,CENTER,CENTER,39.4,48.3,23.46,1.075,25.22,1500,34,0.0,0.0
2026-09-10 15:59:54,916686,-0.865807,-0.500378,260.085,33.289,260.085,33.289,4095,4095,4095,4095,0,0,0.0,0.0,54612.5,HIGH,CENTER,CENTER,39.4,48.4,21.03,0.937,19.71,1500,34,0.0,0.0
2026-09-10 15:59:55,917369,-0.865844,-0.500315,260.086,33.287,260.086,33.287,4095,4095,4095,4095,0,0,0.0,0.0,54612.5,HIGH,CENTER,CENTER,39.4,48.4,21.96,0.453,9.95,1500,34,0.0,0.0
2026-09-10 15:59:56,918052,-0.86588,-0.500252,260.088,33.284,260.088,33.284,4095,4095,4095,4095,0,0,0.0,0.0,54612.5,HIGH,CENTER,CENTER,39.4,48.4,24.48,0.267,6.54,1500,34,0.0,0.0
2026-09-10 15:59:56,918740,-0.86588,-0.500252,260.089,33.281,260.089,33.281,4095,4095,4095,4095,0,0,0.0,0.0,54612.5,HIGH,CENTER,CENTER,39.4,48.5,21.02,0.468,9.84,1500,34,0.0,0.0
2026-09-10 15:59:57,919424,-0.865916,-0.500189,260.091,33.279,260.091,33.279,4095,4095,4095,4095,0,0,0.0,0.0,54612.5,HIGH,CENTER,CENTER,39.4,48.5,22.54,1.112,25.06,1500,34,0.0,0.0
2026-09-10 15:59:58,920107,-0.865953,-0.500126,260.092,33.276,260.092,33.276,4095,4095,4095,4095,0,0,0.0,0.0,54612.5,HIGH,CENTER,CENTER,39.4,48.5,22.1,0.833,18.41,1500,34,0.0,0.0
2026-09-10 15:59:58,920795,-0.865953,-0.500126,260.093,33.274,260.093,33.274,4095,4095,4095,4095,0,0,0.0,0.0,54612.5,HIGH,CENTER,CENTER,39.4,48.5,20.09,0.921,18.5,1500,34,0.0,0.0
2026-09-10 15:59:59,921479,-0.865989,-0.500063,260.095,33.271,260.095,33.271,4095,4095,4095,4095,0,0,0.0,0.0,54612.5,HIGH,CENTER,CENTER,39.4,48.5,23.96,0.457,10.95,1500,34,0.0,0.0
2026-09-10 16:00:00,922162,-0.866025,-0.5,260.096,33.269,260.096,33.269,4095,4095,4095,4095,0,0,0.0,0.0,54612.5,HIGH,CENTER,CENTER,39.4,48.5,20.35,0.919,18.7,1500,34,0.0,0.0
2026-09-10 16:00:00,922850,-0.866025,-0.5,260.098,33.266,260.098,33.266,4095,4095,4095,4095,0,0,0.0,0.0,54612.5,HIGH,CENTER,CENTER,39.4,48.3,22.37,0.228,5.1,1500,34,0.0,0.0
2026-09-10 16:00:01,923534,-0.866062,-0.499937,260.099,33.263,260.099,33.263,4093,4095,4095,4095,0,-2,0.0,-0.000244,54612.5,HIGH,CENTER,CENTER,39.4,48.3,22.8,0.575,13.11,1500,34,0.0,-0.007
2026-09-10 16:00:02,924217,-0.866098,-0.499874,260.1,33.261,260.1,33.261,4095,4095,4095,4095,0,0,0.0,0.0,54612.5,HIGH,CENTER,CENTER,39.4,48.3,23.14,0.827,19.14,1500,34,0.0,0.0
2026-09-10 16:00:02,924905,-0.866098,-0.499874,260.102,33.258,260.102,33.258,4095,4095,4095,4095,0,0,0.0,0.0,54612.5,HIGH,CENTER,CENTER,39.5,48.2,23.44,0.346,8.11,1500,34,0.0,0.0
2026-09-10 16:00:03,925589,-0.866134,-0.499811,260.103,33.256,260.103,33.256,4079,4095,4095,4095,0,-16,0.0,-0.001957,54612.5,HIGH,CENTER,CENTER,39.5,48.2,21.27,1.023,21.76,1500,34,0.0,-0.059
2026-09-10 16:00:04,926272,-0.866171,-0.499748,260.105,33.253,260.105,33.253,4095,4095,4095,4095,0,0,0.0,0.0,54612.5,HIGH,CENTER,CENTER,39.5,48.2,20.05,0.435,8.72,1500,34,0.0,0.0
2026-09-10 16:00:04,926960,-0.866171,-0.499748,260.106,33.25,260.106,33.25,4095,4095,4095,4095,0,0,0.0,0.0,54612.5,HIGH,CENTER,CENTER,39.5,48.0,23.62,0.852,20.12,1500,34,0.0,0.0
2026-09-10 16:00:05,927644,-0.866207,-0.499685,260.108,33.248,260.108,33.248,4095,4095,4095,4095,0,0,0.0,0.0,54612.5,HIGH,CENTER,CENTER,39.5,48.0,22.68,0.605,13.72,1500,34,0.0,0.0
2026-09-10 16:00:06,928327,-0.866243,-0.499622,260.109,33.245,260.109,33.245,4095,4095,4095,4095,0,0,0.0,0.0,54612.5,HIGH,CENTER,CENTER,39.5,48.0,24.18,0.796,19.25,1500,34,0.0,0.0
2026-09-10 16:00:07,929015,-0.86628,-0.499559,260.11,33.243,260.11,33.243,4095,4095,4095,4095,0,0,0.0,0.0,54612.5,HIGH,CENTER,CENTER,39.5,47.9,24.11,0.307,7.4,1500,34,0.0,0.0
2026-09-10 16:00:07,929699,-0.86628,-0.499559,260.112,33.24,260.112,33.24,4095,4095,4095,4095,0,0,0.0,0.0,54604.17,HIGH,CENTER,CENTER,39.5,47.9,24.22,0.217,5.26,1500,34,0.0,0.0
2026-09-10 16:00:08,930382,-0.866316,-0.499496,260.113,33.238,260.113,33.238,4095,4095,4095,4095,0,0,0.0,0.0,54590.0,HIGH,CENTER,CENTER,39.5,47.9,22.43,1.11,24.9,1500,34,0.0,0.0
2026-09-10 16:00:09,931070,-0.866352,-0.499433,260.115,33.235,260.115,33.235,4095,4095,4095,4095,0,0,0.0,0.0,54545.83,HIGH,CENTER,CENTER,39.5,47.8,21.67,0.47,10.18,1500,34,0.0,0.0
2026-09-10 16:00:09,931754,-0.866352,-0.499433,260.116,33.232,260.116,33.232,4090,4095,4095,4095,0,-5,0.0,-0.000611,54470.83,HIGH,CENTER,CENTER,39.5,47.8,23.96,1.02,24.44,1500,34,0.0,-0.018
2026-09-10 16:00:10,932437,-0.866389,-0.49937,260.117,33.23,260.117,33.23,4093,4095,4095,4095,0,-2,0.0,-0.000244,54492.5,HIGH,CENTER,CENTER,39.5,47.8,22.26,1.199,26.69,1500,34,0.0,-0.007
2026-09-10 16:00:11,933125,-0.866425,-0.499307,260.119,33.227,260.119,33.227,4095,4095,4095,4095,0,0,0.0,0.0,54401.67,HIGH,CENTER,CENTER,39.5,47.9,20.92,0.411,8.6,1500,34,0.0,0.0
2026-09-10 16:00:11,933809,-0.866425,-0.499307,260.12,33.225,260.12,33.225,4095,4095,4095,4095,0,0,0.0,0.0,54410.0,HIGH,CENTER,CENTER,39.5,47.9,24.27,0.465,11.29,1500,34,0.0,0.0
2026-09-10 16:00:12,934492,-0.866461,-0.499244,260.122,33.222,260.122,33.222,4095,4095,4095,4095,0,0,0.0,0.0,54335.83,HIGH,CENTER,CENTER,39.5,47.9,24.41,0.863,21.07,1500,34,0.0,0.0
2026-09-10 16:00:13,935180,-0.866498,-0.499181,260.123,33.219,260.123,33.219,4086,4095,4095,4095,0,-9,0.0,-0.0011,54365.0,HIGH,CENTER,CENTER,39.5,48.0,22.33,1.165,26.01,1500,34,0.0,-0.033
2026-09-10 16:00:13,935864,-0.866498,-0.499181,260.125,33.217,260.125,33.217,4091,4095,4095,4095,0,-4,0.0,-0.000489,54290.83,HIGH,CENTER,CENTER,39.5,48.0,20.38,1.116,22.74,1500,34,0.0,-0.015
2026-09-10 16:00:14,936547,-0.866534,-0.499118,260.126,33.214,260.126,33.214,4095,4095,4095,4095,0,0,0.0,0.0,54228.33,HIGH,CENTER,CENTER,39.5,48.0,21.94,0.703,15.42,1500,34,0.0,0.0
2026-09-10 16:00:15,937235,-0.86657,-0.499055,260.127,33.212,260.127,33.212,4095,4095,4095,4095,0,0,0.0,0.0,54188.33,HIGH,CENTER,CENTER,39.5,47.9,24.02,0.995,23.9,1500,34,0.0,0.0
2026-09-10 16:00:15,937919,-0.86657,-0.499055,260.129,33.209,260.129,33.209,4095,4095,4095,4095,0,0,0.0,0.0,54186.67,HIGH,CENTER,CENTER,39.5,47.9,24.51,0.336,8.24,1500,34,0.0,0.0
2026-09-10 16:00:16,938602,-0.866607,-0.498992,260.13,33.206,260.13,33.206,4095,4095,4095,4095,0,0,0.0,0.0,54115.83,HIGH,CENTER,CENTER,39.5,47.9,21.02,1.177,24.74,1500,34,0.0,0.0
2026-09-10 16:00:17,939290,-0.866643,-0.498929,260.132,33.204,260.132,33.204,4095,4095,4095,4095,0,0,0.0,0.0,54089.17,HIGH,CENTER,CENTER,39.5,47.6,20.33,1.164,23.66,1500,34,0.0,0.0
2026-09-10 16:00:17,939974,-0.866643,-0.498929,260.133,33.201,260.133,33.201,4095,4095,4095,4095,0,0,0.0,0.0,54022.5,HIGH,CENTER,CENTER,39.5,47.6,24.39,0.364,8.88,1500,34,0.0,0.0
2026-09-10 16:00:18,940657,-0.866679,-0.498866,260.135,33.199,260.135,33.199,4095,4095,4095,4095,0,0,0.0,0.0,54022.5,HIGH,CENTER,CENTER,39.5,47.6,21.95,0.499,10.95,1500,34,0.0,0.0
2026-09-10 16:00:19,941345,-0.866715,-0.498803,260.136,33.196,260.136,33.196,4095,4095,4095,4095,0,0,0.0,0.0,54008.33,HIGH,CENTER,CENTER,39.5,47.6,22.71,0.3,6.81,1500,34,0.0,0.0
2026-09-10 16:00:20,942029,-0.866752,-0.49874,260.137,33.194,260.137,33.194,4089,4095,4095,4095,0,-6,0.0,-0.000733,53968.33,HIGH,CENTER,CENTER,39.5,47.6,24.84,0.472,11.72,1500,34,0.0,-0.022
2026-09-10 16:00:20,942712,-0.866752,-0.49874,260.139,33.191,260.139,33.191,4093,4095,4095,4095,0,-2,0.0,-0.000244,53954.17,HIGH,CENTER,CENTER,39.5,47.6,20.33,1.016,20.66,1500,34,0.0,-0.007
2026-09-10 16:00:21,943400,-0.866788,-0.498677,260.14,33.188,260.14,33.188,4091,4095,4095,4095,0,-4,0.0,-0.000489,53891.67,HIGH,CENTER,CENTER,39.5,47.4,23.24,0.578,13.43,1500,34,0.0,-0.015
2026-09-10 16:00:22,944084,-0.866824,-0.498614,260.142,33.186,260.142,33.186,4095,4095,4095,4095,0,0,0.0,0.0,53835.0,HIGH,CENTER,CENTER,39.5,47.4,20.37,0.288,5.87,1500,34,0.0,0.0
2026-09-10 16:00:22,944767,-0.866824,-0.498614,260.143,33.183,260.143,33.183,4095,4095,4095,4095,0,0,0.0,0.0,53798.33,HIGH,CENTER,CENTER,39.5,47.4,21.88,0.542,11.86,1500,34,0.0,0.0
2026-09-10 16:00:23,945455,-0.86686,-0.498551,260.144,33.181,260.144,33.181,4093,4095,4095,4095,0,-2,0.0,-0.000244,53828.33,HIGH,CENTER,CENTER,39.4,47.2,24.02,1.181,28.37,1500,34,0.0,-0.007
2026-09-10 16:00:24,946139,-0.866897,-0.498488,260.146,33.178,260.146,33.178,4095,4095,4095,4095,0,0,0.0,0.0,53788.33,HIGH,CENTER,CENTER,39.4,47.2,22.17,0.83,18.4,1500,34,0.0,0.0
2026-09-10 16:00:24,946822,-0.866897,-0.498488,260.147,33.175,260.147,33.175,4095,4095,4095,4095,0,0,0.0,0.0,53747.5,HIGH,CENTER,CENTER,39.4,47.2,24.99,0.616,15.39,1500,34,0.0,0.0
2026-09-10 16:00:25,947510,-0.866933,-0.498425,260.149,33.173,260.149,33.173,4070,4095,4095,4095,0,-25,0.0,-0.003062,53706.67,HIGH,CENTER,CENTER,39.4,47.4,22.8,0.367,8.37,1500,34,0.0,-0.092
2026-09-10 16:00:26,948194,-0.866969,-0.498362,260.15,33.17,260.15,33.17,4095,4095,4095,4095,0,0,0.0,0.0,53690.0,HIGH,CENTER,CENTER,39.4,47.4,21.61,1.186,25.63,1500,34,0.0,0.0
2026-09-10 16:00:26,948877,-0.866969,-0.498362,260.152,33.168,260.152,33.168,4095,4095,4095,4095,0,0,0.0,0.0,53642.5,HIGH,CENTER,CENTER,39.4,47.4,21.1,1.021,21.54,1500,34,0.0,0.0
2026-09-10 16:00:27,949565,-0.867005,-0.498299,260.153,33.165,260.153,33.165,4093,4095,4095,4095,0,-2,0.0,-0.000244,53585.0,HIGH,CENTER,CENTER,39.4,47.3,21.75,0.481,10.46,1500,34,0.0,-0.007
2026-09-10 16:00:28,950249,-0.867042,-0.498236,260.154,33.162,260.154,33.162,4095,4095,4095,4095,0,0,0.0,0.0,53575.0,HIGH,CENTER,CENTER,39.4,47.3,21.86,0.27,5.9,1500,34,0.0,0.0
2026-09-10 16:00:28,950932,-0.867042,-0.498236,260.156,33.16,260.156,33.16,4095,4095,4095,4095,0,0,0.0,0.0,53517.5,HIGH,CENTER,CENTER,39.4,47.3,20.34,0.257,5.23,1500,34,0.0,0.0
2026-09-10 16:00:29,951620,-0.867078,-0.498172,260.157,33.157,260.157,33.157,4086,4095,4095,4095,0,-9,0.0,-0.0011,53528.33,HIGH,CENTER,CENTER,39.4,47.3,21.85,0.32,6.99,1500,34,0.0,-0.033
2026-09-10 16:00:30,952304,-0.867114,-0.498109,260.159,33.155,260.159,33.155,4095,4095,4095,4095,0,0,0.0,0.0,53495.83,HIGH,CENTER,CENTER,39.4,47.3,22.32,0.781,17.43,1500,34,0.0,0.0
2026-09-10 16:00:31,952987,-0.86715,-0.498046,260.16,33.152,260.16,33.152,4095,4095,4095,4095,0,0,0.0,0.0,53435.83,HIGH,CENTER,CENTER,39.4,47.3,23.61,1.129,26.66,1500,34,0.0,0.0
2026-09-10 16:00:31,953675,-0.86715,-0.498046,260.161,33.15,260.161,33.15,4095,4095,4095,4095,0,0,0.0,0.0,53421.67,HIGH,CENTER,CENTER,39.4,47.3,23.28,0.697,16.23,1500,34,0.0,0.0
2026-09-10 16:00:32,954359,-0.867187,-0.497983,260.163,33.147,260.163,33.147,4095,4095,4095,4095,0,0,0.0,0.0,53382.5,HIGH,CENTER,CENTER,39.4,47.3,23.54,1.043,24.55,1500,34,0.0,0.0
2026-09-10 16:00:33,955042,-0.867223,-0.49792,260.164,33.144,260.164,33.144,4095,4095,4095,4095,0,0,0.0,0.0,53342.5,HIGH,CENTER,CENTER,39.4,47.3,20.04,0.646,12.95,1500,34,0.0,0.0
2026-09-10 16:00:33,955730,-0.867223,-0.49792,260.166,33.142,260.166,33.142,4095,4095,4095,4095,0,0,0.0,0.0,53352.5,HIGH,CENTER,CENTER,39.4,47.3,21.09,0.909,19.17,1500,34,0.0,0.0
2026-09-10 16:00:34,956414,-0.867259,-0.497857,260.167,33.139,260.167,33.139,4085,4095,4095,4095,0,-10,0.0,-0.001222,53266.67,HIGH,CENTER,CENTER,39.4,47.3,23.31,0.932,21.72,1500,34,0.0,-0.037
2026-09-10 16:00:35,957097,-0.867295,-0.497794,260.169,33.137,260.169,33.137,4095,4095,4095,4095,0,0,0.0,0.0,53248.33,HIGH,CENTER,CENTER,39.4,47.3,22.42,0.374,8.39,1500,34,0.0,0.0
2026-09-10 16:00:35,957785,-0.867295,-0.497794,260.17,33.134,260.17,33.134,4095,4095,4095,4095,0,0,0.0,0.0,53266.67,HIGH,CENTER,CENTER,39.4,47.4,20.03,0.561,11.24,1500,34,0.0,0.0
2026-09-10 16:00:36,958469,-0.867331,-0.497731,260.171,33.131,260.171,33.131,4093,4095,4095,4095,0,-2,0.0,-0.000244,53212.5,HIGH,CENTER,CENTER,39.4,47.4,24.02,0.837,20.1,1500,34,0.0,-0.007
2026-09-10 16:00:37,959152,-0.867368,-0.497668,260.173,33.129,260.173,33.129,4091,4095,4095,4095,0,-4,0.0,-0.000489,53226.67,HIGH,CENTER,CENTER,39.4,47.4,23.86,0.271,6.47,1500,34,0.0,-0.015
2026-09-10 16:00:37,959840,-0.867368,-0.497668,260.174,33.126,260.174,33.126,4091,4095,4095,4095,0,-4,0.0,-0.000489,53208.33,HIGH,CENTER,CENTER,39.4,47.5,22.74,0.562,12.78,1500,34,0.0,-0.015
2026-09-10 16:00:38,960524,-0.867404,-0.497605,260.176,33.124,260.176,33.124,4091,4095,4095,4095,0,-4,0.0,-0.000489,53228.33,HIGH,CENTER,CENTER,39.4,47.5,20.33,0.735,14.94,1500,34,0.0,-0.015
2026-09-10 16:00:39,961207,-0.86744,-0.497542,260.177,33.121,260.177,33.121,4092,4095,4095,4095,0,-3,0.0,-0.000366,53211.67,HIGH,CENTER,CENTER,39.4,47.5,23.83,1.196,28.5,1500,34,0.0,-0.011
2026-09-10 16:00:39,961895,-0.86744,-0.497542,260.178,33.119,260.178,33.119,4095,4095,4095,4095,0,0,0.0,0.0,53212.5,HIGH,CENTER,CENTER,39.4,47.8,22.92,0.675,15.47,1500,34,0.0,0.0
2026-09-10 16:00:40,962579,-0.867476,-0.497479,260.18,33.116,260.18,33.116,4092,4095,4095,4095,0,-3,0.0,-0.000366,53196.67,HIGH,CENTER,CENTER,39.4,47.8,23.91,1.016,24.29,1500,34,0.0,-0.011
2026-09-10 16:00:41,963262,-0.867512,-0.497416,260.181,33.113,260.181,33.113,4093,4095,4095,4095,0,-2,0.0,-0.000244,53228.33,HIGH,CENTER,CENTER,39.4,47.8,23.76,0.632,15.02,1500,34,0.0,-0.007
2026-09-10 16:00:41,963950,-0.867512,-0.497416,260.183,33.111,260.183,33.111,4095,4095,4095,4095,0,0,0.0,0.0,53270.83,HIGH,CENTER,CENTER,39.4,48.3,24.02,0.996,23.92,1500,34,0.0,0.0
2026-09-10 16:00:42,964634,-0.867549,-0.497353,260.184,33.108,260.184,33.108,4092,4095,4095,4095,0,-3,0.0,-0.000366,53250.0,HIGH,CENTER,CENTER,39.4,48.3,22.59,0.795,17.96,1500,34,0.0,-0.011
2026-09-10 16:00:43,965317,-0.867585,-0.497289,260.186,33.106,260.186,33.106,4089,4095,4095,4095,0,-6,0.0,-0.000733,53299.17,HIGH,CENTER,CENTER,39.4,48.3,20.7,1.087,22.5,1500,34,0.0,-0.022
2026-09-10 16:00:44,966005,-0.867621,-0.497226,260.187,33.103,260.187,33.103,4095,4095,4095,4095,0,0,0.0,0.0,53311.67,HIGH,CENTER,CENTER,39.4,48.2,23.36,0.611,14.27,1500,34,0.0,0.0
2026-09-10 16:00:44,966689,-0.867621,-0.497226,260.188,33.1,260.188,33.1,4093,4095,4095,4095,0,-2,0.0,-0.000244,53310.0,HIGH,CENTER,CENTER,39.4,48.2,23.1,0.804,18.57,1500,34,0.0,-0.007
2026-09-10 16:00:45,967372,-0.867657,-0.497163,260.19,33.098,260.19,33.098,4095,4095,4095,4095,0,0,0.0,0.0,53334.17,HIGH,CENTER,CENTER,39.4,48.2,23.71,0.83,19.68,1500,34,0.0,0.0
2026-09-10 16:00:46,968060,-0.867693,-0.4971,260.191,33.095,260.191,33.095,4085,4095,4095,4095,0,-10,0.0,-0.001222,53375.83,HIGH,CENTER,CENTER,39.3,48.2,20.85,0.617,12.86,1500,34,0.0,-0.037
2026-09-10 16:00:46,968744,-0.867693,-0.4971,260.193,33.093,260.193,33.093,4093,4095,4095,4095,0,-2,0.0,-0.000244,53426.67,HIGH,CENTER,CENTER,39.3,48.2,20.97,0.344,7.21,1500,34,0.0,-0.007
2026-09-10 16:00:47,969427,-0.867729,-0.497037,260.194,33.09,260.194,33.09,4095,4095,4095,4095,0,0,0.0,0.0,53405.0,HIGH,CENTER,CENTER,39.3,48.2,24.45,0.294,7.19,1500,34,0.0,0.0
2026-09-10 16:00:48,970115,-0.867765,-0.496974,260.195,33.087,260.195,33.087,4095,4095,4095,4095,0,0,0.0,0.0,53441.67,HIGH,CENTER,CENTER,39.3,48.2,23.75,0.217,5.15,1500,34,0.0,0.0
2026-09-10 16:00:48,970799,-0.867765,-0.496974,260.197,33.085,260.197,33.085,4095,4095,4095,4095,0,0,0.0,0.0,53482.5,HIGH,CENTER,CENTER,39.3,48.2,24.54,1.074,26.36,1500,34,0.0,0.0
2026-09-10 16:00:49,971482,-0.867802,-0.496911,260.198,33.082,260.198,33.082,4093,4095,4095,4095,0,-2,0.0,-0.000244,53503.33,HIGH,CENTER,CENTER,39.3,48.2,23.79,0.436,10.37,1500,34,0.0,-0.007
2026-09-10 16:00:50,972170,-0.867838,-0.496848,260.2,33.08,260.2,33.08,4090,4095,4095,4095,0,-5,0.0,-0.000611,53505.83,HIGH,CENTER,CENTER,39.3,48.1,22.99,0.412,9.47,1500,34,0.0,-0.018
2026-09-10 16:00:50,972854,-0.867838,-0.496848,260.201,33.077,260.201,33.077,4095,4095,4095,4095,0,0,0.0,0.0,53565.0,HIGH,CENTER,CENTER,39.3,48.1,23.27,0.936,21.78,1500,34,0.0,0.0
2026-09-10 16:00:51,973537,-0.867874,-0.496785,260.203,33.075,260.203,33.075,4095,4095,4095,4095,0,0,0.0,0.0,53601.67,HIGH,CENTER,CENTER,39.3,48.1,24.45,0.52,12.71,1500,34,0.0,0.0
2026-09-10 16:00:52,974225,-0.86791,-0.496722,260.204,33.072,260.204,33.072,4095,4095,4095,4095,0,0,0.0,0.0,53645.0,HIGH,CENTER,CENTER,39.3,48.2,22.89,0.706,16.16,1500,34,0.0,0.0
2026-09-10 16:00:52,974909,-0.86791,-0.496722,260.205,33.069,260.205,33.069,4095,4095,4095,4095,0,0,0.0,0.0,53694.17,HIGH,CENTER,CENTER,39.3,48.2,23.16,0.363,8.41,1500,34,0.0,0.0
2026-09-10 16:00:53,975592,-0.867946,-0.496658,260.207,33.067,260.207,33.067,4095,4095,4095,4095,0,0,0.0,0.0,53697.5,HIGH,CENTER,CENTER,39.3,48.2,20.78,1.16,24.1,1500,34,0.0,0.0
2026-09-10 16:00:54,976280,-0.867982,-0.496595,260.208,33.064,260.208,33.064,4095,4095,4095,4095,0,0,0.0,0.0,53761.67,HIGH,CENTER,CENTER,39.3,48.1,22.37,1.052,23.53,1500,34,0.0,0.0
2026-09-10 16:00:54,976964,-0.867982,-0.496595,260.21,33.062,260.21,33.062,4095,4095,4095,4095,0,0,0.0,0.0,53793.33,HIGH,CENTER,CENTER,39.3,48.1,23.58,1.064,25.09,1500,34,0.0,0.0
2026-09-10 16:00:55,977647,-0.868018,-0.496532,260.211,33.059,260.211,33.059,4095,4095,4095,4095,0,0,0.0,0.0,53861.67,HIGH,CENTER,CENTER,39.3,48.1,21.35,0.607,12.96,1500,34,0.0,0.0
2026-09-10 16:00:56,978335,-0.868054,-0.496469,260.212,33.056,260.212,33.056,4095,4095,4095,4095,0,0,0.0,0.0,53910.0,HIGH,CENTER,CENTER,39.3,48.0,21.01,0.962,20.21,1500,34,0.0,0.0
2026-09-10 16:00:57,979019,-0.868091,-0.496406,260.214,33.054,260.214,33.054,4085,4095,4095,4095,0,-10,0.0,-0.001222,53960.83,HIGH,CENTER,CENTER,39.3,48.0,21.57,0.344,7.42,1500,34,0.0,-0.037
2026-09-10 16:00:57,979702,-0.868091,-0.496406,260.215,33.051,260.215,33.051,4095,4095,4095,4095,0,0,0.0,0.0,54009.17,HIGH,CENTER,CENTER,39.3,48.0,21.21,0.209,4.43,1500,34,0.0,0.0
2026-09-10 16:00:58,980390,-0.868127,-0.496343,260.217,33.049,260.217,33.049,4095,4095,4095,4095,0,0,0.0,0.0,54060.0,HIGH,CENTER,CENTER,39.3,47.9,21.07,0.22,4.64,1500,34,0.0,0.0
2026-09-10 16:00:59,981074,-0.868163,-0.49628,260.218,33.046,260.218,33.046,4095,4095,4095,4095,0,0,0.0,0.0,54128.33,HIGH,CENTER,CENTER,39.3,47.9,22.12,0.787,17.41,1500,34,0.0,0.0
2026-09-10 16:00:59,981757,-0.868163,-0.49628,260.219,33.044,260.219,33.044,4095,4095,4095,4095,0,0,0.0,0.0,54208.33,HIGH,CENTER,CENTER,39.3,47.9,24.54,0.655,16.07,1500,34,0.0,0.0
2026-09-10 16:01:00,982445,-0.868199,-0.496217,260.221,33.041,260.221,33.041,4095,4095,4095,4095,0,0,0.0,0.0,54242.5,HIGH,CENTER,CENTER,39.3,47.8,22.54,0.718,16.18,1500,34,0.0,0.0
2026-09-10 16:01:01,983129,-0.868235,-0.496153,260.222,33.038,260.222,33.038,4095,4095,4095,4095,0,0,0.0,0.0,54314.17,HIGH,CENTER,CENTER,39.3,47.8,20.94,0.207,4.33,1500,34,0.0,0.0
2026-09-10 16:01:01,983812,-0.868235,-0.496153,260.224,33.036,260.224,33.036,4095,4095,4095,4095,0,0,0.0,0.0,54360.83,HIGH,CENTER,CENTER,39.3,47.8,20.38,0.623,12.7,1500,34,0.0,0.0
2026-09-10 16:01:02,984500,-0.868271,-0.49609,260.225,33.033,260.225,33.033,4094,4095,4095,4095,0,-1,0.0,-0.000122,54401.67,HIGH,CENTER,CENTER,39.3,47.7,23.48,0.918,21.55,1500,34,0.0,-0.004
2026-09-10 16:01:03,985184,-0.868307,-0.496027,260.227,33.031,260.227,33.031,4095,4095,4095,4095,0,0,0.0,0.0,54457.5,HIGH,CENTER,CENTER,39.3,47.7,21.91,0.643,14.09,1500,34,0.0,0.0
2026-09-10 16:01:03,985867,-0.868307,-0.496027,260.228,33.028,260.228,33.028,4095,4095,4095,4095,0,0,0.0,0.0,54507.5,HIGH,CENTER,CENTER,39.3,47.7,24.11,0.932,22.47,1500,34,0.0,0.0
2026-09-10 16:01:04,986555,-0.868343,-0.495964,260.229,33.025,260.229,33.025,4095,4095,4095,4095,0,0,0.0,0.0,54543.33,HIGH,CENTER,CENTER,39.3,47.7,23.3,0.433,10.09,1500,34,0.0,0.0
2026-09-10 16:01:05,987239,-0.868379,-0.495901,260.231,33.023,260.231,33.023,4095,4095,4095,4095,0,0,0.0,0.0,54612.5,HIGH,CENTER,CENTER,39.3,47.7,23.98,1.013,24.29,1500,34,0.0,0.0
2026-09-10 16:01:05,987922,-0.868379,-0.495901,260.232,33.02,260.232,33.02,4095,4095,4095,4095,0,0,0.0,0.0,54612.5,HIGH,CENTER,CENTER,39.3,47.7,21.36,0.788,16.83,1500,34,0.0,0.0
2026-09-10 16:01:06,988610,-0.868415,-0.495838,260.234,33.018,260.234,33.018,4095,4095,4095,4095,0,0,0.0,0.0,54612.5,HIGH,CENTER,CENTER,39.3,47.6,23.46,0.411,9.64,1500,34,0.0,0.0
2026-09-10 16:01:07,989294,-0.868451,-0.495774,260.235,33.015,260.235,33.015,4095,4095,4095,4095,0,0,0.0,0.0,54612.5,HIGH,CENTER,CENTER,39.3,47.6,21.32,0.437,9.32,1500,34,0.0,0.0
2026-09-10 16:01:08,989977,-0.868487,-0.495711,260.236,33.012,260.236,33.012,4095,4095,4095,4095,0,0,0.0,0.0,54612.5,HIGH,CENTER,CENTER,39.3,47.6,24.7,0.828,20.45,1500,34,0.0,0.0
2026-09-10 16:01:08,990665,-0.868487,-0.495711,260.238,33.01,260.238,33.01,4095,4095,4095,4095,0,0,0.0,0.0,54612.5,HIGH,CENTER,CENTER,39.3,47.7,23.18,1.03,23.88,1500,34,0.0,0.0
2026-09-10 16:01:09,991349,-0.868523,-0.495648,260.239,33.007,260.239,33.007,4095,4095,4095,4095,0,0,0.0,0.0,54612.5,HIGH,CENTER,CENTER,39.3,47.7,21.62,0.616,13.32,1500,34,0.0,0.0
2026-09-10 16:01:10,992032,-0.868559,-0.495585,260.241,33.005,260.241,33.005,4095,4095,4095,4095,0,0,0.0,0.0,54612.5,HIGH,CENTER,CENTER,39.3,47.7,21.35,0.458,9.78,1500,34,0.0,0.0
2026-09-10 16:01:10,992720,-0.868559,-0.495585,260.242,33.002,260.242,33.002,4095,4095,4095,4095,0,0,0.0,0.0,54612.5,HIGH,CENTER,CENTER,39.3,47.6,20.95,1.067,22.35,1500,34,0.0,0.0
2026-09-10 16:01:11,993404,-0.868595,-0.495522,260.244,33.0,260.244,33.0,4095,4095,4095,4095,0,0,0.0,0.0,54612.5,HIGH,CENTER,CENTER,39.3,47.6,23.47,0.869,20.4,1500,34,0.0,0.0
2026-09-10 16:01:12,994087,-0.868632,-0.495459,260.245,32.997,260.245,32.997,4095,4095,4095,4095,0,0,0.0,0.0,54612.5,HIGH,CENTER,CENTER,39.3,47.6,21.09,0.648,13.67,1500,34,0.0,0.0
2026-09-10 16:01:12,994775,-0.868632,-0.495459,260.246,32.994,260.246,32.994,4095,4095,4095,4095,0,0,0.0,0.0,54612.5,HIGH,CENTER,CENTER,39.3,47.8,22.98,0.688,15.81,1500,34,0.0,0.0
2026-09-10 16:01:13,995459,-0.868668,-0.495395,260.248,32.992,260.248,32.992,4095,4095,4095,4095,0,0,0.0,0.0,54612.5,HIGH,CENTER,CENTER,39.3,47.8,21.32,0.404,8.61,1500,34,0.0,0.0
2026-09-10 16:01:14,996142,-0.868704,-0.495332,260.249,32.989,260.249,32.989,4095,4095,4095,4095,0,0,0.0,0.0,54612.5,HIGH,CENTER,CENTER,39.3,47.8,23.31,0.827,19.28,1500,34,0.0,0.0
2026-09-10 16:01:14,996830,-0.868704,-0.495332,260.251,32.987,260.251,32.987,4095,4095,4095,4095,0,0,0.0,0.0,54612.5,HIGH,CENTER,CENTER,39.3,47.7,24.07,0.559,13.46,1500,34,0.0,0.0
2026-09-10 16:01:15,997514,-0.86874,-0.495269,260.252,32.984,260.252,32.984,4095,4095,4095,4095,0,0,0.0,0.0,54612.5,HIGH,CENTER,CENTER,39.3,47.7,23.89,1.196,28.57,1500,34,0.0,0.0
2026-09-10 16:01:16,998197,-0.868776,-0.495206,260.253,32.981,260.253,32.981,4095,4095,4095,4095,0,0,0.0,0.0,54612.5,HIGH,CENTER,CENTER,39.3,47.7,23.8,0.68,16.18,1500,34,0.0,0.0
2026-09-10 16:01:16,998885,-0.868776,-0.495206,260.255,32.979,260.255,32.979,4095,4095,4095,4095,0,0,0.0,0.0,54612.5,HIGH,CENTER,CENTER,39.3,47.6,20.94,0.686,14.36,1500,34,0.0,0.0
2026-09-10 16:01:17,999569,-0.868812,-0.495143,260.256,32.976,260.256,32.976,4095,4095,4095,4095,0,0,0.0,0.0,54612.5,HIGH,CENTER,CENTER,39.3,47.6,20.44,0.766,15.66,1500,34,0.0,0.0
2026-09-10 16:01:18,1000252,-0.868848,-0.49508,260.258,32.974,260.258,32.974,4095,4095,4095,4095,0,0,0.0,0.0,54612.5,HIGH,CENTER,CENTER,39.3,47.6,23.49,1.117,26.24,1500,34,0.0,0.0
2026-09-10 16:01:18,1000940,-0.868848,-0.49508,260.259,32.971,260.259,32.971,4095,4095,4095,4095,0,0,0.0,0.0,54612.5,HIGH,CENTER,CENTER,39.2,47.6,21.84,1.001,21.86,1500,34,0.0,0.0
2026-09-10 16:01:19,1001624,-0.868884,-0.495016,260.26,32.968,260.26,32.968,4093,4095,4095,4095,0,-2,0.0,-0.000244,54612.5,HIGH,CENTER,CENTER,39.2,47.6,22.16,0.651,14.43,1500,34,0.0,-0.007
2026-09-10 16:01:20,1002307,-0.86892,-0.494953,260.262,32.966,260.262,32.966,4095,4095,4095,4095,0,0,0.0,0.0,54612.5,HIGH,CENTER,CENTER,39.2,47.6,20.16,0.919,18.53,1500,34,0.0,0.0
2026-09-10 16:01:21,1002995,-0.868956,-0.49489,260.263,32.963,260.263,32.963,4095,4095,4095,4095,0,0,0.0,0.0,54612.5,HIGH,CENTER,CENTER,39.3,47.5,21.3,0.786,16.74,1500,34,0.0,0.0
2026-09-10 16:01:21,1003679,-0.868956,-0.49489,260.265,32.961,260.265,32.961,4095,4095,4095,4095,0,0,0.0,0.0,54612.5,HIGH,CENTER,CENTER,39.3,47.5,20.17,0.692,13.96,1500,34,0.0,0.0
2026-09-10 16:01:22,1004362,-0.868992,-0.494827,260.266,32.958,260.266,32.958,4095,4095,4095,4095,0,0,0.0,0.0,54612.5,HIGH,CENTER,CENTER,39.3,47.5,24.4,0.392,9.56,1500,34,0.0,0.0
2026-09-10 16:01:23,1005050,-0.869028,-0.494764,260.268,32.956,260.268,32.956,4095,4095,4095,4095,0,0,0.0,0.0,54612.5,HIGH,CENTER,CENTER,39.2,47.7,21.22,0.664,14.09,1500,34,0.0,0.0
2026-09-10 16:01:23,1005734,-0.869028,-0.494764,260.269,32.953,260.269,32.953,4095,4095,4095,4095,0,0,0.0,0.0,54612.5,HIGH,CENTER,CENTER,39.2,47.7,22.79,0.446,10.16,1500,34,0.0,0.0
2026-09-10 16:01:24,1006417,-0.869064,-0.4947,260.27,32.95,260.27,32.95,4095,4095,4095,4095,0,0,0.0,0.0,54612.5,HIGH,CENTER,CENTER,39.2,47.7,20.19,1.115,22.51,1500,34,0.0,0.0
2026-09-10 16:01:25,1007105,-0.8691,-0.494637,260.272,32.948,260.272,32.948,4095,4095,4095,4095,0,0,0.0,0.0,54612.5,HIGH,CENTER,CENTER,39.2,47.7,23.33,0.535,12.48,1500,34,0.0,0.0
2026-09-10 16:01:25,1007789,-0.8691,-0.494637,260.273,32.945,260.273,32.945,4095,4095,4095,4095,0,0,0.0,0.0,54612.5,HIGH,CENTER,CENTER,39.2,47.7,21.62,1.152,24.91,1500,34,0.0,0.0
2026-09-10 16:01:26,1008472,-0.869135,-0.494574,260.275,32.943,260.275,32.943,4046,4095,4095,4095,0,-49,0.0,-0.006019,54612.5,HIGH,CENTER,CENTER,39.2,47.7,24.49,0.733,17.95,1500,34,0.0,-0.181
2026-09-10 16:01:27,1009160,-0.869171,-0.494511,260.276,32.94,260.276,32.94,4095,4095,4095,4095,0,0,0.0,0.0,54612.5,HIGH,CENTER,CENTER,39.3,48.2,24.44,0.832,20.33,1500,34,0.0,0.0
2026-09-10 16:01:27,1009844,-0.869171,-0.494511,260.277,32.937,260.277,32.937,4082,4095,4095,4095,0,-13,0.0,-0.00159,54612.5,HIGH,CENTER,CENTER,39.3,48.2,21.63,0.743,16.07,1500,34,0.0,-0.048
2026-09-10 16:01:28,1010527,-0.869207,-0.494448,260.279,32.935,260.279,32.935,4095,4095,4095,4095,0,0,0.0,0.0,54612.5,HIGH,CENTER,CENTER,39.3,48.2,24.5,0.329,8.06,1500,34,0.0,0.0
2026-09-10 16:01:29,1011215,-0.869243,-0.494384,260.28,32.932,260.28,32.932,4095,4095,4095,4095,0,0,0.0,0.0,54612.5,HIGH,CENTER,CENTER,39.2,48.1,24.98,0.576,14.39,1500,34,0.0,0.0
2026-09-10 16:01:29,1011899,-0.869243,-0.494384,260.282,32.93,260.282,32.93,4095,4095,4095,4095,0,0,0.0,0.0,54612.5,HIGH,CENTER,CENTER,39.2,48.1,24.13,0.299,7.21,1500,34,0.0,0.0
2026-09-10 16:01:30,1012582,-0.869279,-0.494321,260.283,32.927,260.283,32.927,4095,4095,4095,4095,0,0,0.0,0.0,54612.5,HIGH,CENTER,CENTER,39.2,48.1,24.22,0.823,19.93,1500,34,0.0,0.0
2026-09-10 16:01:31,1013270,-0.869315,-0.494258,260.284,32.925,260.284,32.925,4095,4095,4095,4095,0,0,0.0,0.0,54612.5,HIGH,CENTER,CENTER,39.2,48.0,21.25,0.647,13.75,1500,34,0.0,0.0
2026-09-10 16:01:31,1013953,-0.869315,-0.494258,260.286,32.922,260.286,32.922,4080,4095,4095,4095,0,-15,0.0,-0.001835,54612.5,HIGH,CENTER,CENTER,39.2,48.0,22.88,0.978,22.38,1500,34,0.0,-0.055
2026-09-10 16:01:32,1014636,-0.869351,-0.494195,260.287,32.919,260.287,32.919,4095,4095,4095,4095,0,0,0.0,0.0,54612.5,HIGH,CENTER,CENTER,39.2,48.0,20.34,0.42,8.54,1500,34,0.0,0.0
2026-09-10 16:01:33,1015324,-0.869387,-0.494132,260.289,32.917,260.289,32.917,4095,4095,4095,4095,0,0,0.0,0.0,54612.5,HIGH,CENTER,CENTER,39.2,47.7,20.47,0.365,7.47,1500,34,0.0,0.0
2026-09-10 16:01:34,1016008,-0.869423,-0.494068,260.29,32.914,260.29,32.914,4095,4095,4095,4095,0,0,0.0,0.0,54612.5,HIGH,CENTER,CENTER,39.2,47.7,24.99,0.606,15.14,1500,34,0.0,0.0
2026-09-10 16:01:34,1016691,-0.869423,-0.494068,260.291,32.912,260.291,32.912,4095,4095,4095,4095,0,0,0.0,0.0,54612.5,HIGH,CENTER,CENTER,39.2,47.7,21.63,1.127,24.38,1500,34,0.0,0.0
2026-09-10 16:01:35,1017379,-0.869459,-0.494005,260.293,32.909,260.293,32.909,4095,4095,4095,4095,0,0,0.0,0.0,54612.5,HIGH,CENTER,CENTER,39.2,47.4,23.74,0.91,21.6,1500,34,0.0,0.0
2026-09-10 16:01:36,1018062,-0.869495,-0.493942,260.294,32.906,260.294,32.906,4095,4095,4095,4095,0,0,0.0,0.0,54612.5,HIGH,CENTER,CENTER,39.2,47.4,24.03,0.619,14.87,1500,34,0.0,0.0
2026-09-10 16:01:36,1018745,-0.869495,-0.493942,260.296,32.904,260.296,32.904,4095,4095,4095,4095,0,0,0.0,0.0,54612.5,HIGH,CENTER,CENTER,39.2,47.4,24.29,0.717,17.42,1500,34,0.0,0.0
2026-09-10 16:01:37,1019433,-0.869531,-0.493879,260.297,32.901,260.297,32.901,4095,4095,4095,4095,0,0,0.0,0.0,54612.5,HIGH,CENTER,CENTER,39.2,47.5,24.99,0.284,7.1,1500,34,0.0,0.0
2026-09-10 16:01:38,1020117,-0.869567,-0.493815,260.299,32.899,260.299,32.899,4095,4095,4095,4095,0,0,0.0,0.0,54612.5,HIGH,CENTER,CENTER,39.2,47.5,21.21,1.185,25.13,1500,34,0.0,0.0
2026-09-10 16:01:38,1020800,-0.869567,-0.493815,260.3,32.896,260.3,32.896,4095,4095,4095,4095,0,0,0.0,0.0,54612.5,HIGH,CENTER,CENTER,39.2,47.5,20.2,0.866,17.49,1500,34,0.0,0.0
2026-09-10 16:01:39,1021488,-0.869603,-0.493752,260.301,32.893,260.301,32.893,4095,4095,4095,4095,0,0,0.0,0.0,54612.5,HIGH,CENTER,CENTER,39.2,47.5,22.06,0.485,10.7,1500,34,0.0,0.0
2026-09-10 16:01:40,1022172,-0.869639,-0.493689,260.303,32.891,260.303,32.891,4095,4095,4095,4095,0,0,0.0,0.0,54612.5,HIGH,CENTER,CENTER,39.2,47.5,20.65,0.786,16.23,1500,34,0.0,0.0
2026-09-10 16:01:40,1022855,-0.869639,-0.493689,260.304,32.888,260.304,32.888,4095,4095,4095,4095,0,0,0.0,0.0,54612.5,HIGH,CENTER,CENTER,39.2,47.5,20.11,0.309,6.21,1500,34,0.0,0.0
2026-09-10 16:01:41,1023543,-0.869674,-0.493626,260.306,32.886,260.306,32.886,4095,4095,4095,4095,0,0,0.0,0.0,54612.5,HIGH,CENTER,CENTER,39.2,47.7,21.8,1.166,25.42,1500,34,0.0,0.0
2026-09-10 16:01:42,1024227,-0.86971,-0.493562,260.307,32.883,260.307,32.883,4095,4095,4095,4095,0,0,0.0,0.0,54612.5,HIGH,CENTER,CENTER,39.2,47.7,23.92,0.375,8.97,1500,34,0.0,0.0
2026-09-10 16:01:42,1024910,-0.86971,-0.493562,260.308,32.881,260.308,32.881,4095,4095,4095,4095,0,0,0.0,0.0,54612.5,HIGH,CENTER,CENTER,39.2,47.7,22.83,0.848,19.36,1500,34,0.0,0.0
2026-09-10 16:01:43,1025598,-0.869746,-0.493499,260.31,32.878,260.31,32.878,4095,4095,4095,4095,0,0,0.0,0.0,54612.5,HIGH,CENTER,CENTER,39.2,47.5,21.56,0.445,9.59,1500,34,0.0,0.0
2026-09-10 16:01:44,1026282,-0.869782,-0.493436,260.311,32.875,260.311,32.875,4095,4095,4095,4095,0,0,0.0,0.0,54612.5,HIGH,CENTER,CENTER,39.2,47.5,23.27,0.918,21.36,1500,34,0.0,0.0
2026-09-10 16:01:45,1026965,-0.869818,-0.493373,260.313,32.873,260.313,32.873,4095,4095,4095,4095,0,0,0.0,0.0,54612.5,HIGH,CENTER,CENTER,39.2,47.5,21.16,0.977,20.67,1500,34,0.0,0.0
2026-09-10 16:01:45,1027653,-0.869818,-0.493373,260.314,32.87,260.314,32.87,4095,4095,4095,4095,0,0,0.0,0.0,54612.5,HIGH,CENTER,CENTER,39.1,47.3,20.07,0.873,17.52,1500,34,0.0,0.0
2026-09-10 16:01:46,1028337,-0.869854,-0.493309,260.315,32.868,260.315,32.868,4095,4095,4095,4095,0,0,0.0,0.0,54612.5,HIGH,CENTER,CENTER,39.1,47.3,23.82,0.814,19.39,1500,34,0.0,0.0
2026-09-10 16:01:47,1029020,-0.86989,-0.493246,260.317,32.865,260.317,32.865,4095,4095,4095,4095,0,0,0.0,0.0,54612.5,HIGH,CENTER,CENTER,39.1,47.3,23.12,1.092,25.25,1500,34,0.0,0.0
2026-09-10 16:01:47,1029708,-0.86989,-0.493246,260.318,32.862,260.318,32.862,4095,4095,4095,4095,0,0,0.0,0.0,54612.5,HIGH,CENTER,CENTER,39.2,47.2,23.81,0.279,6.64,1500,34,0.0,0.0
2026-09-10 16:01:48,1030391,-0.869926,-0.493183,260.32,32.86,260.32,32.86,4083,4095,4095,4095,0,-12,0.0,-0.001467,54612.5,HIGH,CENTER,CENTER,39.2,47.2,20.19,0.531,10.72,1500,34,0.0,-0.044
2026-09-10 16:01:49,1031074,-0.869962,-0.49312,260.321,32.857,260.321,32.857,4095,4095,4095,4095,0,0,0.0,0.0,54612.5,HIGH,CENTER,CENTER,39.2,47.2,24.19,0.448,10.84,1500,34,0.0,0.0
2026-09-10 16:01:49,1031762,-0.869962,-0.49312,260.323,32.855,260.323,32.855,4095,4095,4095,4095,0,0,0.0,0.0,54612.5,HIGH,CENTER,CENTER,39.2,47.3,23.1,1.188,27.44,1500,34,0.0,0.0
2026-09-10 16:01:50,1032446,-0.869997,-0.493056,260.324,32.852,260.324,32.852,4095,4095,4095,4095,0,0,0.0,0.0,54612.5,HIGH,CENTER,CENTER,39.2,47.3,22.82,0.589,13.44,1500,34,0.0,0.0
2026-09-10 16:01:51,1033129,-0.870033,-0.492993,260.325,32.85,260.325,32.85,4095,4095,4095,4095,0,0,0.0,0.0,54612.5,HIGH,CENTER,CENTER,39.2,47.3,23.12,0.933,21.57,1500,34,0.0,0.0
2026-09-10 16:01:51,1033817,-0.870033,-0.492993,260.327,32.847,260.327,32.847,4095,4095,4095,4095,0,0,0.0,0.0,54612.5,HIGH,CENTER,CENTER,39.2,47.4,24.32,0.885,21.52,1500,34,0.0,0.0
2026-09-10 16:01:52,1034500,-0.870069,-0.49293,260.328,32.844,260.328,32.844,4095,4095,4095,4095,0,0,0.0,0.0,54612.5,HIGH,CENTER,CENTER,39.2,47.4,22.93,0.412,9.45,1500,34,0.0,0.0
2026-09-10 16:01:53,1035183,-0.870105,-0.492867,260.33,32.842,260.33,32.842,4095,4095,4095,4095,0,0,0.0,0.0,54612.5,HIGH,CENTER,CENTER,39.2,47.4,22.9,0.439,10.05,1500,34,0.0,0.0
2026-09-10 16:01:53,1035871,-0.870105,-0.492867,260.331,32.839,260.331,32.839,4095,4095,4095,4095,0,0,0.0,0.0,54612.5,HIGH,CENTER,CENTER,39.2,47.6,24.95,0.481,12.0,1500,34,0.0,0.0
2026-09-10 16:01:54,1036555,-0.870141,-0.492803,260.332,32.837,260.332,32.837,4095,4095,4095,4095,0,0,0.0,0.0,54612.5,HIGH,CENTER,CENTER,39.2,47.6,23.78,0.611,14.53,1500,34,0.0,0.0
2026-09-10 16:01:55,1037238,-0.870177,-0.49274,260.334,32.834,260.334,32.834,4095,4095,4095,4095,0,0,0.0,0.0,54612.5,HIGH,CENTER,CENTER,39.2,47.6,22.21,0.434,9.64,1500,34,0.0,0.0
2026-09-10 16:01:55,1037926,-0.870177,-0.49274,260.335,32.831,260.335,32.831,4095,4095,4095,4095,0,0,0.0,0.0,54612.5,HIGH,CENTER,CENTER,39.2,47.7,23.54,0.22,5.18,1500,34,0.0,0.0
2026-09-10 16:01:56,1038610,-0.870212,-0.492677,260.337,32.829,260.337,32.829,4095,4095,4095,4095,0,0,0.0,0.0,54612.5,HIGH,CENTER,CENTER,39.2,47.7,21.95,1.079,23.68,1500,34,0.0,0.0
2026-09-10 16:01:57,1039293,-0.870248,-0.492613,260.338,32.826,260.338,32.826,4095,4095,4095,4095,0,0,0.0,0.0,54612.5,HIGH,CENTER,CENTER,39.2,47.7,21.14,1.166,24.65,1500,34,0.0,0.0
2026-09-10 16:01:58,1039981,-0.870284,-0.49255,260.339,32.824,260.339,32.824,4095,4095,4095,4095,0,0,0.0,0.0,54612.5,HIGH,CENTER,CENTER,39.3,47.8,22.98,0.542,12.46,1500,34,0.0,0.0
2026-09-10 16:01:58,1040665,-0.870284,-0.49255,260.341,32.821,260.341,32.821,4095,4095,4095,4095,0,0,0.0,0.0,54612.5,HIGH,CENTER,CENTER,39.3,47.8,24.64,0.539,13.28,1500,34,0.0,0.0
2026-09-10 16:01:59,1041348,-0.87032,-0.492487,260.342,32.818,260.342,32.818,4095,4095,4095,4095,0,0,0.0,0.0,54612.5,HIGH,CENTER,CENTER,39.3,47.8,24.65,0.207,5.1,1500,34,0.0,0.0
2026-09-10 16:02:00,1042036,-0.870356,-0.492424,260.344,32.816,260.344,32.816,4095,4095,4095,4095,0,0,0.0,0.0,54612.5,HIGH,CENTER,CENTER,39.3,47.8,21.71,0.88,19.1,1500,34,0.0,0.0
2026-09-10 16:02:00,1042720,-0.870356,-0.492424,260.345,32.813,260.345,32.813,4095,4095,4095,4095,0,0,0.0,0.0,54612.5,HIGH,CENTER,CENTER,39.3,47.8,22.64,1.025,23.21,1500,34,0.0,0.0
2026-09-10 16:02:01,1043403,-0.870392,-0.49236,260.346,32.811,260.346,32.811,4091,4095,4095,4095,0,-4,0.0,-0.000489,54612.5,HIGH,CENTER,CENTER,39.3,47.8,21.06,0.347,7.31,1500,34,0.0,-0.015
2026-09-10 16:02:02,1044091,-0.870427,-0.492297,260.348,32.808,260.348,32.808,4095,4095,4095,4095,0,0,0.0,0.0,54612.5,HIGH,CENTER,CENTER,39.3,47.9,24.98,0.36,8.99,1500,34,0.0,0.0
2026-09-10 16:02:02,1044775,-0.870427,-0.492297,260.349,32.806,260.349,32.806,4095,4095,4095,4095,0,0,0.0,0.0,54612.5,HIGH,CENTER,CENTER,39.3,47.9,24.91,0.99,24.66,1500,34,0.0,0.0
2026-09-10 16:02:03,1045458,-0.870463,-0.492234,260.351,32.803,260.351,32.803,4095,4095,4095,4095,0,0,0.0,0.0,54612.5,HIGH,CENTER,CENTER,39.3,47.9,23.25,0.816,18.97,1500,34,0.0,0.0
2026-09-10 16:02:04,1046146,-0.870499,-0.49217,260.352,32.8,260.352,32.8,4095,4095,4095,4095,0,0,0.0,0.0,54612.5,HIGH,CENTER,CENTER,39.4,47.9,24.02,0.245,5.88,1500,34,0.0,0.0
2026-09-10 16:02:04,1046830,-0.870499,-0.49217,260.353,32.798,260.353,32.798,4095,4095,4095,4095,0,0,0.0,0.0,54612.5,HIGH,CENTER,CENTER,39.4,47.9,23.58,0.823,19.41,1500,34,0.0,0.0
2026-09-10 16:02:05,1047513,-0.870535,-0.492107,260.355,32.795,260.355,32.795,4095,4095,4095,4095,0,0,0.0,0.0,54612.5,HIGH,CENTER,CENTER,39.4,47.9,22.97,0.509,11.69,1500,34,0.0,0.0
2026-09-10 16:02:06,1048201,-0.87057,-0.492044,260.356,32.793,260.356,32.793,4095,4095,4095,4095,0,0,0.0,0.0,54612.5,HIGH,CENTER,CENTER,39.4,48.1,20.27,0.569,11.53,1500,34,0.0,0.0
2026-09-10 16:02:06,1048885,-0.87057,-0.492044,260.358,32.79,260.358,32.79,4095,4095,4095,4095,0,0,0.0,0.0,54612.5,HIGH,CENTER,CENTER,39.4,48.1,22.27,0.97,21.6,1500,34,0.0,0.0
2026-09-10 16:02:07,1049568,-0.870606,-0.49198,260.359,32.787,260.359,32.787,4095,4095,4095,4095,0,0,0.0,0.0,54612.5,HIGH,CENTER,CENTER,39.4,48.1,23.37,1.011,23.63,1500,34,0.0,0.0
2026-09-10 16:02:08,1050256,-0.870642,-0.491917,260.361,32.785,260.361,32.785,4095,4095,4095,4095,0,0,0.0,0.0,54612.5,HIGH,CENTER,CENTER,39.4,47.9,23.39,0.6,14.03,1500,34,0.0,0.0
2026-09-10 16:02:08,1050940,-0.870642,-0.491917,260.362,32.782,260.362,32.782,4095,4095,4095,4095,0,0,0.0,0.0,54612.5,HIGH,CENTER,CENTER,39.4,47.9,21.87,1.147,25.08,1500,34,0.0,0.0
2026-09-10 16:02:09,1051623,-0.870678,-0.491854,260.363,32.78,260.363,32.78,4095,4095,4095,4095,0,0,0.0,0.0,54612.5,HIGH,CENTER,CENTER,39.4,47.9,24.71,0.606,14.97,1500,34,0.0,0.0
2026-09-10 16:02:10,1052311,-0.870714,-0.49179,260.365,32.777,260.365,32.777,4095,4095,4095,4095,0,0,0.0,0.0,54612.5,HIGH,CENTER,CENTER,39.4,47.5,20.84,0.972,20.26,1500,34,0.0,0.0
2026-09-10 16:02:11,1052995,-0.870749,-0.491727,260.366,32.774,260.366,32.774,4095,4095,4095,4095,0,0,0.0,0.0,54612.5,HIGH,CENTER,CENTER,39.4,47.5,22.5,0.684,15.39,1500,34,0.0,0.0
2026-09-10 16:02:11,1053678,-0.870749,-0.491727,260.368,32.772,260.368,32.772,4095,4095,4095,4095,0,0,0.0,0.0,54612.5,HIGH,CENTER,CENTER,39.4,47.5,23.45,1.098,25.75,1500,34,0.0,0.0
2026-09-10 16:02:12,1054366,-0.870785,-0.491664,260.369,32.769,260.369,32.769,4095,4095,4095,4095,0,0,0.0,0.0,54612.5,HIGH,CENTER,CENTER,39.4,47.3,23.49,1.108,26.03,1500,34,0.0,0.0
2026-09-10 16:02:13,1055050,-0.870821,-0.491601,260.37,32.767,260.37,32.767,4095,4095,4095,4095,0,0,0.0,0.0,54612.5,HIGH,CENTER,CENTER,39.4,47.3,23.24,0.287,6.67,1500,34,0.0,0.0
2026-09-10 16:02:13,1055733,-0.870821,-0.491601,260.372,32.764,260.372,32.764,4095,4095,4095,4095,0,0,0.0,0.0,54612.5,HIGH,CENTER,CENTER,39.4,47.3,21.38,1.136,24.29,1500,34,0.0,0.0
2026-09-10 16:02:14,1056421,-0.870857,-0.491537,260.373,32.762,260.373,32.762,4095,4095,4095,4095,0,0,0.0,0.0,54612.5,HIGH,CENTER,CENTER,39.5,47.3,20.78,1.026,21.32,1500,34,0.0,0.0
2026-09-10 16:02:15,1057105,-0.870892,-0.491474,260.375,32.759,260.375,32.759,4081,4095,4095,4095,0,-14,0.0,-0.001712,54612.5,HIGH,CENTER,CENTER,39.5,47.3,23.18,0.991,22.97,1500,34,0.0,-0.051
2026-09-10 16:02:15,1057788,-0.870892,-0.491474,260.376,32.756,260.376,32.756,4095,4095,4095,4095,0,0,0.0,0.0,54612.5,HIGH,CENTER,CENTER,39.5,47.3,23.0,0.401,9.22,1500,34,0.0,0.0
2026-09-10 16:02:16,1058476,-0.870928,-0.491411,260.377,32.754,260.377,32.754,4095,4095,4095,4095,0,0,0.0,0.0,54612.5,HIGH,CENTER,CENTER,39.5,47.2,20.9,1.005,21.0,1500,34,0.0,0.0
2026-09-10 16:02:17,1059160,-0.870964,-0.491347,260.379,32.751,260.379,32.751,4095,4095,4095,4095,0,0,0.0,0.0,54612.5,HIGH,CENTER,CENTER,39.5,47.2,23.53,1.05,24.71,1500,34,0.0,0.0
2026-09-10 16:02:17,1059843,-0.870964,-0.491347,260.38,32.749,260.38,32.749,4095,4095,4095,4095,0,0,0.0,0.0,54612.5,HIGH,CENTER,CENTER,39.5,47.2,22.28,0.489,10.89,1500,34,0.0,0.0
2026-09-10 16:02:18,1060531,-0.871,-0.491284,260.382,32.746,260.382,32.746,4095,4095,4095,4095,0,0,0.0,0.0,54612.5,HIGH,CENTER,CENTER,39.4,47.0,23.34,1.152,26.89,1500,34,0.0,0.0
2026-09-10 16:02:19,1061215,-0.871035,-0.491221,260.383,32.743,260.383,32.743,4095,4095,4095,4095,0,0,0.0,0.0,54612.5,HIGH,CENTER,CENTER,39.4,47.0,24.19,0.25,6.05,1500,34,0.0,0.0
2026-09-10 16:02:19,1061898,-0.871035,-0.491221,260.384,32.741,260.384,32.741,4095,4095,4095,4095,0,0,0.0,0.0,54612.5,HIGH,CENTER,CENTER,39.4,47.0,20.85,0.35,7.3,1500,34,0.0,0.0
2026-09-10 16:02:20,1062586,-0.871071,-0.491157,260.386,32.738,260.386,32.738,4095,4095,4095,4095,0,0,0.0,0.0,54612.5,HIGH,CENTER,CENTER,39.4,46.9,20.1,0.738,14.83,1500,34,0.0,0.0
2026-09-10 16:02:21,1063270,-0.871107,-0.491094,260.387,32.736,260.387,32.736,4095,4095,4095,4095,0,0,0.0,0.0,54612.5,HIGH,CENTER,CENTER,39.4,46.9,23.9,0.776,18.55,1500,34,0.0,0.0
2026-09-10 16:02:21,1063953,-0.871107,-0.491094,260.389,32.733,260.389,32.733,4095,4095,4095,4095,0,0,0.0,0.0,54612.5,HIGH,CENTER,CENTER,39.4,46.9,23.05,0.845,19.48,1500,34,0.0,0.0
2026-09-10 16:02:22,1064641,-0.871142,-0.49103,260.39,32.73,260.39,32.73,4095,4095,4095,4095,0,0,0.0,0.0,54612.5,HIGH,CENTER,CENTER,39.4,46.8,23.5,0.217,5.1,1500,34,0.0,0.0
2026-09-10 16:02:23,1065324,-0.871178,-0.490967,260.391,32.728,260.391,32.728,4095,4095,4095,4095,0,0,0.0,0.0,54612.5,HIGH,CENTER,CENTER,39.4,46.8,24.19,1.16,28.06,1500,34,0.0,0.0
2026-09-10 16:02:24,1066007,-0.871214,-0.490904,260.393,32.725,260.393,32.725,4080,4095,4095,4095,0,-15,0.0,-0.001835,54612.5,HIGH,CENTER,CENTER,39.4,46.8,24.01,0.245,5.88,1500,34,0.0,-0.055
2026-09-10 16:02:24,1066695,-0.871214,-0.490904,260.394,32.723,260.394,32.723,4095,4095,4095,4095,0,0,0.0,0.0,54612.5,HIGH,CENTER,CENTER,39.5,46.9,24.8,0.343,8.51,1500,34,0.0,0.0
2026-09-10 16:02:25,1067379,-0.87125,-0.49084,260.396,32.72,260.396,32.72,4095,4095,4095,4095,0,0,0.0,0.0,54612.5,HIGH,CENTER,CENTER,39.5,46.9,22.68,0.214,4.85,1500,34,0.0,0.0
2026-09-10 16:02:26,1068062,-0.871285,-0.490777,260.397,32.718,260.397,32.718,4095,4095,4095,4095,0,0,0.0,0.0,54612.5,HIGH,CENTER,CENTER,39.5,46.9,22.44,0.767,17.21,1500,34,0.0,0.0
2026-09-10 16:02:26,1068750,-0.871285,-0.490777,260.398,32.715,260.398,32.715,4095,4095,4095,4095,0,0,0.0,0.0,54612.5,HIGH,CENTER,CENTER,39.5,46.8,22.01,1.132,24.92,1500,34,0.0,0.0
2026-09-10 16:02:27,1069434,-0.871321,-0.490714,260.4,32.712,260.4,32.712,4095,4095,4095,4095,0,0,0.0,0.0,54612.5,HIGH,CENTER,CENTER,39.5,46.8,20.77,0.866,17.99,1500,34,0.0,0.0
2026-09-10 16:02:28,1070117,-0.871357,-0.49065,260.401,32.71,260.401,32.71,4095,4095,4095,4095,0,0,0.0,0.0,54612.5,HIGH,CENTER,CENTER,39.5,46.8,22.86,1.023,23.39,1500,34,0.0,0.0
2026-09-10 16:02:28,1070805,-0.871357,-0.49065,260.403,32.707,260.403,32.707,4095,4095,4095,4095,0,0,0.0,0.0,54612.5,HIGH,CENTER,CENTER,39.5,46.7,21.39,0.213,4.56,1500,34,0.0,0.0
2026-09-10 16:02:29,1071489,-0.871392,-0.490587,260.404,32.705,260.404,32.705,4095,4095,4095,4095,0,0,0.0,0.0,54612.5,HIGH,CENTER,CENTER,39.5,46.7,24.61,0.742,18.26,1500,34,0.0,0.0
2026-09-10 16:02:30,1072172,-0.871428,-0.490524,260.405,32.702,260.405,32.702,4095,4095,4095,4095,0,0,0.0,0.0,54612.5,HIGH,CENTER,CENTER,39.5,46.7,22.92,0.66,15.13,1500,34,0.0,0.0
2026-09-10 16:02:30,1072860,-0.871428,-0.490524,260.407,32.699,260.407,32.699,4095,4095,4095,4095,0,0,0.0,0.0,54612.5,HIGH,CENTER,CENTER,39.5,46.9,22.96,0.699,16.05,1500,34,0.0,0.0
2026-09-10 16:02:31,1073544,-0.871464,-0.49046,260.408,32.697,260.408,32.697,4095,4095,4095,4095,0,0,0.0,0.0,54612.5,HIGH,CENTER,CENTER,39.5,46.9,21.77,0.272,5.92,1500,34,0.0,0.0
2026-09-10 16:02:32,1074227,-0.871499,-0.490397,260.41,32.694,260.41,32.694,4095,4095,4095,4095,0,0,0.0,0.0,54612.5,HIGH,CENTER,CENTER,39.5,46.9,20.26,0.884,17.91,1500,34,0.0,0.0
2026-09-10 16:02:32,1074915,-0.871499,-0.490397,260.411,32.692,260.411,32.692,4095,4095,4095,4095,0,0,0.0,0.0,54612.5,HIGH,CENTER,CENTER,39.5,46.8,20.16,0.703,14.17,1500,34,0.0,0.0
2026-09-10 16:02:33,1075599,-0.871535,-0.490333,260.412,32.689,260.412,32.689,4095,4095,4095,4095,0,0,0.0,0.0,54612.5,HIGH,CENTER,CENTER,39.5,46.8,22.12,0.965,21.35,1500,34,0.0,0.0
2026-09-10 16:02:34,1076282,-0.871571,-0.49027,260.414,32.687,260.414,32.687,4095,4095,4095,4095,0,0,0.0,0.0,54612.5,HIGH,CENTER,CENTER,39.5,46.8,20.42,0.685,13.99,1500,34,0.0,0.0
2026-09-10 16:02:35,1076970,-0.871606,-0.490207,260.415,32.684,260.415,32.684,4095,4095,4095,4095,0,0,0.0,0.0,54612.5,HIGH,CENTER,CENTER,39.5,47.0,23.03,0.349,8.04,1500,34,0.0,0.0
2026-09-10 16:02:35,1077654,-0.871606,-0.490207,260.417,32.681,260.417,32.681,4095,4095,4095,4095,0,0,0.0,0.0,54612.5,HIGH,CENTER,CENTER,39.5,47.0,24.4,0.848,20.69,1500,34,0.0,0.0
2026-09-10 16:02:36,1078337,-0.871642,-0.490143,260.418,32.679,260.418,32.679,4095,4095,4095,4095,0,0,0.0,0.0,54612.5,HIGH,CENTER,CENTER,39.5,47.0,24.41,0.372,9.08,1500,34,0.0,0.0
2026-09-10 16:02:37,1079025,-0.871678,-0.49008,260.42,32.676,260.42,32.676,4095,4095,4095,4095,0,0,0.0,0.0,54612.5,HIGH,CENTER,CENTER,39.5,47.1,23.3,1.072,24.98,1500,34,0.0,0.0
2026-09-10 16:02:37,1079709,-0.871678,-0.49008,260.421,32.674,260.421,32.674,4095,4095,4095,4095,0,0,0.0,0.0,54612.5,HIGH,CENTER,CENTER,39.5,47.1,21.06,0.813,17.12,1500,34,0.0,0.0
2026-09-10 16:02:38,1080392,-0.871713,-0.490017,260.422,32.671,260.422,32.671,4095,4095,4095,4095,0,0,0.0,0.0,54612.5,HIGH,CENTER,CENTER,39.5,47.1,24.31,0.357,8.68,1500,34,0.0,0.0
2026-09-10 16:02:39,1081080,-0.871749,-0.489953,260.424,32.668,260.424,32.668,4095,4095,4095,4095,0,0,0.0,0.0,54612.5,HIGH,CENTER,CENTER,39.5,47.1,24.43,1.162,28.39,1500,34,0.0,0.0
2026-09-10 16:02:39,1081764,-0.871749,-0.489953,260.425,32.666,260.425,32.666,4095,4095,4095,4095,0,0,0.0,0.0,54612.5,HIGH,CENTER,CENTER,39.5,47.1,20.98,0.718,15.06,1500,34,0.0,0.0
2026-09-10 16:02:40,1082447,-0.871784,-0.48989,260.427,32.663,260.427,32.663,4095,4095,4095,4095,0,0,0.0,0.0,54612.5,HIGH,CENTER,CENTER,39.5,47.1,23.69,0.273,6.47,1500,34,0.0,0.0
2026-09-10 16:02:41,1083135,-0.87182,-0.489826,260.428,32.661,260.428,32.661,4095,4095,4095,4095,0,0,0.0,0.0,54612.5,HIGH,CENTER,CENTER,39.5,46.8,21.43,0.827,17.72,1500,34,0.0,0.0
2026-09-10 16:02:41,1083819,-0.87182,-0.489826,260.429,32.658,260.429,32.658,4095,4095,4095,4095,0,0,0.0,0.0,54612.5,HIGH,CENTER,CENTER,39.5,46.8,24.01,0.453,10.88,1500,34,0.0,0.0
2026-09-10 16:02:42,1084502,-0.871856,-0.489763,260.431,32.655,260.431,32.655,4095,4095,4095,4095,0,0,0.0,0.0,54612.5,HIGH,CENTER,CENTER,39.5,46.8,24.99,1.004,25.09,1500,34,0.0,0.0
2026-09-10 16:02:43,1085190,-0.871891,-0.4897,260.432,32.653,260.432,32.653,4095,4095,4095,4095,0,0,0.0,0.0,54612.5,HIGH,CENTER,CENTER,39.4,46.6,20.15,1.018,20.51,1500,34,0.0,0.0
2026-09-10 16:02:43,1085874,-0.871891,-0.4897,260.434,32.65,260.434,32.65,4095,4095,4095,4095,0,0,0.0,0.0,54612.5,HIGH,CENTER,CENTER,39.4,46.6,24.49,1.179,28.87,1500,34,0.0,0.0
2026-09-10 16:02:44,1086557,-0.871927,-0.489636,260.435,32.648,260.435,32.648,4095,4095,4095,4095,0,0,0.0,0.0,54612.5,HIGH,CENTER,CENTER,39.4,46.6,23.11,0.702,16.22,1500,34,0.0,0.0
2026-09-10 16:02:45,1087245,-0.871962,-0.489573,260.436,32.645,260.436,32.645,4095,4095,4095,4095,0,0,0.0,0.0,54612.5,HIGH,CENTER,CENTER,39.4,46.6,24.87,0.655,16.29,1500,34,0.0,0.0
2026-09-10 16:02:45,1087929,-0.871962,-0.489573,260.438,32.643,260.438,32.643,4095,4095,4095,4095,0,0,0.0,0.0,54612.5,HIGH,CENTER,CENTER,39.4,46.6,22.33,0.953,21.28,1500,34,0.0,0.0
2026-09-10 16:02:46,1088612,-0.871998,-0.489509,260.439,32.64,260.439,32.64,4095,4095,4095,4095,0,0,0.0,0.0,54612.5,HIGH,CENTER,CENTER,39.4,46.6,24.24,0.332,8.05,1500,34,0.0,0.0
2026-09-10 16:02:47,1089300,-0.872034,-0.489446,260.441,32.637,260.441,32.637,4095,4095,4095,4095,0,0,0.0,0.0,54612.5,HIGH,CENTER,CENTER,39.4,46.5,20.31,0.747,15.17,1500,34,0.0,0.0
2026-09-10 16:02:48,1089984,-0.872069,-0.489382,260.442,32.635,260.442,32.635,4095,4095,4095,4095,0,0,0.0,0.0,54612.5,HIGH,CENTER,CENTER,39.4,46.5,21.68,0.746,16.17,1500,34,0.0,0.0
2026-09-10 16:02:48,1090667,-0.872069,-0.489382,260.443,32.632,260.443,32.632,4095,4095,4095,4095,0,0,0.0,0.0,54612.5,HIGH,CENTER,CENTER,39.4,46.5,20.34,0.289,5.88,1500,34,0.0,0.0
2026-09-10 16:02:49,1091355,-0.872105,-0.489319,260.445,32.63,260.445,32.63,4095,4095,4095,4095,0,0,0.0,0.0,54612.5,HIGH,CENTER,CENTER,39.4,46.6,24.88,0.618,15.38,1500,34,0.0,0.0
2026-09-10 16:02:50,1092039,-0.87214,-0.489256,260.446,32.627,260.446,32.627,4095,4095,4095,4095,0,0,0.0,0.0,54612.5,HIGH,CENTER,CENTER,39.4,46.6,24.08,1.053,25.36,1500,34,0.0,0.0
2026-09-10 16:02:50,1092722,-0.87214,-0.489256,260.448,32.624,260.448,32.624,4095,4095,4095,4095,0,0,0.0,0.0,54612.5,HIGH,CENTER,CENTER,39.4,46.6,24.26,1.056,25.62,1500,34,0.0,0.0
2026-09-10 16:02:51,1093410,-0.872176,-0.489192,260.449,32.622,260.449,32.622,4095,4095,4095,4095,0,0,0.0,0.0,54612.5,HIGH,CENTER,CENTER,39.5,46.5,24.69,0.299,7.38,1500,34,0.0,0.0
2026-09-10 16:02:52,1094094,-0.872212,-0.489129,260.45,32.619,260.45,32.619,4095,4095,4095,4095,0,0,0.0,0.0,54612.5,HIGH,CENTER,CENTER,39.5,46.5,20.43,0.291,5.95,1500,34,0.0,0.0
2026-09-10 16:02:52,1094777,-0.872212,-0.489129,260.452,32.617,260.452,32.617,4095,4095,4095,4095,0,0,0.0,0.0,54612.5,HIGH,CENTER,CENTER,39.5,46.5,21.93,0.463,10.15,1500,34,0.0,0.0
2026-09-10 16:02:53,1095465,-0.872247,-0.489065,260.453,32.614,260.453,32.614,4095,4095,4095,4095,0,0,0.0,0.0,54612.5,HIGH,CENTER,CENTER,39.5,46.5,20.36,1.075,21.89,1500,34,0.0,0.0
2026-09-10 16:02:54,1096149,-0.872283,-0.489002,260.455,32.611,260.455,32.611,4095,4095,4095,4095,0,0,0.0,0.0,54612.5,HIGH,CENTER,CENTER,39.5,46.5,21.05,0.329,6.93,1500,34,0.0,0.0
2026-09-10 16:02:54,1096832,-0.872283,-0.489002,260.456,32.609,260.456,32.609,4095,4095,4095,4095,0,0,0.0,0.0,54612.5,HIGH,CENTER,CENTER,39.5,46.5,21.15,0.92,19.46,1500,34,0.0,0.0
2026-09-10 16:02:55,1097520,-0.872318,-0.488938,260.457,32.606,260.457,32.606,4095,4095,4095,4095,0,0,0.0,0.0,54612.5,HIGH,CENTER,CENTER,39.4,46.5,22.35,0.301,6.73,1500,34,0.0,0.0
2026-09-10 16:02:56,1098204,-0.872354,-0.488875,260.459,32.604,260.459,32.604,4095,4095,4095,4095,0,0,0.0,0.0,54612.5,HIGH,CENTER,CENTER,39.4,46.5,21.34,0.823,17.56,1500,34,0.0,0.0
2026-09-10 16:02:56,1098887,-0.872354,-0.488875,260.46,32.601,260.46,32.601,4095,4095,4095,4095,0,0,0.0,0.0,54612.5,HIGH,CENTER,CENTER,39.4,46.5,20.5,0.556,11.4,1500,34,0.0,0.0
2026-09-10 16:02:57,1099575,-0.872389,-0.488812,260.462,32.599,260.462,32.599,4095,4095,4095,4095,0,0,0.0,0.0,54612.5,HIGH,CENTER,CENTER,39.4,46.5,20.84,0.989,20.61,1500,34,0.0,0.0
2026-09-10 16:02:58,1100259,-0.872425,-0.488748,260.463,32.596,260.463,32.596,4095,4095,4095,4095,0,0,0.0,0.0,54612.5,HIGH,CENTER,CENTER,39.4,46.5,20.74,0.434,9.0,1500,34,0.0,0.0
2026-09-10 16:02:58,1100942,-0.872425,-0.488748,260.464,32.593,260.464,32.593,4095,4095,4095,4095,0,0,0.0,0.0,54612.5,HIGH,CENTER,CENTER,39.4,46.5,24.87,0.839,20.87,1500,34,0.0,0.0
2026-09-10 16:02:59,1101630,-0.87246,-0.488685,260.466,32.591,260.466,32.591,4095,4095,4095,4095,0,0,0.0,0.0,54612.5,HIGH,CENTER,CENTER,39.4,46.8,23.8,0.436,10.38,1500,34,0.0,0.0
2026-09-10 16:03:00,1102313,-0.872496,-0.488621,260.467,32.588,260.467,32.588,4095,4095,4095,4095,0,0,0.0,0.0,54612.5,HIGH,CENTER,CENTER,39.4,46.8,24.84,0.914,22.7,1500,34,0.0,0.0
2026-09-10 16:03:01,1102996,-0.872532,-0.488558,260.469,32.586,260.469,32.586,4095,4095,4095,4095,0,0,0.0,0.0,54612.5,HIGH,CENTER,CENTER,39.4,46.8,22.2,1.074,23.84,1500,34,0.0,0.0
2026-09-10 16:03:01,1103684,-0.872532,-0.488558,260.47,32.583,260.47,32.583,4095,4095,4095,4095,0,0,0.0,0.0,54612.5,HIGH,CENTER,CENTER,39.5,46.8,21.39,0.327,6.99,1500,34,0.0,0.0
2026-09-10 16:03:02,1104368,-0.872567,-0.488494,260.471,32.58,260.471,32.58,4095,4095,4095,4095,0,0,0.0,0.0,54612.5,HIGH,CENTER,CENTER,39.5,46.8,23.99,1.067,25.6,1500,34,0.0,0.0
2026-09-10 16:03:03,1105051,-0.872603,-0.488431,260.473,32.578,260.473,32.578,4095,4095,4095,4095,0,0,0.0,0.0,54612.5,HIGH,CENTER,CENTER,39.5,46.8,21.63,0.794,17.17,1500,34,0.0,0.0
2026-09-10 16:03:03,1105739,-0.872603,-0.488431,260.474,32.575,260.474,32.575,4095,4095,4095,4095,0,0,0.0,0.0,54612.5,HIGH,CENTER,CENTER,39.4,46.9,21.5,0.327,7.03,1500,34,0.0,0.0
2026-09-10 16:03:04,1106423,-0.872638,-0.488367,260.476,32.573,260.476,32.573,4095,4095,4095,4095,0,0,0.0,0.0,54612.5,HIGH,CENTER,CENTER,39.4,46.9,21.16,0.628,13.29,1500,34,0.0,0.0
2026-09-10 16:03:05,1107106,-0.872674,-0.488304,260.477,32.57,260.477,32.57,4095,4095,4095,4095,0,0,0.0,0.0,54612.5,HIGH,CENTER,CENTER,39.4,46.9,20.65,0.361,7.45,1500,34,0.0,0.0
2026-09-10 16:03:05,1107794,-0.872674,-0.488304,260.478,32.567,260.478,32.567,4095,4095,4095,4095,0,0,0.0,0.0,54612.5,HIGH,CENTER,CENTER,39.5,47.1,21.28,0.9,19.15,1500,34,0.0,0.0
2026-09-10 16:03:06,1108478,-0.872709,-0.48824,260.48,32.565,260.48,32.565,4095,4095,4095,4095,0,0,0.0,0.0,54612.5,HIGH,CENTER,CENTER,39.5,47.1,21.78,0.959,20.89,1500,34,0.0,0.0
2026-09-10 16:03:07,1109161,-0.872745,-0.488177,260.481,32.562,260.481,32.562,4095,4095,4095,4095,0,0,0.0,0.0,54612.5,HIGH,CENTER,CENTER,39.5,47.1,23.37,0.306,7.15,1500,34,0.0,0.0
2026-09-10 16:03:07,1109849,-0.872745,-0.488177,260.483,32.56,260.483,32.56,4095,4095,4095,4095,0,0,0.0,0.0,54612.5,HIGH,CENTER,CENTER,39.4,47.0,20.31,0.706,14.34,1500,34,0.0,0.0
2026-09-10 16:03:08,1110533,-0.87278,-0.488114,260.484,32.557,260.484,32.557,4095,4095,4095,4095,0,0,0.0,0.0,54612.5,HIGH,CENTER,CENTER,39.4,47.0,21.05,1.015,21.37,1500,34,0.0,0.0
2026-09-10 16:03:09,1111216,-0.872816,-0.48805,260.485,32.555,260.485,32.555,4095,4095,4095,4095,0,0,0.0,0.0,54612.5,HIGH,CENTER,CENTER,39.4,47.0,24.05,1.136,27.32,1500,34,0.0,0.0
2026-09-10 16:03:09,1111904,-0.872816,-0.48805,260.487,32.552,260.487,32.552,4095,4095,4095,4095,0,0,0.0,0.0,54612.5,HIGH,CENTER,CENTER,39.5,47.1,20.73,0.714,14.8,1500,34,0.0,0.0
2026-09-10 16:03:10,1112588,-0.872851,-0.487987,260.488,32.549,260.488,32.549,4095,4095,4095,4095,0,0,0.0,0.0,54612.5,HIGH,CENTER,CENTER,39.5,47.1,21.71,1.15,24.97,1500,34,0.0,0.0
2026-09-10 16:03:11,1113271,-0.872887,-0.487923,260.49,32.547,260.49,32.547,4095,4095,4095,4095,0,0,0.0,0.0,54612.5,HIGH,CENTER,CENTER,39.5,47.1,24.32,0.736,17.9,1500,34,0.0,0.0
2026-09-10 16:03:11,1113959,-0.872887,-0.487923,260.491,32.544,260.491,32.544,4095,4095,4095,4095,0,0,0.0,0.0,54612.5,HIGH,CENTER,CENTER,39.5,47.2,20.77,0.594,12.34,1500,34,0.0,0.0
2026-09-10 16:03:12,1114643,-0.872922,-0.48786,260.492,32.542,260.492,32.542,4095,4095,4095,4095,0,0,0.0,0.0,54612.5,HIGH,CENTER,CENTER,39.5,47.2,20.41,1.048,21.39,1500,34,0.0,0.0
2026-09-10 16:03:13,1115326,-0.872958,-0.487796,260.494,32.539,260.494,32.539,4095,4095,4095,4095,0,0,0.0,0.0,54612.5,HIGH,CENTER,CENTER,39.5,47.2,22.42,0.693,15.54,1500,34,0.0,0.0
2026-09-10 16:03:14,1116014,-0.872993,-0.487733,260.495,32.536,260.495,32.536,4095,4095,4095,4095,0,0,0.0,0.0,54612.5,HIGH,CENTER,CENTER,39.5,47.1,21.51,0.672,14.45,1500,34,0.0,0.0
2026-09-10 16:03:14,1116698,-0.872993,-0.487733,260.497,32.534,260.497,32.534,4095,4095,4095,4095,0,0,0.0,0.0,54612.5,HIGH,CENTER,CENTER,39.5,47.1,22.82,0.69,15.75,1500,34,0.0,0.0
2026-09-10 16:03:15,1117381,-0.873028,-0.487669,260.498,32.531,260.498,32.531,4095,4095,4095,4095,0,0,0.0,0.0,54612.5,HIGH,CENTER,CENTER,39.5,47.1,24.02,1.047,25.15,1500,34,0.0,0.0
2026-09-10 16:03:16,1118069,-0.873064,-0.487606,260.499,32.529,260.499,32.529,4095,4095,4095,4095,0,0,0.0,0.0,54612.5,HIGH,CENTER,CENTER,39.5,47.2,20.69,1.032,21.35,1500,34,0.0,0.0
2026-09-10 16:03:16,1118753,-0.873064,-0.487606,260.501,32.526,260.501,32.526,4095,4095,4095,4095,0,0,0.0,0.0,54612.5,HIGH,CENTER,CENTER,39.5,47.2,22.9,0.604,13.83,1500,34,0.0,0.0
2026-09-10 16:03:17,1119436,-0.873099,-0.487542,260.502,32.523,260.502,32.523,4095,4095,4095,4095,0,0,0.0,0.0,54612.5,HIGH,CENTER,CENTER,39.5,47.2,22.53,0.533,12.01,1500,34,0.0,0.0
2026-09-10 16:03:18,1120124,-0.873135,-0.487479,260.504,32.521,260.504,32.521,4095,4095,4095,4095,0,0,0.0,0.0,54612.5,HIGH,CENTER,CENTER,39.5,47.2,20.72,0.692,14.34,1500,34,0.0,0.0
2026-09-10 16:03:18,1120808,-0.873135,-0.487479,260.505,32.518,260.505,32.518,4095,4095,4095,4095,0,0,0.0,0.0,54612.5,HIGH,CENTER,CENTER,39.5,47.2,23.12,0.773,17.87,1500,34,0.0,0.0
2026-09-10 16:03:19,1121491,-0.87317,-0.487415,260.506,32.516,260.506,32.516,4095,4095,4095,4095,0,0,0.0,0.0,54612.5,HIGH,CENTER,CENTER,39.5,47.2,21.37,0.438,9.36,1500,34,0.0,0.0
2026-09-10 16:03:20,1122179,-0.873206,-0.487352,260.508,32.513,260.508,32.513,4095,4095,4095,4095,0,0,0.0,0.0,54612.5,HIGH,CENTER,CENTER,39.4,47.1,22.44,0.994,22.31,1500,34,0.0,0.0
2026-09-10 16:03:20,1122863,-0.873206,-0.487352,260.509,32.511,260.509,32.511,4095,4095,4095,4095,0,0,0.0,0.0,54612.5,HIGH,CENTER,CENTER,39.4,47.1,20.41,0.686,14.0,1500,34,0.0,0.0
2026-09-10 16:03:21,1123546,-0.873241,-0.487288,260.511,32.508,260.511,32.508,4095,4095,4095,4095,0,0,0.0,0.0,54612.5,HIGH,CENTER,CENTER,39.4,47.1,22.3,0.534,11.91,1500,34,0.0,0.0
2026-09-10 16:03:22,1124234,-0.873277,-0.487225,260.512,32.505,260.512,32.505,4095,4095,4095,4095,0,0,0.0,0.0,54612.5,HIGH,CENTER,CENTER,39.4,46.9,21.53,0.307,6.61,1500,34,0.0,0.0
2026-09-10 16:03:22,1124918,-0.873277,-0.487225,260.513,32.503,260.513,32.503,4095,4095,4095,4095,0,0,0.0,0.0,54612.5,HIGH,CENTER,CENTER,39.4,46.9,24.11,0.439,10.58,1500,34,0.0,0.0
2026-09-10 16:03:23,1125601,-0.873312,-0.487161,260.515,32.5,260.515,32.5,4095,4095,4095,4095,0,0,0.0,0.0,54612.5,HIGH,CENTER,CENTER,39.4,46.9,20.28,1.149,23.3,1500,34,0.0,0.0
2026-09-10 16:03:24,1126289,-0.873347,-0.487098,260.516,32.498,260.516,32.498,4095,4095,4095,4095,0,0,0.0,0.0,54612.5,HIGH,CENTER,CENTER,39.4,46.7,22.09,0.505,11.16,1500,34,0.0,0.0
2026-09-10 16:03:25,1126973,-0.873383,-0.487034,260.518,32.495,260.518,32.495,4095,4095,4095,4095,0,0,0.0,0.0,54612.5,HIGH,CENTER,CENTER,39.4,46.7,22.29,0.369,8.23,1500,34,0.0,0.0
2026-09-10 16:03:25,1127656,-0.873383,-0.487034,260.519,32.492,260.519,32.492,4095,4095,4095,4095,0,0,0.0,0.0,54612.5,HIGH,CENTER,CENTER,39.4,46.7,23.63,0.661,15.62,1500,34,0.0,0.0
2026-09-10 16:03:26,1128344,-0.873418,-0.486971,260.52,32.49,260.52,32.49,4095,4095,4095,4095,0,0,0.0,0.0,54612.5,HIGH,CENTER,CENTER,39.4,46.8,22.87,0.507,11.6,1500,34,0.0,0.0
2026-09-10 16:03:27,1129027,-0.873454,-0.486907,260.522,32.487,260.522,32.487,4095,4095,4095,4095,0,0,0.0,0.0,54612.5,HIGH,CENTER,CENTER,39.4,46.8,23.34,0.235,5.48,1500,34,0.0,0.0
2026-09-10 16:03:27,1129710,-0.873454,-0.486907,260.523,32.485,260.523,32.485,4095,4095,4095,4095,0,0,0.0,0.0,54612.5,HIGH,CENTER,CENTER,39.4,46.8,23.89,0.523,12.49,1500,34,0.0,0.0
2026-09-10 16:03:28,1130398,-0.873489,-0.486844,260.525,32.482,260.525,32.482,4095,4095,4095,4095,0,0,0.0,0.0,54612.5,HIGH,CENTER,CENTER,39.3,46.9,24.31,0.744,18.09,1500,34,0.0,0.0
2026-09-10 16:03:29,1131081,-0.873525,-0.48678,260.526,32.479,260.526,32.479,4095,4095,4095,4095,0,0,0.0,0.0,54612.5,HIGH,CENTER,CENTER,39.3,46.9,21.57,0.752,16.22,1500,34,0.0,0.0
2026-09-10 16:03:29,1131764,-0.873525,-0.48678,260.527,32.477,260.527,32.477,4095,4095,4095,4095,0,0,0.0,0.0,54612.5,HIGH,CENTER,CENTER,39.3,46.9,22.69,0.557,12.64,1500,34,0.0,0.0
2026-09-10 16:03:30,1132452,-0.87356,-0.486717,260.529,32.474,260.529,32.474,4095,4095,4095,4095,0,0,0.0,0.0,54612.5,HIGH,CENTER,CENTER,39.3,46.9,24.2,0.647,15.66,1500,34,0.0,0.0
2026-09-10 16:03:31,1133135,-0.873595,-0.486653,260.53,32.472,260.53,32.472,4095,4095,4095,4095,0,0,0.0,0.0,54612.5,HIGH,CENTER,CENTER,39.3,46.9,24.95,1.166,29.09,1500,34,0.0,0.0
2026-09-10 16:03:31,1133818,-0.873595,-0.486653,260.532,32.469,260.532,32.469,4095,4095,4095,4095,0,0,0.0,0.0,54612.5,HIGH,CENTER,CENTER,39.3,46.9,24.45,0.577,14.11,1500,34,0.0,0.0
2026-09-10 16:03:32,1134506,-0.873631,-0.48659,260.533,32.467,260.533,32.467,4095,4095,4095,4095,0,0,0.0,0.0,54612.5,HIGH,CENTER,CENTER,39.3,47.0,21.86,0.458,10.01,1500,34,0.0,0.0
2026-09-10 16:03:33,1135190,-0.873666,-0.486526,260.534,32.464,260.534,32.464,4095,4095,4095,4095,0,0,0.0,0.0,54612.5,HIGH,CENTER,CENTER,39.3,47.0,20.98,0.443,9.29,1500,34,0.0,0.0
2026-09-10 16:03:33,1135873,-0.873666,-0.486526,260.536,32.461,260.536,32.461,4095,4095,4095,4095,0,0,0.0,0.0,54612.5,HIGH,CENTER,CENTER,39.3,47.0,22.45,0.658,14.77,1500,34,0.0,0.0
2026-09-10 16:03:34,1136561,-0.873701,-0.486462,260.537,32.459,260.537,32.459,4095,4095,4095,4095,0,0,0.0,0.0,54612.5,HIGH,CENTER,CENTER,39.3,47.1,23.71,0.96,22.76,1500,34,0.0,0.0
2026-09-10 16:03:35,1137245,-0.873737,-0.486399,260.539,32.456,260.539,32.456,4095,4095,4095,4095,0,0,0.0,0.0,54612.5,HIGH,CENTER,CENTER,39.3,47.1,22.46,0.406,9.12,1500,34,0.0,0.0
2026-09-10 16:03:35,1137928,-0.873737,-0.486399,260.54,32.454,260.54,32.454,4095,4095,4095,4095,0,0,0.0,0.0,54612.5,HIGH,CENTER,CENTER,39.3,47.1,22.42,0.909,20.38,1500,34,0.0,0.0
2026-09-10 16:03:36,1138616,-0.873772,-0.486335,260.541,32.451,260.541,32.451,4095,4095,4095,4095,0,0,0.0,0.0,54612.5,HIGH,CENTER,CENTER,39.3,47.3,24.19,0.221,5.35,1500,34,0.0,0.0
2026-09-10 16:03:37,1139300,-0.873808,-0.486272,260.543,32.448,260.543,32.448,4095,4095,4095,4095,0,0,0.0,0.0,54612.5,HIGH,CENTER,CENTER,39.3,47.3,21.81,0.619,13.5,1500,34,0.0,0.0
2026-09-10 16:03:38,1139983,-0.873843,-0.486208,260.544,32.446,260.544,32.446,4095,4095,4095,4095,0,0,0.0,0.0,54612.5,HIGH,CENTER,CENTER,39.3,47.3,24.3,0.976,23.72,1500,34,0.0,0.0
2026-09-10 16:03:38,1140671,-0.873843,-0.486208,260.546,32.443,260.546,32.443,4095,4095,4095,4095,0,0,0.0,0.0,54612.5,HIGH,CENTER,CENTER,39.3,47.3,22.03,0.539,11.87,1500,34,0.0,0.0
2026-09-10 16:03:39,1141355,-0.873878,-0.486145,260.547,32.441,260.547,32.441,4095,4095,4095,4095,0,0,0.0,0.0,54612.5,HIGH,CENTER,CENTER,39.3,47.3,21.64,0.764,16.53,1500,34,0.0,0.0
2026-09-10 16:03:40,1142038,-0.873914,-0.486081,260.548,32.438,260.548,32.438,4095,4095,4095,4095,0,0,0.0,0.0,54612.5,HIGH,CENTER,CENTER,39.3,47.3,22.27,0.405,9.02,1500,34,0.0,0.0
2026-09-10 16:03:40,1142726,-0.873914,-0.486081,260.55,32.435,260.55,32.435,4095,4095,4095,4095,0,0,0.0,0.0,54612.5,HIGH,CENTER,CENTER,39.3,47.2,23.81,0.942,22.43,1500,34,0.0,0.0
2026-09-10 16:03:41,1143410,-0.873949,-0.486018,260.551,32.433,260.551,32.433,4095,4095,4095,4095,0,0,0.0,0.0,54612.5,HIGH,CENTER,CENTER,39.3,47.2,20.63,0.252,5.2,1500,34,0.0,0.0
2026-09-10 16:03:42,1144093,-0.873984,-0.485954,260.553,32.43,260.553,32.43,4095,4095,4095,4095,0,0,0.0,0.0,54612.5,HIGH,CENTER,CENTER,39.3,47.2,20.98,1.053,22.09,1500,34,0.0,0.0
2026-09-10 16:03:42,1144781,-0.873984,-0.485954,260.554,32.428,260.554,32.428,4095,4095,4095,4095,0,0,0.0,0.0,54612.5,HIGH,CENTER,CENTER,39.3,46.9,24.76,0.398,9.85,1500,34,0.0,0.0
2026-09-10 16:03:43,1145464,-0.87402,-0.485891,260.555,32.425,260.555,32.425,4095,4095,4095,4095,0,0,0.0,0.0,54612.5,HIGH,CENTER,CENTER,39.3,46.9,20.88,1.074,22.43,1500,34,0.0,0.0
2026-09-10 16:03:44,1146147,-0.874055,-0.485827,260.557,32.423,260.557,32.423,4095,4095,4095,4095,0,0,0.0,0.0,54612.5,HIGH,CENTER,CENTER,39.3,46.9,22.84,0.553,12.63,1500,34,0.0,0.0
2026-09-10 16:03:44,1146835,-0.874055,-0.485827,260.558,32.42,260.558,32.42,4095,4095,4095,4095,0,0,0.0,0.0,54612.5,HIGH,CENTER,CENTER,39.3,46.8,22.9,0.923,21.14,1500,34,0.0,0.0
2026-09-10 16:03:45,1147519,-0.87409,-0.485763,260.56,32.417,260.56,32.417,4095,4095,4095,4095,0,0,0.0,0.0,54612.5,HIGH,CENTER,CENTER,39.3,46.8,22.45,0.519,11.65,1500,34,0.0,0.0
2026-09-10 16:03:46,1148202,-0.874126,-0.4857,260.561,32.415,260.561,32.415,4095,4095,4095,4095,0,0,0.0,0.0,54612.5,HIGH,CENTER,CENTER,39.3,46.8,23.22,1.106,25.68,1500,34,0.0,0.0
2026-09-10 16:03:46,1148890,-0.874126,-0.4857,260.562,32.412,260.562,32.412,4095,4095,4095,4095,0,0,0.0,0.0,54612.5,HIGH,CENTER,CENTER,39.3,46.9,21.15,0.327,6.92,1500,34,0.0,0.0
2026-09-10 16:03:47,1149573,-0.874161,-0.485636,260.564,32.41,260.564,32.41,4095,4095,4095,4095,0,0,0.0,0.0,54612.5,HIGH,CENTER,CENTER,39.3,46.9,22.76,0.379,8.63,1500,34,0.0,0.0
2026-09-10 16:03:48,1150256,-0.874196,-0.485573,260.565,32.407,260.565,32.407,4095,4095,4095,4095,0,0,0.0,0.0,54612.5,HIGH,CENTER,CENTER,39.3,46.9,21.86,0.693,15.15,1500,34,0.0,0.0
2026-09-10 16:03:48,1150944,-0.874196,-0.485573,260.567,32.404,260.567,32.404,4095,4095,4095,4095,0,0,0.0,0.0,54612.5,HIGH,CENTER,CENTER,39.3,47.3,23.31,0.282,6.57,1500,34,0.0,0.0
2026-09-10 16:03:49,1151628,-0.874232,-0.485509,260.568,32.402,260.568,32.402,4095,4095,4095,4095,0,0,0.0,0.0,54612.5,HIGH,CENTER,CENTER,39.3,47.3,20.71,0.396,8.2,1500,34,0.0,0.0
2026-09-10 16:03:50,1152311,-0.874267,-0.485446,260.569,32.399,260.569,32.399,4095,4095,4095,4095,0,0,0.0,0.0,54612.5,HIGH,CENTER,CENTER,39.3,47.3,22.85,1.144,26.14,1500,34,0.0,0.0
2026-09-10 16:03:51,1152999,-0.874302,-0.485382,260.571,32.397,260.571,32.397,4095,4095,4095,4095,0,0,0.0,0.0,54612.5,HIGH,CENTER,CENTER,39.4,47.6,20.93,1.176,24.61,1500,34,0.0,0.0
2026-09-10 16:03:51,1153683,-0.874302,-0.485382,260.572,32.394,260.572,32.394,4095,4095,4095,4095,0,0,0.0,0.0,54612.5,HIGH,CENTER,CENTER,39.4,47.6,21.39,0.576,12.32,1500,34,0.0,0.0
2026-09-10 16:03:52,1154366,-0.874338,-0.485318,260.574,32.391,260.574,32.391,4095,4095,4095,4095,0,0,0.0,0.0,54612.5,HIGH,CENTER,CENTER,39.4,47.6,21.09,1.123,23.68,1500,34,0.0,0.0
2026-09-10 16:03:53,1155054,-0.874373,-0.485255,260.575,32.389,260.575,32.389,4095,4095,4095,4095,0,0,0.0,0.0,54612.5,HIGH,CENTER,CENTER,39.3,47.8,20.91,0.745,15.58,1500,34,0.0,0.0
2026-09-10 16:03:53,1155738,-0.874373,-0.485255,260.576,32.386,260.576,32.386,4095,4095,4095,4095,0,0,0.0,0.0,54612.5,HIGH,CENTER,CENTER,39.3,47.8,24.13,0.47,11.34,1500,34,0.0,0.0
2026-09-10 16:03:54,1156421,-0.874408,-0.485191,260.578,32.384,260.578,32.384,4095,4095,4095,4095,0,0,0.0,0.0,54612.5,HIGH,CENTER,CENTER,39.3,47.8,21.43,0.902,19.33,1500,34,0.0,0.0
2026-09-10 16:03:55,1157109,-0.874443,-0.485128,260.579,32.381,260.579,32.381,4095,4095,4095,4095,0,0,0.0,0.0,54612.5,HIGH,CENTER,CENTER,39.3,47.8,24.64,0.859,21.17,1500,34,0.0,0.0
2026-09-10 16:03:55,1157793,-0.874443,-0.485128,260.58,32.379,260.58,32.379,4095,4095,4095,4095,0,0,0.0,0.0,54612.5,HIGH,CENTER,CENTER,39.3,47.8,24.85,1.189,29.55,1500,34,0.0,0.0
2026-09-10 16:03:56,1158476,-0.874479,-0.485064,260.582,32.376,260.582,32.376,4095,4095,4095,4095,0,0,0.0,0.0,54612.5,HIGH,CENTER,CENTER,39.3,47.8,22.86,0.465,10.63,1500,34,0.0,0.0
2026-09-10 16:03:57,1159164,-0.874514,-0.485,260.583,32.373,260.583,32.373,4095,4095,4095,4095,0,0,0.0,0.0,54612.5,HIGH,CENTER,CENTER,39.4,47.9,20.72,0.872,18.07,1500,34,0.0,0.0
2026-09-10 16:03:57,1159848,-0.874514,-0.485,260.585,32.371,260.585,32.371,4095,4095,4095,4095,0,0,0.0,0.0,54612.5,HIGH,CENTER,CENTER,39.4,47.9,21.87,0.252,5.51,1500,34,0.0,0.0
2026-09-10 16:03:58,1160531,-0.874549,-0.484937,260.586,32.368,260.586,32.368,4095,4095,4095,4095,0,0,0.0,0.0,54612.5,HIGH,CENTER,CENTER,39.4,47.9,23.99,0.314,7.53,1500,34,0.0,0.0
2026-09-10 16:03:59,1161219,-0.874584,-0.484873,260.587,32.366,260.587,32.366,4095,4095,4095,4095,0,0,0.0,0.0,54612.5,HIGH,CENTER,CENTER,39.3,47.8,21.84,0.204,4.46,1500,34,0.0,0.0
2026-09-10 16:03:59,1161903,-0.874584,-0.484873,260.589,32.363,260.589,32.363,4095,4095,4095,4095,0,0,0.0,0.0,54612.5,HIGH,CENTER,CENTER,39.3,47.8,20.44,1.199,24.51,1500,34,0.0,0.0
2026-09-10 16:04:00,1162586,-0.87462,-0.48481,260.59,32.36,260.59,32.36,4095,4095,4095,4095,0,0,0.0,0.0,54612.5,HIGH,CENTER,CENTER,39.3,47.8,22.78,1.002,22.83,1500,34,0.0,0.0
2026-09-10 16:04:01,1163274,-0.874655,-0.484746,260.592,32.358,260.592,32.358,4095,4095,4095,4095,0,0,0.0,0.0,54612.5,HIGH,CENTER,CENTER,39.3,47.7,24.23,0.987,23.92,1500,34,0.0,0.0
2026-09-10 16:04:01,1163958,-0.874655,-0.484746,260.593,32.355,260.593,32.355,4095,4095,4095,4095,0,0,0.0,0.0,54612.5,HIGH,CENTER,CENTER,39.3,47.7,23.98,0.71,17.03,1500,34,0.0,0.0
2026-09-10 16:04:02,1164641,-0.87469,-0.484682,260.594,32.353,260.594,32.353,4095,4095,4095,4095,0,0,0.0,0.0,54612.5,HIGH,CENTER,CENTER,39.3,47.7,20.88,0.5,10.44,1500,34,0.0,0.0
2026-09-10 16:04:03,1165329,-0.874725,-0.484619,260.596,32.35,260.596,32.35,4095,4095,4095,4095,0,0,0.0,0.0,54612.5,HIGH,CENTER,CENTER,39.3,47.7,23.36,0.351,8.2,1500,34,0.0,0.0
2026-09-10 16:04:04,1166013,-0.874761,-0.484555,260.597,32.347,260.597,32.347,4095,4095,4095,4095,0,0,0.0,0.0,54612.5,HIGH,CENTER,CENTER,39.3,47.7,21.1,0.485,10.23,1500,34,0.0,0.0
2026-09-10 16:04:04,1166696,-0.874761,-0.484555,260.599,32.345,260.599,32.345,4095,4095,4095,4095,0,0,0.0,0.0,54612.5,HIGH,CENTER,CENTER,39.3,47.7,21.09,0.576,12.15,1500,34,0.0,0.0
2026-09-10 16:04:05,1167384,-0.874796,-0.484492,260.6,32.342,260.6,32.342,4095,4095,4095,4095,0,0,0.0,0.0,54612.5,HIGH,CENTER,CENTER,39.4,47.8,24.37,0.956,23.3,1500,34,0.0,0.0
2026-09-10 16:04:06,1168068,-0.874831,-0.484428,260.601,32.34,260.601,32.34,4095,4095,4095,4095,0,0,0.0,0.0,54612.5,HIGH,CENTER,CENTER,39.4,47.8,21.25,0.74,15.72,1500,34,0.0,0.0
2026-09-10 16:04:06,1168751,-0.874831,-0.484428,260.603,32.337,260.603,32.337,4095,4095,4095,4095,0,0,0.0,0.0,54612.5,HIGH,CENTER,CENTER,39.4,47.8,21.32,0.277,5.91,1500,34,0.0,0.0
2026-09-10 16:04:07,1169439,-0.874866,-0.484364,260.604,32.334,260.604,32.334,4095,4095,4095,4095,0,0,0.0,0.0,54612.5,HIGH,CENTER,CENTER,39.3,47.8,20.0,0.218,4.36,1500,34,0.0,0.0
2026-09-10 16:04:08,1170123,-0.874902,-0.484301,260.606,32.332,260.606,32.332,4095,4095,4095,4095,0,0,0.0,0.0,54612.5,HIGH,CENTER,CENTER,39.3,47.8,24.35,0.302,7.35,1500,34,0.0,0.0
2026-09-10 16:04:08,1170806,-0.874902,-0.484301,260.607,32.329,260.607,32.329,4095,4095,4095,4095,0,0,0.0,0.0,54612.5,HIGH,CENTER,CENTER,39.3,47.8,23.96,0.61,14.62,1500,34,0.0,0.0
2026-09-10 16:04:09,1171494,-0.874937,-0.484237,260.608,32.327,260.608,32.327,4095,4095,4095,4095,0,0,0.0,0.0,54612.5,HIGH,CENTER,CENTER,39.3,47.5,23.14,1.133,26.22,1500,34,0.0,0.0
2026-09-10 16:04:10,1172178,-0.874972,-0.484173,260.61,32.324,260.61,32.324,4095,4095,4095,4095,0,0,0.0,0.0,54612.5,HIGH,CENTER,CENTER,39.3,47.5,23.75,0.837,19.88,1500,34,0.0,0.0
2026-09-10 16:04:10,1172861,-0.874972,-0.484173,260.611,32.322,260.611,32.322,4095,4095,4095,4095,0,0,0.0,0.0,54612.5,HIGH,CENTER,CENTER,39.3,47.5,20.76,1.002,20.8,1500,34,0.0,0.0
2026-09-10 16:04:11,1173549,-0.875007,-0.48411,260.613,32.319,260.613,32.319,4095,4095,4095,4095,0,0,0.0,0.0,54612.5,HIGH,CENTER,CENTER,39.3,47.3,22.29,0.666,14.85,1500,34,0.0,0.0
2026-09-10 16:04:12,1174233,-0.875042,-0.484046,260.614,32.316,260.614,32.316,4095,4095,4095,4095,0,0,0.0,0.0,54612.5,HIGH,CENTER,CENTER,39.3,47.3,21.76,0.562,12.23,1500,34,0.0,0.0
2026-09-10 16:04:12,1174916,-0.875042,-0.484046,260.615,32.314,260.615,32.314,4095,4095,4095,4095,0,0,0.0,0.0,54612.5,HIGH,CENTER,CENTER,39.3,47.3,20.47,0.308,6.3,1500,34,0.0,0.0
2026-09-10 16:04:13,1175604,-0.875078,-0.483983,260.617,32.311,260.617,32.311,4095,4095,4095,4095,0,0,0.0,0.0,54612.5,HIGH,CENTER,CENTER,39.3,47.1,22.43,1.076,24.13,1500,34,0.0,0.0
2026-09-10 16:04:14,1176288,-0.875113,-0.483919,260.618,32.309,260.618,32.309,4095,4095,4095,4095,0,0,0.0,0.0,54612.5,HIGH,CENTER,CENTER,39.3,47.1,24.6,0.983,24.18,1500,34,0.0,0.0
2026-09-10 16:04:15,1176971,-0.875148,-0.483855,260.62,32.306,260.62,32.306,4095,4095,4095,4095,0,0,0.0,0.0,54612.5,HIGH,CENTER,CENTER,39.3,47.1,20.2,0.368,7.43,1500,34,0.0,0.0
2026-09-10 16:04:15,1177659,-0.875148,-0.483855,260.621,32.303,260.621,32.303,4095,4095,4095,4095,0,0,0.0,0.0,54612.5,HIGH,CENTER,CENTER,39.3,46.9,21.46,0.712,15.28,1500,34,0.0,0.0
2026-09-10 16:04:16,1178342,-0.875183,-0.483792,260.622,32.301,260.622,32.301,4095,4095,4095,4095,0,0,0.0,0.0,54612.5,HIGH,CENTER,CENTER,39.3,46.9,21.04,0.687,14.45,1500,34,0.0,0.0
2026-09-10 16:04:17,1179025,-0.875218,-0.483728,260.624,32.298,260.624,32.298,4095,4095,4095,4095,0,0,0.0,0.0,54612.5,HIGH,CENTER,CENTER,39.3,46.9,21.19,0.825,17.48,1500,34,0.0,0.0
2026-09-10 16:04:17,1179713,-0.875218,-0.483728,260.625,32.296,260.625,32.296,4084,4095,4095,4095,0,-11,0.0,-0.001345,54612.5,HIGH,CENTER,CENTER,39.3,46.8,24.54,1.146,28.12,1500,34,0.0,-0.04
2026-09-10 16:04:18,1180397,-0.875254,-0.483664,260.627,32.293,260.627,32.293,4095,4095,4095,4095,0,0,0.0,0.0,54612.5,HIGH,CENTER,CENTER,39.3,46.8,22.34,0.78,17.43,1500,34,0.0,0.0
2026-09-10 16:04:19,1181080,-0.875289,-0.483601,260.628,32.29,260.628,32.29,4095,4095,4095,4095,0,0,0.0,0.0,54612.5,HIGH,CENTER,CENTER,39.3,46.8,22.33,0.74,16.52,1500,34,0.0,0.0
2026-09-10 16:04:19,1181768,-0.875289,-0.483601,260.629,32.288,260.629,32.288,4095,4095,4095,4095,0,0,0.0,0.0,54612.5,HIGH,CENTER,CENTER,39.3,46.8,23.8,0.25,5.95,1500,34,0.0,0.0
2026-09-10 16:04:20,1182452,-0.875324,-0.483537,260.631,32.285,260.631,32.285,4095,4095,4095,4095,0,0,0.0,0.0,54612.5,HIGH,CENTER,CENTER,39.3,46.8,20.77,0.263,5.46,1500,34,0.0,0.0
2026-09-10 16:04:21,1183135,-0.875359,-0.483473,260.632,32.283,260.632,32.283,4095,4095,4095,4095,0,0,0.0,0.0,54612.5,HIGH,CENTER,CENTER,39.3,46.8,22.44,0.387,8.68,1500,34,0.0,0.0
2026-09-10 16:04:21,1183823,-0.875359,-0.483473,260.633,32.28,260.633,32.28,4095,4095,4095,4095,0,0,0.0,0.0,54612.5,HIGH,CENTER,CENTER,39.3,46.9,22.15,0.232,5.14,1500,34,0.0,0.0
2026-09-10 16:04:22,1184506,-0.875394,-0.48341,260.635,32.278,260.635,32.278,4095,4095,4095,4095,0,0,0.0,0.0,54612.5,HIGH,CENTER,CENTER,39.3,46.9,22.98,0.943,21.67,1500,34,0.0,0.0
2026-09-10 16:04:23,1185189,-0.875429,-0.483346,260.636,32.275,260.636,32.275,4095,4095,4095,4095,0,0,0.0,0.0,54612.5,HIGH,CENTER,CENTER,39.3,46.9,25.0,0.923,23.08,1500,34,0.0,0.0
2026-09-10 16:04:23,1185877,-0.875429,-0.483346,260.638,32.272,260.638,32.272,4095,4095,4095,4095,0,0,0.0,0.0,54612.5,HIGH,CENTER,CENTER,39.3,46.9,23.85,0.336,8.01,1500,34,0.0,0.0
2026-09-10 16:04:24,1186560,-0.875465,-0.483282,260.639,32.27,260.639,32.27,4095,4095,4095,4095,0,0,0.0,0.0,54612.5,HIGH,CENTER,CENTER,39.3,46.9,21.99,1.036,22.78,1500,34,0.0,0.0
2026-09-10 16:04:25,1187243,-0.8755,-0.483219,260.64,32.267,260.64,32.267,4095,4095,4095,4095,0,0,0.0,0.0,54612.5,HIGH,CENTER,CENTER,39.3,46.9,24.14,0.355,8.57,1500,34,0.0,0.0
2026-09-10 16:04:25,1187931,-0.8755,-0.483219,260.642,32.265,260.642,32.265,4095,4095,4095,4095,0,0,0.0,0.0,54612.5,HIGH,CENTER,CENTER,39.3,46.9,20.85,0.501,10.45,1500,34,0.0,0.0
2026-09-10 16:04:26,1188614,-0.875535,-0.483155,260.643,32.262,260.643,32.262,4095,4095,4095,4095,0,0,0.0,0.0,54612.5,HIGH,CENTER,CENTER,39.3,46.9,20.15,0.449,9.05,1500,34,0.0,0.0
2026-09-10 16:04:27,1189297,-0.87557,-0.483091,260.645,32.259,260.645,32.259,4095,4095,4095,4095,0,0,0.0,0.0,54612.5,HIGH,CENTER,CENTER,39.3,46.9,21.02,0.572,12.02,1500,34,0.0,0.0
2026-09-10 16:04:28,1189985,-0.875605,-0.483028,260.646,32.257,260.646,32.257,4095,4095,4095,4095,0,0,0.0,0.0,54612.5,HIGH,CENTER,CENTER,39.3,46.9,21.7,0.455,9.87,1500,34,0.0,0.0
2026-09-10 16:04:28,1190668,-0.875605,-0.483028,260.647,32.254,260.647,32.254,4095,4095,4095,4095,0,0,0.0,0.0,54612.5,HIGH,CENTER,CENTER,39.3,46.9,22.55,0.689,15.54,1500,34,0.0,0.0
2026-09-10 16:04:29,1191351,-0.87564,-0.482964,260.649,32.252,260.649,32.252,4095,4095,4095,4095,0,0,0.0,0.0,54612.5,HIGH,CENTER,CENTER,39.3,46.9,23.08,0.607,14.01,1500,34,0.0,0.0
2026-09-10 16:04:30,1192039,-0.875675,-0.4829,260.65,32.249,260.65,32.249,4095,4095,4095,4095,0,0,0.0,0.0,54612.5,HIGH,CENTER,CENTER,39.3,46.7,24.55,1.187,29.14,1500,34,0.0,0.0
2026-09-10 16:04:30,1192723,-0.875675,-0.4829,260.652,32.246,260.652,32.246,4095,4095,4095,4095,0,0,0.0,0.0,54612.5,HIGH,CENTER,CENTER,39.3,46.7,22.55,0.256,5.77,1500,34,0.0,0.0
2026-09-10 16:04:31,1193406,-0.87571,-0.482837,260.653,32.244,260.653,32.244,4095,4095,4095,4095,0,0,0.0,0.0,54612.5,HIGH,CENTER,CENTER,39.3,46.7,22.51,0.342,7.7,1500,34,0.0,0.0
2026-09-10 16:04:32,1194094,-0.875746,-0.482773,260.654,32.241,260.654,32.241,4095,4095,4095,4095,0,0,0.0,0.0,54612.5,HIGH,CENTER,CENTER,39.3,46.6,20.25,0.253,5.12,1500,34,0.0,0.0
2026-09-10 16:04:32,1194778,-0.875746,-0.482773,260.656,32.239,260.656,32.239,4095,4095,4095,4095,0,0,0.0,0.0,54612.5,HIGH,CENTER,CENTER,39.3,46.6,20.17,0.826,16.66,1500,34,0.0,0.0
2026-09-10 16:04:33,1195461,-0.875781,-0.482709,260.657,32.236,260.657,32.236,4095,4095,4095,4095,0,0,0.0,0.0,54612.5,HIGH,CENTER,CENTER,39.3,46.6,22.76,0.255,5.8,1500,34,0.0,0.0
2026-09-10 16:04:34,1196149,-0.875816,-0.482646,260.659,32.234,260.659,32.234,4095,4095,4095,4095,0,0,0.0,0.0,54612.5,HIGH,CENTER,CENTER,39.3,46.6,22.19,1.036,22.99,1500,34,0.0,0.0
2026-09-10 16:04:34,1196833,-0.875816,-0.482646,260.66,32.231,260.66,32.231,4095,4095,4095,4095,0,0,0.0,0.0,54612.5,HIGH,CENTER,CENTER,39.3,46.6,24.2,0.712,17.23,1500,34,0.0,0.0
2026-09-10 16:04:35,1197516,-0.875851,-0.482582,260.661,32.228,260.661,32.228,4095,4095,4095,4095,0,0,0.0,0.0,54612.5,HIGH,CENTER,CENTER,39.3,46.6,20.8,0.727,15.12,1500,34,0.0,0.0
2026-09-10 16:04:36,1198204,-0.875886,-0.482518,260.663,32.226,260.663,32.226,4095,4095,4095,4095,0,0,0.0,0.0,54612.5,HIGH,CENTER,CENTER,39.3,46.6,20.12,0.762,15.33,1500,34,0.0,0.0
2026-09-10 16:04:36,1198888,-0.875886,-0.482518,260.664,32.223,260.664,32.223,4095,4095,4095,4095,0,0,0.0,0.0,54612.5,HIGH,CENTER,CENTER,39.3,46.6,22.25,0.371,8.25,1500,34,0.0,0.0
2026-09-10 16:04:37,1199571,-0.875921,-0.482455,260.665,32.221,260.665,32.221,4095,4095,4095,4095,0,0,0.0,0.0,54612.5,HIGH,CENTER,CENTER,39.3,46.6,21.19,0.398,8.43,1500,34,0.0,0.0
2026-09-10 16:04:38,1200259,-0.875956,-0.482391,260.667,32.218,260.667,32.218,4095,4095,4095,4095,0,0,0.0,0.0,54612.5,HIGH,CENTER,CENTER,39.3,46.5,20.25,0.519,10.51,1500,34,0.0,0.0
2026-09-10 16:04:38,1200943,-0.875956,-0.482391,260.668,32.215,260.668,32.215,4095,4095,4095,4095,0,0,0.0,0.0,54612.5,HIGH,CENTER,CENTER,39.3,46.5,23.62,0.793,18.73,1500,34,0.0,0.0
2026-09-10 16:04:39,1201626,-0.875991,-0.482327,260.67,32.213,260.67,32.213,4095,4095,4095,4095,0,0,0.0,0.0,54612.5,HIGH,CENTER,CENTER,39.3,46.5,20.56,0.41,8.43,1500,34,0.0,0.0
2026-09-10 16:04:40,1202314,-0.876026,-0.482263,260.671,32.21,260.671,32.21,4095,4095,4095,4095,0,0,0.0,0.0,54612.5,HIGH,CENTER,CENTER,39.3,46.6,23.04,0.316,7.28,1500,34,0.0,0.0
2026-09-10 16:04:41,1202998,-0.876061,-0.4822,260.672,32.208,260.672,32.208,4095,4095,4095,4095,0,0,0.0,0.0,54612.5,HIGH,CENTER,CENTER,39.3,46.6,21.41,1.17,25.05,1500,34,0.0,0.0
2026-09-10 16:04:41,1203681,-0.876061,-0.4822,260.674,32.205,260.674,32.205,4095,4095,4095,4095,0,0,0.0,0.0,54612.5,HIGH,CENTER,CENTER,39.3,46.6,20.87,0.222,4.63,1500,34,0.0,0.0
2026-09-10 16:04:42,1204369,-0.876096,-0.482136,260.675,32.202,260.675,32.202,4095,4095,4095,4095,0,0,0.0,0.0,54612.5,HIGH,CENTER,CENTER,39.2,46.7,21.9,1.003,21.97,1500,34,0.0,0.0
2026-09-10 16:04:43,1205053,-0.876131,-0.482072,260.677,32.2,260.677,32.2,4095,4095,4095,4095,0,0,0.0,0.0,54612.5,HIGH,CENTER,CENTER,39.2,46.7,24.01,0.988,23.72,1500,34,0.0,0.0
2026-09-10 16:04:43,1205736,-0.876131,-0.482072,260.678,32.197,260.678,32.197,4095,4095,4095,4095,0,0,0.0,0.0,54612.5,HIGH,CENTER,CENTER,39.2,46.7,21.96,0.497,10.91,1500,34,0.0,0.0
2026-09-10 16:04:44,1206424,-0.876167,-0.482009,260.679,32.195,260.679,32.195,4095,4095,4095,4095,0,0,0.0,0.0,54612.5,HIGH,CENTER,CENTER,39.2,46.9,23.75,0.336,7.98,1500,34,0.0,0.0
2026-09-10 16:04:45,1207108,-0.876202,-0.481945,260.681,32.192,260.681,32.192,4095,4095,4095,4095,0,0,0.0,0.0,54612.5,HIGH,CENTER,CENTER,39.2,46.9,20.63,0.346,7.14,1500,34,0.0,0.0
2026-09-10 16:04:45,1207791,-0.876202,-0.481945,260.682,32.19,260.682,32.19,4095,4095,4095,4095,0,0,0.0,0.0,54612.5,HIGH,CENTER,CENTER,39.2,46.9,23.86,0.897,21.4,1500,34,0.0,0.0
2026-09-10 16:04:46,1208479,-0.876237,-0.481881,260.684,32.187,260.684,32.187,4095,4095,4095,4095,0,0,0.0,0.0,54612.5,HIGH,CENTER,CENTER,39.2,47.0,21.18,0.843,17.85,1500,34,0.0,0.0
2026-09-10 16:04:47,1209162,-0.876272,-0.481817,260.685,32.184,260.685,32.184,4095,4095,4095,4095,0,0,0.0,0.0,54612.5,HIGH,CENTER,CENTER,39.2,47.0,23.39,0.983,22.99,1500,34,0.0,0.0
2026-09-10 16:04:47,1209845,-0.876272,-0.481817,260.686,32.182,260.686,32.182,4095,4095,4095,4095,0,0,0.0,0.0,54612.5,HIGH,CENTER,CENTER,39.2,47.0,22.83,1.137,25.96,1500,34,0.0,0.0
2026-09-10 16:04:48,1210533,-0.876307,-0.481754,260.688,32.179,260.688,32.179,4095,4095,4095,4095,0,0,0.0,0.0,54612.5,HIGH,CENTER,CENTER,39.2,47.0,24.65,0.892,21.99,1500,34,0.0,0.0
2026-09-10 16:04:49,1211216,-0.876342,-0.48169,260.689,32.177,260.689,32.177,4095,4095,4095,4095,0,0,0.0,0.0,54612.5,HIGH,CENTER,CENTER,39.2,47.0,21.94,0.356,7.81,1500,34,0.0,0.0
2026-09-10 16:04:49,1211899,-0.876342,-0.48169,260.691,32.174,260.691,32.174,4095,4095,4095,4095,0,0,0.0,0.0,54612.5,HIGH,CENTER,CENTER,39.2,47.0,20.33,0.443,9.01,1500,34,0.0,0.0
2026-09-10 16:04:50,1212587,-0.876377,-0.481626,260.692,32.171,260.692,32.171,4095,4095,4095,4095,0,0,0.0,0.0,54612.5,HIGH,CENTER,CENTER,39.2,47.0,20.1,1.042,20.94,1500,34,0.0,0.0
2026-09-10 16:04:51,1213270,-0.876412,-0.481562,260.693,32.169,260.693,32.169,4095,4095,4095,4095,0,0,0.0,0.0,54612.5,HIGH,CENTER,CENTER,39.2,47.0,24.13,0.409,9.87,1500,34,0.0,0.0
2026-09-10 16:04:51,1213953,-0.876412,-0.481562,260.695,32.166,260.695,32.166,4095,4095,4095,4095,0,0,0.0,0.0,54612.5,HIGH,CENTER,CENTER,39.2,47.0,22.62,0.273,6.18,1500,34,0.0,0.0
2026-09-10 16:04:52,1214641,-0.876447,-0.481499,260.696,32.164,260.696,32.164,4095,4095,4095,4095,0,0,0.0,0.0,54612.5,HIGH,CENTER,CENTER,39.2,47.2,23.88,0.903,21.56,1500,34,0.0,0.0
2026-09-10 16:04:53,1215324,-0.876482,-0.481435,260.697,32.161,260.697,32.161,4095,4095,4095,4095,0,0,0.0,0.0,54612.5,HIGH,CENTER,CENTER,39.2,47.2,21.17,0.603,12.77,1500,34,0.0,0.0
2026-09-10 16:04:54,1216007,-0.876517,-0.481371,260.699,32.158,260.699,32.158,4095,4095,4095,4095,0,0,0.0,0.0,54612.5,HIGH,CENTER,CENTER,39.2,47.2,21.73,1.12,24.34,1500,34,0.0,0.0
2026-09-10 16:04:54,1216695,-0.876517,-0.481371,260.7,32.156,260.7,32.156,4095,4095,4095,4095,0,0,0.0,0.0,54612.5,HIGH,CENTER,CENTER,39.2,47.3,20.15,0.85,17.13,1500,34,0.0,0.0
2026-09-10 16:04:55,1217379,-0.876552,-0.481308,260.702,32.153,260.702,32.153,4095,4095,4095,4095,0,0,0.0,0.0,54612.5,HIGH,CENTER,CENTER,39.2,47.3,24.81,0.29,7.19,1500,34,0.0,0.0
2026-09-10 16:04:56,1218062,-0.876587,-0.481244,260.703,32.151,260.703,32.151,4095,4095,4095,4095,0,0,0.0,0.0,54612.5,HIGH,CENTER,CENTER,39.2,47.3,23.34,1.148,26.79,1500,34,0.0,0.0
2026-09-10 16:04:56,1218750,-0.876587,-0.481244,260.704,32.148,260.704,32.148,4095,4095,4095,4095,0,0,0.0,0.0,54612.5,HIGH,CENTER,CENTER,39.2,47.3,24.67,0.459,11.32,1500,34,0.0,0.0
2026-09-10 16:04:57,1219434,-0.876622,-0.48118,260.706,32.145,260.706,32.145,4095,4095,4095,4095,0,0,0.0,0.0,54612.5,HIGH,CENTER,CENTER,39.2,47.3,21.33,0.537,11.45,1500,34,0.0,0.0
2026-09-10 16:04:58,1220117,-0.876657,-0.481116,260.707,32.143,260.707,32.143,4095,4095,4095,4095,0,0,0.0,0.0,54612.5,HIGH,CENTER,CENTER,39.2,47.3,23.06,0.602,13.88,1500,34,0.0,0.0
2026-09-10 16:04:58,1220805,-0.876657,-0.481116,260.709,32.14,260.709,32.14,4095,4095,4095,4095,0,0,0.0,0.0,54612.5,HIGH,CENTER,CENTER,39.1,47.2,23.39,0.251,5.87,1500,34,0.0,0.0
2026-09-10 16:04:59,1221489,-0.876692,-0.481053,260.71,32.138,260.71,32.138,4095,4095,4095,4095,0,0,0.0,0.0,54612.5,HIGH,CENTER,CENTER,39.1,47.2,21.59,0.697,15.05,1500,34,0.0,0.0
2026-09-10 16:05:00,1222172,-0.876727,-0.480989,260.711,32.135,260.711,32.135,4095,4095,4095,4095,0,0,0.0,0.0,54612.5,HIGH,CENTER,CENTER,39.1,47.2,24.24,0.323,7.83,1500,34,0.0,0.0
2026-09-10 16:05:00,1222860,-0.876727,-0.480989,260.713,32.133,260.713,32.133,4095,4095,4095,4095,0,0,0.0,0.0,54612.5,HIGH,CENTER,CENTER,39.2,47.3,24.74,0.601,14.87,1500,34,0.0,0.0
2026-09-10 16:05:01,1223544,-0.876762,-0.480925,260.714,32.13,260.714,32.13,4095,4095,4095,4095,0,0,0.0,0.0,54612.5,HIGH,CENTER,CENTER,39.2,47.3,24.42,0.551,13.46,1500,34,0.0,0.0
2026-09-10 16:05:02,1224227,-0.876797,-0.480861,260.716,32.127,260.716,32.127,4095,4095,4095,4095,0,0,0.0,0.0,54612.5,HIGH,CENTER,CENTER,39.2,47.3,23.7,0.973,23.06,1500,34,0.0,0.0
2026-09-10 16:05:02,1224915,-0.876797,-0.480861,260.717,32.125,260.717,32.125,4095,4095,4095,4095,0,0,0.0,0.0,54612.5,HIGH,CENTER,CENTER,39.1,47.3,21.39,1.003,21.45,1500,34,0.0,0.0
2026-09-10 16:05:03,1225599,-0.876832,-0.480797,260.718,32.122,260.718,32.122,4095,4095,4095,4095,0,0,0.0,0.0,54612.5,HIGH,CENTER,CENTER,39.1,47.3,21.41,0.353,7.56,1500,34,0.0,0.0
2026-09-10 16:05:04,1226282,-0.876867,-0.480734,260.72,32.12,260.72,32.12,4095,4095,4095,4095,0,0,0.0,0.0,54612.5,HIGH,CENTER,CENTER,39.1,47.3,24.82,0.567,14.07,1500,34,0.0,0.0
2026-09-10 16:05:05,1226970,-0.876902,-0.48067,260.721,32.117,260.721,32.117,4095,4095,4095,4095,0,0,0.0,0.0,54612.5,HIGH,CENTER,CENTER,39.1,47.3,20.05,0.573,11.49,1500,34,0.0,0.0
2026-09-10 16:05:05,1227654,-0.876902,-0.48067,260.723,32.114,260.723,32.114,4095,4095,4095,4095,0,0,0.0,0.0,54612.5,HIGH,CENTER,CENTER,39.1,47.3,23.58,0.351,8.28,1500,34,0.0,0.0
2026-09-10 16:05:06,1228337,-0.876937,-0.480606,260.724,32.112,260.724,32.112,4095,4095,4095,4095,0,0,0.0,0.0,54612.5,HIGH,CENTER,CENTER,39.1,47.3,23.53,0.998,23.48,1500,34,0.0,0.0
2026-09-10 16:05:07,1229025,-0.876971,-0.480542,260.725,32.109,260.725,32.109,4095,4095,4095,4095,0,0,0.0,0.0,54612.5,HIGH,CENTER,CENTER,39.1,47.3,23.11,0.907,20.96,1500,34,0.0,0.0
2026-09-10 16:05:07,1229709,-0.876971,-0.480542,260.727,32.107,260.727,32.107,4095,4095,4095,4095,0,0,0.0,0.0,54612.5,HIGH,CENTER,CENTER,39.1,47.3,24.95,0.39,9.73,1500,34,0.0,0.0
2026-09-10 16:05:08,1230392,-0.877006,-0.480479,260.728,32.104,260.728,32.104,4095,4095,4095,4095,0,0,0.0,0.0,54612.5,HIGH,CENTER,CENTER,39.1,47.3,21.56,0.567,12.22,1500,34,0.0,0.0
2026-09-10 16:05:09,1231080,-0.877041,-0.480415,260.729,32.101,260.729,32.101,4095,4095,4095,4095,0,0,0.0,0.0,54612.5,HIGH,CENTER,CENTER,39.1,47.3,21.7,0.306,6.64,1500,34,0.0,0.0
2026-09-10 16:05:09,1231764,-0.877041,-0.480415,260.731,32.099,260.731,32.099,4095,4095,4095,4095,0,0,0.0,0.0,54612.5,HIGH,CENTER,CENTER,39.1,47.3,20.39,0.828,16.88,1500,34,0.0,0.0
2026-09-10 16:05:10,1232447,-0.877076,-0.480351,260.732,32.096,260.732,32.096,4095,4095,4095,4095,0,0,0.0,0.0,54612.5,HIGH,CENTER,CENTER,39.1,47.3,22.21,0.321,7.13,1500,34,0.0,0.0
2026-09-10 16:05:11,1233135,-0.877111,-0.480287,260.734,32.094,260.734,32.094,4095,4095,4095,4095,0,0,0.0,0.0,54612.5,HIGH,CENTER,CENTER,39.1,47.4,21.31,1.186,25.27,1500,34,0.0,0.0
2026-09-10 16:05:11,1233819,-0.877111,-0.480287,260.735,32.091,260.735,32.091,4095,4095,4095,4095,0,0,0.0,0.0,54612.5,HIGH,CENTER,CENTER,39.1,47.4,21.72,0.981,21.31,1500,34,0.0,0.0
2026-09-10 16:05:12,1234502,-0.877146,-0.480223,260.736,32.089,260.736,32.089,4095,4095,4095,4095,0,0,0.0,0.0,54612.5,HIGH,CENTER,CENTER,39.1,47.4,24.17,0.59,14.26,1500,34,0.0,0.0
2026-09-10 16:05:13,1235190,-0.877181,-0.48016,260.738,32.086,260.738,32.086,4095,4095,4095,4095,0,0,0.0,0.0,54612.5,HIGH,CENTER,CENTER,39.1,47.2,24.68,0.779,19.23,1500,34,0.0,0.0
2026-09-10 16:05:13,1235874,-0.877181,-0.48016,260.739,32.083,260.739,32.083,4095,4095,4095,4095,0,0,0.0,0.0,54612.5,HIGH,CENTER,CENTER,39.1,47.2,20.93,1.111,23.25,1500,34,0.0,0.0
2026-09-10 16:05:14,1236557,-0.877216,-0.480096,260.741,32.081,260.741,32.081,4095,4095,4095,4095,0,0,0.0,0.0,54612.5,HIGH,CENTER,CENTER,39.1,47.2,21.86,0.754,16.48,1500,34,0.0,0.0
2026-09-10 16:05:15,1237245,-0.877251,-0.480032,260.742,32.078,260.742,32.078,4095,4095,4095,4095,0,0,0.0,0.0,54612.5,HIGH,CENTER,CENTER,39.1,47.2,24.64,0.374,9.22,1500,34,0.0,0.0
2026-09-10 16:05:15,1237929,-0.877251,-0.480032,260.743,32.076,260.743,32.076,4095,4095,4095,4095,0,0,0.0,0.0,54612.5,HIGH,CENTER,CENTER,39.1,47.2,20.31,0.579,11.76,1500,34,0.0,0.0
2026-09-10 16:05:16,1238612,-0.877286,-0.479968,260.745,32.073,260.745,32.073,4095,4095,4095,4095,0,0,0.0,0.0,54612.5,HIGH,CENTER,CENTER,39.1,47.2,20.46,1.043,21.34,1500,34,0.0,0.0
2026-09-10 16:05:17,1239300,-0.877321,-0.479905,260.746,32.07,260.746,32.07,4095,4095,4095,4095,0,0,0.0,0.0,54612.5,HIGH,CENTER,CENTER,39.1,47.2,20.81,0.844,17.56,1500,34,0.0,0.0
2026-09-10 16:05:18,1239984,-0.877356,-0.479841,260.748,32.068,260.748,32.068,4095,4095,4095,4095,0,0,0.0,0.0,54612.5,HIGH,CENTER,CENTER,39.1,47.2,22.98,0.851,19.56,1500,34,0.0,0.0
2026-09-10 16:05:18,1240667,-0.877356,-0.479841,260.749,32.065,260.749,32.065,4095,4095,4095,4095,0,0,0.0,0.0,54612.5,HIGH,CENTER,CENTER,39.1,47.2,20.75,1.067,22.14,1500,34,0.0,0.0
2026-09-10 16:05:19,1241355,-0.877391,-0.479777,260.75,32.063,260.75,32.063,4095,4095,4095,4095,0,0,0.0,0.0,54612.5,HIGH,CENTER,CENTER,39.0,47.2,24.84,1.094,27.17,1500,34,0.0,0.0
2026-09-10 16:05:20,1242038,-0.877425,-0.479713,260.752,32.06,260.752,32.06,4095,4095,4095,4095,0,0,0.0,0.0,54612.5,HIGH,CENTER,CENTER,39.0,47.2,22.23,1.12,24.9,1500,34,0.0,0.0
2026-09-10 16:05:20,1242721,-0.877425,-0.479713,260.753,32.057,260.753,32.057,4095,4095,4095,4095,0,0,0.0,0.0,54612.5,HIGH,CENTER,CENTER,39.0,47.2,22.51,0.295,6.64,1500,34,0.0,0.0
2026-09-10 16:05:21,1243409,-0.87746,-0.479649,260.754,32.055,260.754,32.055,4095,4095,4095,4095,0,0,0.0,0.0,54612.5,HIGH,CENTER,CENTER,39.1,47.2,21.23,0.744,15.8,1500,34,0.0,0.0
2026-09-10 16:05:22,1244093,-0.877495,-0.479585,260.756,32.052,260.756,32.052,4095,4095,4095,4095,0,0,0.0,0.0,54612.5,HIGH,CENTER,CENTER,39.1,47.2,22.35,0.941,21.03,1500,34,0.0,0.0
2026-09-10 16:05:22,1244776,-0.877495,-0.479585,260.757,32.05,260.757,32.05,4095,4095,4095,4095,0,0,0.0,0.0,54612.5,HIGH,CENTER,CENTER,39.1,47.2,23.31,0.957,22.31,1500,34,0.0,0.0
2026-09-10 16:05:23,1245464,-0.87753,-0.479522,260.759,32.047,260.759,32.047,4095,4095,4095,4095,0,0,0.0,0.0,54612.5,HIGH,CENTER,CENTER,39.1,47.2,23.76,0.807,19.17,1500,34,0.0,0.0
2026-09-10 16:05:24,1246148,-0.877565,-0.479458,260.76,32.044,260.76,32.044,4082,4095,4095,4095,0,-13,0.0,-0.00159,54612.5,HIGH,CENTER,CENTER,39.1,47.2,23.77,0.367,8.72,1500,34,0.0,-0.048
2026-09-10 16:05:24,1246831,-0.877565,-0.479458,260.761,32.042,260.761,32.042,4095,4095,4095,4095,0,0,0.0,0.0,54612.5,HIGH,CENTER,CENTER,39.1,47.2,22.89,0.997,22.82,1500,34,0.0,0.0
2026-09-10 16:05:25,1247519,-0.8776,-0.479394,260.763,32.039,260.763,32.039,4095,4095,4095,4095,0,0,0.0,0.0,54612.5,HIGH,CENTER,CENTER,39.0,47.2,24.52,0.92,22.56,1500,34,0.0,0.0
2026-09-10 16:05:26,1248202,-0.877635,-0.47933,260.764,32.037,260.764,32.037,4095,4095,4095,4095,0,0,0.0,0.0,54612.5,HIGH,CENTER,CENTER,39.0,47.2,24.09,0.286,6.89,1500,34,0.0,0.0
2026-09-10 16:05:26,1248885,-0.877635,-0.47933,260.766,32.034,260.766,32.034,4095,4095,4095,4095,0,0,0.0,0.0,54612.5,HIGH,CENTER,CENTER,39.0,47.2,23.79,0.664,15.8,1500,34,0.0,0.0
2026-09-10 16:05:27,1249573,-0.877669,-0.479266,260.767,32.032,260.767,32.032,4095,4095,4095,4095,0,0,0.0,0.0,54612.5,HIGH,CENTER,CENTER,39.0,47.2,20.28,0.374,7.58,1500,34,0.0,0.0
2026-09-10 16:05:28,1250256,-0.877704,-0.479203,260.768,32.029,260.768,32.029,4095,4095,4095,4095,0,0,0.0,0.0,54612.5,HIGH,CENTER,CENTER,39.0,47.2,20.03,0.537,10.76,1500,34,0.0,0.0
2026-09-10 16:05:28,1250939,-0.877704,-0.479203,260.77,32.026,260.77,32.026,4095,4095,4095,4095,0,0,0.0,0.0,54612.5,HIGH,CENTER,CENTER,39.0,47.2,21.06,0.218,4.59,1500,34,0.0,0.0
2026-09-10 16:05:29,1251627,-0.877739,-0.479139,260.771,32.024,260.771,32.024,4095,4095,4095,4095,0,0,0.0,0.0,54612.5,HIGH,CENTER,CENTER,39.0,47.1,23.32,0.6,13.99,1500,34,0.0,0.0
2026-09-10 16:05:30,1252311,-0.877774,-0.479075,260.772,32.021,260.772,32.021,4095,4095,4095,4095,0,0,0.0,0.0,54612.5,HIGH,CENTER,CENTER,39.0,47.1,22.06,0.75,16.54,1500,34,0.0,0.0
2026-09-10 16:05:31,1252994,-0.877809,-0.479011,260.774,32.019,260.774,32.019,4095,4095,4095,4095,0,0,0.0,0.0,54612.5,HIGH,CENTER,CENTER,39.0,47.1,22.01,0.82,18.05,1500,34,0.0,0.0
2026-09-10 16:05:31,1253682,-0.877809,-0.479011,260.775,32.016,260.775,32.016,4095,4095,4095,4095,0,0,0.0,0.0,54612.5,HIGH,CENTER,CENTER,39.0,47.2,24.42,0.863,21.07,1500,34,0.0,0.0
2026-09-10 16:05:32,1254365,-0.877844,-0.478947,260.777,32.013,260.777,32.013,4095,4095,4095,4095,0,0,0.0,0.0,54612.5,HIGH,CENTER,CENTER,39.0,47.2,24.48,1.036,25.36,1500,34,0.0,0.0
2026-09-10 16:05:33,1255048,-0.877879,-0.478883,260.778,32.011,260.778,32.011,4095,4095,4095,4095,0,0,0.0,0.0,54612.5,HIGH,CENTER,CENTER,39.0,47.2,24.55,0.415,10.19,1500,34,0.0,0.0
2026-09-10 16:05:33,1255736,-0.877879,-0.478883,260.779,32.008,260.779,32.008,4095,4095,4095,4095,0,0,0.0,0.0,54612.5,HIGH,CENTER,CENTER,39.0,47.4,21.57,0.32,6.9,1500,34,0.0,0.0
2026-09-10 16:05:34,1256420,-0.877913,-0.47882,260.781,32.006,260.781,32.006,4095,4095,4095,4095,0,0,0.0,0.0,54612.5,HIGH,CENTER,CENTER,39.0,47.4,23.46,1.052,24.68,1500,34,0.0,0.0
2026-09-10 16:05:35,1257103,-0.877948,-0.478756,260.782,32.003,260.782,32.003,4095,4095,4095,4095,0,0,0.0,0.0,54612.5,HIGH,CENTER,CENTER,39.0,47.4,21.36,0.357,7.63,1500,34,0.0,0.0
2026-09-10 16:05:35,1257791,-0.877948,-0.478756,260.784,32.0,260.784,32.0,4095,4095,4095,4095,0,0,0.0,0.0,54612.5,HIGH,CENTER,CENTER,39.0,47.5,20.95,1.175,24.62,1500,34,0.0,0.0
2026-09-10 16:05:36,1258475,-0.877983,-0.478692,260.785,31.998,260.785,31.998,4095,4095,4095,4095,0,0,0.0,0.0,54612.5,HIGH,CENTER,CENTER,39.0,47.5,20.92,1.043,21.82,1500,34,0.0,0.0
2026-09-10 16:05:37,1259158,-0.878018,-0.478628,260.786,31.995,260.786,31.995,4095,4095,4095,4095,0,0,0.0,0.0,54612.5,HIGH,CENTER,CENTER,39.0,47.5,21.71,0.701,15.22,1500,34,0.0,0.0
2026-09-10 16:05:37,1259846,-0.878018,-0.478628,260.788,31.993,260.788,31.993,4095,4095,4095,4095,0,0,0.0,0.0,54612.5,HIGH,CENTER,CENTER,39.0,47.7,22.15,1.181,26.16,1500,34,0.0,0.0
2026-09-10 16:05:38,1260530,-0.878053,-0.478564,260.789,31.99,260.789,31.99,4095,4095,4095,4095,0,0,0.0,0.0,54612.5,HIGH,CENTER,CENTER,39.0,47.7,24.15,0.297,7.17,1500,34,0.0,0.0
2026-09-10 16:05:39,1261213,-0.878087,-0.4785,260.79,31.988,260.79,31.988,4095,4095,4095,4095,0,0,0.0,0.0,54612.5,HIGH,CENTER,CENTER,39.0,47.7,20.6,0.503,10.36,1500,34,0.0,0.0
2026-09-10 16:05:39,1261901,-0.878087,-0.4785,260.792,31.985,260.792,31.985,4095,4095,4095,4095,0,0,0.0,0.0,54612.5,HIGH,CENTER,CENTER,39.1,47.9,23.67,0.838,19.84,1500,34,0.0,0.0
2026-09-10 16:05:40,1262585,-0.878122,-0.478436,260.793,31.982,260.793,31.982,4095,4095,4095,4095,0,0,0.0,0.0,54612.5,HIGH,CENTER,CENTER,39.1,47.9,22.66,0.55,12.46,1500,34,0.0,0.0
2026-09-10 16:05:41,1263268,-0.878157,-0.478373,260.795,31.98,260.795,31.98,4095,4095,4095,4095,0,0,0.0,0.0,54612.5,HIGH,CENTER,CENTER,39.1,47.9,21.44,1.128,24.18,1500,34,0.0,0.0
2026-09-10 16:05:41,1263956,-0.878157,-0.478373,260.796,31.977,260.796,31.977,4095,4095,4095,4095,0,0,0.0,0.0,54612.5,HIGH,CENTER,CENTER,39.1,48.2,22.46,0.266,5.97,1500,34,0.0,0.0
2026-09-10 16:05:42,1264640,-0.878192,-0.478309,260.797,31.975,260.797,31.975,4095,4095,4095,4095,0,0,0.0,0.0,54612.5,HIGH,CENTER,CENTER,39.1,48.2,21.5,0.749,16.1,1500,34,0.0,0.0
2026-09-10 16:05:43,1265323,-0.878227,-0.478245,260.799,31.972,260.799,31.972,4095,4095,4095,4095,0,0,0.0,0.0,54612.5,HIGH,CENTER,CENTER,39.1,48.2,22.98,0.791,18.18,1500,34,0.0,0.0
2026-09-10 16:05:44,1266011,-0.878261,-0.478181,260.8,31.969,260.8,31.969,4095,4095,4095,4095,0,0,0.0,0.0,54612.5,HIGH,CENTER,CENTER,39.1,48.0,22.17,0.853,18.91,1500,34,0.0,0.0
2026-09-10 16:05:44,1266695,-0.878261,-0.478181,260.802,31.967,260.802,31.967,4095,4095,4095,4095,0,0,0.0,0.0,54612.5,HIGH,CENTER,CENTER,39.1,48.0,20.82,0.456,9.49,1500,34,0.0,0.0
2026-09-10 16:05:45,1267378,-0.878296,-0.478117,260.803,31.964,260.803,31.964,4095,4095,4095,4095,0,0,0.0,0.0,54612.5,HIGH,CENTER,CENTER,39.1,48.0,20.58,0.565,11.63,1500,34,0.0,0.0
2026-09-10 16:05:46,1268066,-0.878331,-0.478053,260.804,31.962,260.804,31.962,4095,4095,4095,4095,0,0,0.0,0.0,54612.5,HIGH,CENTER,CENTER,39.1,48.0,22.73,1.044,23.73,1500,34,0.0,0.0
2026-09-10 16:05:46,1268750,-0.878331,-0.478053,260.806,31.959,260.806,31.959,4095,4095,4095,4095,0,0,0.0,0.0,54612.5,HIGH,CENTER,CENTER,39.1,48.0,24.51,0.395,9.68,1500,34,0.0,0.0
2026-09-10 16:05:47,1269433,-0.878366,-0.477989,260.807,31.956,260.807,31.956,4095,4095,4095,4095,0,0,0.0,0.0,54612.5,HIGH,CENTER,CENTER,39.1,48.0,21.72,1.027,22.31,1500,34,0.0,0.0
2026-09-10 16:05:48,1270121,-0.8784,-0.477925,260.809,31.954,260.809,31.954,4095,4095,4095,4095,0,0,0.0,0.0,54612.5,HIGH,CENTER,CENTER,39.1,48.2,23.67,0.763,18.06,1500,34,0.0,0.0
2026-09-10 16:05:48,1270805,-0.8784,-0.477925,260.81,31.951,260.81,31.951,4095,4095,4095,4095,0,0,0.0,0.0,54612.5,HIGH,CENTER,CENTER,39.1,48.2,23.29,0.962,22.4,1500,34,0.0,0.0
2026-09-10 16:05:49,1271488,-0.878435,-0.477862,260.811,31.949,260.811,31.949,4095,4095,4095,4095,0,0,0.0,0.0,54612.5,HIGH,CENTER,CENTER,39.1,48.2,24.66,0.914,22.54,1500,34,0.0,0.0
2026-09-10 16:05:50,1272176,-0.87847,-0.477798,260.813,31.946,260.813,31.946,4095,4095,4095,4095,0,0,0.0,0.0,54612.5,HIGH,CENTER,CENTER,39.1,48.4,24.1,0.408,9.83,1500,34,0.0,0.0
2026-09-10 16:05:50,1272860,-0.87847,-0.477798,260.814,31.943,260.814,31.943,4095,4095,4095,4095,0,0,0.0,0.0,54612.5,HIGH,CENTER,CENTER,39.1,48.4,22.83,0.769,17.56,1500,34,0.0,0.0
2026-09-10 16:05:51,1273543,-0.878505,-0.477734,260.815,31.941,260.815,31.941,4095,4095,4095,4095,0,0,0.0,0.0,54612.5,HIGH,CENTER,CENTER,39.1,48.4,23.29,1.068,24.87,1500,34,0.0,0.0
2026-09-10 16:05:52,1274231,-0.878539,-0.47767,260.817,31.938,260.817,31.938,4095,4095,4095,4095,0,0,0.0,0.0,54612.5,HIGH,CENTER,CENTER,39.2,48.3,24.49,0.632,15.48,1500,34,0.0,0.0
2026-09-10 16:05:52,1274915,-0.878539,-0.47767,260.818,31.936,260.818,31.936,4095,4095,4095,4095,0,0,0.0,0.0,54612.5,HIGH,CENTER,CENTER,39.2,48.3,22.0,1.167,25.67,1500,34,0.0,0.0
2026-09-10 16:05:53,1275598,-0.878574,-0.477606,260.82,31.933,260.82,31.933,4095,4095,4095,4095,0,0,0.0,0.0,54612.5,HIGH,CENTER,CENTER,39.2,48.3,21.63,0.652,14.1,1500,34,0.0,0.0
2026-09-10 16:05:54,1276286,-0.878609,-0.477542,260.821,31.931,260.821,31.931,4095,4095,4095,4095,0,0,0.0,0.0,54612.5,HIGH,CENTER,CENTER,39.2,48.3,20.05,0.343,6.88,1500,34,0.0,0.0
2026-09-10 16:05:55,1276970,-0.878644,-0.477478,260.822,31.928,260.822,31.928,4095,4095,4095,4095,0,0,0.0,0.0,54612.5,HIGH,CENTER,CENTER,39.2,48.3,24.13,0.589,14.21,1500,34,0.0,0.0
2026-09-10 16:05:55,1277653,-0.878644,-0.477478,260.824,31.925,260.824,31.925,4095,4095,4095,4095,0,0,0.0,0.0,54612.5,HIGH,CENTER,CENTER,39.2,48.3,24.0,1.152,27.65,1500,34,0.0,0.0
2026-09-10 16:05:56,1278341,-0.878678,-0.477414,260.825,31.923,260.825,31.923,4095,4095,4095,4095,0,0,0.0,0.0,54612.5,HIGH,CENTER,CENTER,39.2,48.2,20.52,0.52,10.67,1500,34,0.0,0.0
2026-09-10 16:05:57,1279024,-0.878713,-0.47735,260.826,31.92,260.826,31.92,4095,4095,4095,4095,0,0,0.0,0.0,54612.5,HIGH,CENTER,CENTER,39.2,48.2,22.88,1.068,24.44,1500,34,0.0,0.0
2026-09-10 16:05:57,1279707,-0.878713,-0.47735,260.828,31.918,260.828,31.918,4095,4095,4095,4095,0,0,0.0,0.0,54612.5,HIGH,CENTER,CENTER,39.2,48.2,22.32,1.081,24.13,1500,34,0.0,0.0
2026-09-10 16:05:58,1280395,-0.878748,-0.477287,260.829,31.915,260.829,31.915,4095,4095,4095,4095,0,0,0.0,0.0,54612.5,HIGH,CENTER,CENTER,39.2,48.0,20.59,0.55,11.32,1500,34,0.0,0.0
2026-09-10 16:05:59,1281078,-0.878782,-0.477223,260.831,31.912,260.831,31.912,4090,4095,4095,4095,0,-5,0.0,-0.000611,54612.5,HIGH,CENTER,CENTER,39.2,48.0,24.9,0.283,7.05,1500,34,0.0,-0.018
2026-09-10 16:05:59,1281761,-0.878782,-0.477223,260.832,31.91,260.832,31.91,4095,4095,4095,4095,0,0,0.0,0.0,54612.5,HIGH,CENTER,CENTER,39.2,48.0,21.07,0.925,19.49,1500,34,0.0,0.0
2026-09-10 16:06:00,1282449,-0.878817,-0.477159,260.833,31.907,260.833,31.907,4095,4095,4095,4095,0,0,0.0,0.0,54612.5,HIGH,CENTER,CENTER,39.2,47.7,20.34,0.512,10.41,1500,34,0.0,0.0
2026-09-10 16:06:01,1283133,-0.878852,-0.477095,260.835,31.905,260.835,31.905,4095,4095,4095,4095,0,0,0.0,0.0,54612.5,HIGH,CENTER,CENTER,39.2,47.7,22.97,0.983,22.58,1500,34,0.0,0.0
2026-09-10 16:06:01,1283816,-0.878852,-0.477095,260.836,31.902,260.836,31.902,4095,4095,4095,4095,0,0,0.0,0.0,54612.5,HIGH,CENTER,CENTER,39.2,47.7,23.69,0.643,15.23,1500,34,0.0,0.0
2026-09-10 16:06:02,1284504,-0.878887,-0.477031,260.838,31.899,260.838,31.899,4095,4095,4095,4095,0,0,0.0,0.0,54612.5,HIGH,CENTER,CENTER,39.2,47.8,20.16,0.685,13.81,1500,34,0.0,0.0
2026-09-10 16:06:03,1285188,-0.878921,-0.476967,260.839,31.897,260.839,31.897,4095,4095,4095,4095,0,0,0.0,0.0,54612.5,HIGH,CENTER,CENTER,39.2,47.8,23.29,0.978,22.78,1500,34,0.0,0.0
2026-09-10 16:06:03,1285871,-0.878921,-0.476967,260.84,31.894,260.84,31.894,4095,4095,4095,4095,0,0,0.0,0.0,54612.5,HIGH,CENTER,CENTER,39.2,47.8,22.66,0.582,13.19,1500,34,0.0,0.0
2026-09-10 16:06:04,1286559,-0.878956,-0.476903,260.842,31.892,260.842,31.892,4095,4095,4095,4095,0,0,0.0,0.0,54612.5,HIGH,CENTER,CENTER,39.2,47.7,20.52,0.643,13.19,1500,34,0.0,0.0
2026-09-10 16:06:05,1287243,-0.878991,-0.476839,260.843,31.889,260.843,31.889,4095,4095,4095,4095,0,0,0.0,0.0,54612.5,HIGH,CENTER,CENTER,39.2,47.7,20.86,0.576,12.02,1500,34,0.0,0.0
2026-09-10 16:06:05,1287926,-0.878991,-0.476839,260.844,31.886,260.844,31.886,4095,4095,4095,4095,0,0,0.0,0.0,54612.5,HIGH,CENTER,CENTER,39.2,47.7,22.84,0.567,12.95,1500,34,0.0,0.0
2026-09-10 16:06:06,1288614,-0.879025,-0.476775,260.846,31.884,260.846,31.884,4095,4095,4095,4095,0,0,0.0,0.0,54612.5,HIGH,CENTER,CENTER,39.3,47.6,21.48,0.726,15.59,1500,34,0.0,0.0
2026-09-10 16:06:07,1289298,-0.87906,-0.476711,260.847,31.881,260.847,31.881,4095,4095,4095,4095,0,0,0.0,0.0,54612.5,HIGH,CENTER,CENTER,39.3,47.6,24.69,1.009,24.91,1500,34,0.0,0.0
2026-09-10 16:06:08,1289981,-0.879095,-0.476647,260.849,31.879,260.849,31.879,4095,4095,4095,4095,0,0,0.0,0.0,54612.5,HIGH,CENTER,CENTER,39.3,47.6,24.09,0.562,13.54,1500,34,0.0,0.0
2026-09-10 16:06:08,1290669,-0.879095,-0.476647,260.85,31.876,260.85,31.876,4095,4095,4095,4095,0,0,0.0,0.0,54612.5,HIGH,CENTER,CENTER,39.3,47.6,24.92,0.724,18.04,1500,34,0.0,0.0
2026-09-10 16:06:09,1291353,-0.879129,-0.476583,260.851,31.874,260.851,31.874,4095,4095,4095,4095,0,0,0.0,0.0,54612.5,HIGH,CENTER,CENTER,39.3,47.6,21.3,0.871,18.55,1500,34,0.0,0.0
2026-09-10 16:06:10,1292036,-0.879164,-0.47652,260.853,31.871,260.853,31.871,4095,4095,4095,4095,0,0,0.0,0.0,54612.5,HIGH,CENTER,CENTER,39.3,47.6,24.85,0.469,11.65,1500,34,0.0,0.0
2026-09-10 16:06:10,1292724,-0.879164,-0.47652,260.854,31.868,260.854,31.868,4095,4095,4095,4095,0,0,0.0,0.0,54612.5,HIGH,CENTER,CENTER,39.3,47.6,22.16,0.478,10.59,1500,34,0.0,0.0
2026-09-10 16:06:11,1293408,-0.879199,-0.476456,260.856,31.866,260.856,31.866,4095,4095,4095,4095,0,0,0.0,0.0,54612.5,HIGH,CENTER,CENTER,39.3,47.6,21.74,1.133,24.63,1500,34,0.0,0.0
2026-09-10 16:06:12,1294091,-0.879233,-0.476392,260.857,31.863,260.857,31.863,4095,4095,4095,4095,0,0,0.0,0.0,54612.5,HIGH,CENTER,CENTER,39.3,47.6,20.25,0.924,18.71,1500,34,0.0,0.0
2026-09-10 16:06:12,1294779,-0.879233,-0.476392,260.858,31.861,260.858,31.861,4095,4095,4095,4095,0,0,0.0,0.0,54612.5,HIGH,CENTER,CENTER,39.3,47.7,20.26,0.777,15.74,1500,34,0.0,0.0
2026-09-10 16:06:13,1295463,-0.879268,-0.476328,260.86,31.858,260.86,31.858,4095,4095,4095,4095,0,0,0.0,0.0,54612.5,HIGH,CENTER,CENTER,39.3,47.7,23.46,0.848,19.89,1500,34,0.0,0.0
2026-09-10 16:06:14,1296146,-0.879302,-0.476264,260.861,31.855,260.861,31.855,4095,4095,4095,4095,0,0,0.0,0.0,54612.5,HIGH,CENTER,CENTER,39.3,47.7,22.29,0.229,5.1,1500,34,0.0,0.0
2026-09-10 16:06:14,1296834,-0.879302,-0.476264,260.862,31.853,260.862,31.853,4095,4095,4095,4095,0,0,0.0,0.0,54612.5,HIGH,CENTER,CENTER,39.3,47.7,21.13,0.818,17.28,1500,34,0.0,0.0
2026-09-10 16:06:15,1297518,-0.879337,-0.4762,260.864,31.85,260.864,31.85,4095,4095,4095,4095,0,0,0.0,0.0,54612.5,HIGH,CENTER,CENTER,39.3,47.7,23.07,0.71,16.38,1500,34,0.0,0.0
2026-09-10 16:06:16,1298201,-0.879372,-0.476136,260.865,31.848,260.865,31.848,4095,4095,4095,4095,0,0,0.0,0.0,54612.5,HIGH,CENTER,CENTER,39.3,47.7,21.26,0.746,15.86,1500,34,0.0,0.0
2026-09-10 16:06:16,1298889,-0.879372,-0.476136,260.867,31.845,260.867,31.845,4095,4095,4095,4095,0,0,0.0,0.0,54612.5,HIGH,CENTER,CENTER,39.3,47.7,22.89,0.559,12.8,1500,34,0.0,0.0
2026-09-10 16:06:17,1299573,-0.879406,-0.476072,260.868,31.842,260.868,31.842,4095,4095,4095,4095,0,0,0.0,0.0,54612.5,HIGH,CENTER,CENTER,39.3,47.7,21.8,0.281,6.13,1500,34,0.0,0.0
2026-09-10 16:06:18,1300256,-0.879441,-0.476008,260.869,31.84,260.869,31.84,4095,4095,4095,4095,0,0,0.0,0.0,54612.5,HIGH,CENTER,CENTER,39.3,47.7,24.12,0.393,9.48,1500,34,0.0,0.0
2026-09-10 16:06:18,1300944,-0.879441,-0.476008,260.871,31.837,260.871,31.837,4095,4095,4095,4095,0,0,0.0,0.0,54612.5,HIGH,CENTER,CENTER,39.4,47.5,24.1,1.151,27.74,1500,34,0.0,0.0
2026-09-10 16:06:19,1301628,-0.879476,-0.475944,260.872,31.835,260.872,31.835,4095,4095,4095,4095,0,0,0.0,0.0,54612.5,HIGH,CENTER,CENTER,39.4,47.5,22.39,0.609,13.64,1500,34,0.0,0.0
2026-09-10 16:06:20,1302311,-0.87951,-0.47588,260.874,31.832,260.874,31.832,4095,4095,4095,4095,0,0,0.0,0.0,54612.5,HIGH,CENTER,CENTER,39.4,47.5,21.75,0.667,14.51,1500,34,0.0,0.0
2026-09-10 16:06:21,1302999,-0.879545,-0.475816,260.875,31.829,260.875,31.829,4095,4095,4095,4095,0,0,0.0,0.0,54612.5,HIGH,CENTER,CENTER,39.3,47.4,21.81,0.253,5.52,1500,34,0.0,0.0
2026-09-10 16:06:21,1303683,-0.879545,-0.475816,260.876,31.827,260.876,31.827,4095,4095,4095,4095,0,0,0.0,0.0,54612.5,HIGH,CENTER,CENTER,39.3,47.4,24.03,0.238,5.72,1500,34,0.0,0.0
2026-09-10 16:06:22,1304366,-0.879579,-0.475752,260.878,31.824,260.878,31.824,4095,4095,4095,4095,0,0,0.0,0.0,54612.5,HIGH,CENTER,CENTER,39.3,47.4,21.64,0.917,19.84,1500,34,0.0,0.0
2026-09-10 16:06:23,1305054,-0.879614,-0.475688,260.879,31.822,260.879,31.822,4095,4095,4095,4095,0,0,0.0,0.0,54612.5,HIGH,CENTER,CENTER,39.4,47.3,21.05,0.738,15.53,1500,34,0.0,0.0
2026-09-10 16:06:23,1305738,-0.879614,-0.475688,260.88,31.819,260.88,31.819,4095,4095,4095,4095,0,0,0.0,0.0,54612.5,HIGH,CENTER,CENTER,39.4,47.3,20.42,0.709,14.48,1500,34,0.0,0.0
2026-09-10 16:06:24,1306421,-0.879649,-0.475624,260.882,31.817,260.882,31.817,4095,4095,4095,4095,0,0,0.0,0.0,54612.5,HIGH,CENTER,CENTER,39.4,47.3,22.33,0.443,9.89,1500,34,0.0,0.0
2026-09-10 16:06:25,1307109,-0.879683,-0.47556,260.883,31.814,260.883,31.814,4095,4095,4095,4095,0,0,0.0,0.0,54612.5,HIGH,CENTER,CENTER,39.4,47.6,22.41,0.945,21.18,1500,34,0.0,0.0
2026-09-10 16:06:25,1307793,-0.879683,-0.47556,260.885,31.811,260.885,31.811,4095,4095,4095,4095,0,0,0.0,0.0,54612.5,HIGH,CENTER,CENTER,39.4,47.6,24.2,0.368,8.91,1500,34,0.0,0.0
2026-09-10 16:06:26,1308476,-0.879718,-0.475496,260.886,31.809,260.886,31.809,4095,4095,4095,4095,0,0,0.0,0.0,54612.5,HIGH,CENTER,CENTER,39.4,47.6,21.11,0.39,8.23,1500,34,0.0,0.0
2026-09-10 16:06:27,1309164,-0.879752,-0.475432,260.887,31.806,260.887,31.806,4095,4095,4095,4095,0,0,0.0,0.0,54612.5,HIGH,CENTER,CENTER,39.4,48.1,21.9,0.661,14.48,1500,34,0.0,0.0
2026-09-10 16:06:27,1309848,-0.879752,-0.475432,260.889,31.804,260.889,31.804,4095,4095,4095,4095,0,0,0.0,0.0,54612.5,HIGH,CENTER,CENTER,39.4,48.1,24.04,0.486,11.68,1500,34,0.0,0.0
2026-09-10 16:06:28,1310531,-0.879787,-0.475368,260.89,31.801,260.89,31.801,4095,4095,4095,4095,0,0,0.0,0.0,54612.5,HIGH,CENTER,CENTER,39.4,48.1,24.12,0.447,10.78,1500,34,0.0,0.0
2026-09-10 16:06:29,1311219,-0.879821,-0.475304,260.891,31.798,260.891,31.798,4095,4095,4095,4095,0,0,0.0,0.0,54612.5,HIGH,CENTER,CENTER,39.4,48.0,21.92,0.845,18.52,1500,34,0.0,0.0
2026-09-10 16:06:29,1311902,-0.879821,-0.475304,260.893,31.796,260.893,31.796,4095,4095,4095,4095,0,0,0.0,0.0,54612.5,HIGH,CENTER,CENTER,39.4,48.0,22.3,0.851,18.98,1500,34,0.0,0.0
2026-09-10 16:06:30,1312585,-0.879856,-0.47524,260.894,31.793,260.894,31.793,4095,4095,4095,4095,0,0,0.0,0.0,54612.5,HIGH,CENTER,CENTER,39.4,48.0,21.52,1.025,22.06,1500,34,0.0,0.0
2026-09-10 16:06:31,1313273,-0.879891,-0.475176,260.896,31.791,260.896,31.791,4095,4095,4095,4095,0,0,0.0,0.0,54612.5,HIGH,CENTER,CENTER,39.4,47.8,24.66,0.618,15.24,1500,34,0.0,0.0
2026-09-10 16:06:31,1313957,-0.879891,-0.475176,260.897,31.788,260.897,31.788,4095,4095,4095,4095,0,0,0.0,0.0,54612.5,HIGH,CENTER,CENTER,39.4,47.8,20.59,0.273,5.62,1500,34,0.0,0.0
2026-09-10 16:06:32,1314640,-0.879925,-0.475112,260.898,31.785,260.898,31.785,4095,4095,4095,4095,0,0,0.0,0.0,54612.5,HIGH,CENTER,CENTER,39.4,47.8,24.67,0.474,11.69,1500,34,0.0,0.0
2026-09-10 16:06:33,1315328,-0.87996,-0.475048,260.9,31.783,260.9,31.783,4095,4095,4095,4095,0,0,0.0,0.0,54612.5,HIGH,CENTER,CENTER,39.4,47.7,23.42,1.18,27.64,1500,34,0.0,0.0
2026-09-10 16:06:34,1316012,-0.879994,-0.474984,260.901,31.78,260.901,31.78,4095,4095,4095,4095,0,0,0.0,0.0,54612.5,HIGH,CENTER,CENTER,39.4,47.7,22.66,0.796,18.04,1500,34,0.0,0.0
2026-09-10 16:06:34,1316695,-0.879994,-0.474984,260.903,31.778,260.903,31.778,4095,4095,4095,4095,0,0,0.0,0.0,54612.5,HIGH,CENTER,CENTER,39.4,47.7,20.16,0.91,18.35,1500,34,0.0,0.0
2026-09-10 16:06:35,1317383,-0.880029,-0.47492,260.904,31.775,260.904,31.775,4095,4095,4095,4095,0,0,0.0,0.0,54612.5,HIGH,CENTER,CENTER,39.4,47.6,22.38,0.207,4.63,1500,34,0.0,0.0
2026-09-10 16:06:36,1318067,-0.880063,-0.474856,260.905,31.772,260.905,31.772,4095,4095,4095,4095,0,0,0.0,0.0,54612.5,HIGH,CENTER,CENTER,39.4,47.6,22.04,0.718,15.82,1500,34,0.0,0.0
2026-09-10 16:06:36,1318750,-0.880063,-0.474856,260.907,31.77,260.907,31.77,4095,4095,4095,4095,0,0,0.0,0.0,54612.5,HIGH,CENTER,CENTER,39.4,47.6,20.81,0.238,4.95,1500,34,0.0,0.0
2026-09-10 16:06:37,1319438,-0.880098,-0.474792,260.908,31.767,260.908,31.767,4095,4095,4095,4095,0,0,0.0,0.0,54612.5,HIGH,CENTER,CENTER,39.4,47.3,23.28,0.769,17.9,1500,34,0.0,0.0
2026-09-10 16:06:38,1320122,-0.880132,-0.474728,260.909,31.765,260.909,31.765,4095,4095,4095,4095,0,0,0.0,0.0,54612.5,HIGH,CENTER,CENTER,39.4,47.3,24.86,1.121,27.87,1500,34,0.0,0.0
2026-09-10 16:06:38,1320805,-0.880132,-0.474728,260.911,31.762,260.911,31.762,4095,4095,4095,4095,0,0,0.0,0.0,54612.5,HIGH,CENTER,CENTER,39.4,47.3,22.81,1.168,26.64,1500,34,0.0,0.0
2026-09-10 16:06:39,1321493,-0.880167,-0.474664,260.912,31.76,260.912,31.76,4095,4095,4095,4095,0,0,0.0,0.0,54612.5,HIGH,CENTER,CENTER,39.4,47.3,23.57,0.741,17.47,1500,34,0.0,0.0
2026-09-10 16:06:40,1322177,-0.880201,-0.4746,260.914,31.757,260.914,31.757,4095,4095,4095,4095,0,0,0.0,0.0,54612.5,HIGH,CENTER,CENTER,39.4,47.3,20.34,0.658,13.38,1500,34,0.0,0.0
2026-09-10 16:06:40,1322860,-0.880201,-0.4746,260.915,31.754,260.915,31.754,4079,4095,4095,4095,0,-16,0.0,-0.001957,54612.5,HIGH,CENTER,CENTER,39.4,47.3,22.09,1.145,25.29,1500,34,0.0,-0.059
2026-09-10 16:06:41,1323548,-0.880236,-0.474536,260.916,31.752,260.916,31.752,4095,4095,4095,4095,0,0,0.0,0.0,54612.5,HIGH,CENTER,CENTER,39.4,47.3,20.58,0.874,17.99,1500,34,0.0,0.0
2026-09-10 16:06:42,1324232,-0.88027,-0.474472,260.918,31.749,260.918,31.749,4095,4095,4095,4095,0,0,0.0,0.0,54612.5,HIGH,CENTER,CENTER,39.4,47.3,23.06,0.265,6.11,1500,34,0.0,0.0
2026-09-10 16:06:42,1324915,-0.88027,-0.474472,260.919,31.747,260.919,31.747,4095,4095,4095,4095,0,0,0.0,0.0,54612.5,HIGH,CENTER,CENTER,39.4,47.3,24.69,0.666,16.44,1500,34,0.0,0.0
2026-09-10 16:06:43,1325603,-0.880305,-0.474408,260.92,31.744,260.92,31.744,4095,4095,4095,4095,0,0,0.0,0.0,54612.5,HIGH,CENTER,CENTER,39.4,47.3,23.31,0.44,10.26,1500,34,0.0,0.0
2026-09-10 16:06:44,1326287,-0.880339,-0.474344,260.922,31.741,260.922,31.741,4095,4095,4095,4095,0,0,0.0,0.0,54612.5,HIGH,CENTER,CENTER,39.4,47.3,20.38,0.67,13.65,1500,34,0.0,0.0
2026-09-10 16:06:45,1326970,-0.880374,-0.47428,260.923,31.739,260.923,31.739,4095,4095,4095,4095,0,0,0.0,0.0,54612.5,HIGH,CENTER,CENTER,39.4,47.3,21.77,0.655,14.26,1500,34,0.0,0.0
2026-09-10 16:06:45,1327658,-0.880374,-0.47428,260.925,31.736,260.925,31.736,4095,4095,4095,4095,0,0,0.0,0.0,54612.5,HIGH,CENTER,CENTER,39.4,47.3,22.75,0.782,17.79,1500,34,0.0,0.0
2026-09-10 16:06:46,1328342,-0.880408,-0.474216,260.926,31.734,260.926,31.734,4095,4095,4095,4095,0,0,0.0,0.0,54612.5,HIGH,CENTER,CENTER,39.4,47.3,22.02,0.557,12.27,1500,34,0.0,0.0
2026-09-10 16:06:47,1329025,-0.880443,-0.474152,260.927,31.731,260.927,31.731,4095,4095,4095,4095,0,0,0.0,0.0,54612.5,HIGH,CENTER,CENTER,39.4,47.3,24.17,0.364,8.8,1500,34,0.0,0.0
2026-09-10 16:06:47,1329713,-0.880443,-0.474152,260.929,31.728,260.929,31.728,4095,4095,4095,4095,0,0,0.0,0.0,54612.5,HIGH,CENTER,CENTER,39.4,47.3,24.07,0.704,16.95,1500,34,0.0,0.0
2026-09-10 16:06:48,1330397,-0.880477,-0.474088,260.93,31.726,260.93,31.726,4095,4095,4095,4095,0,0,0.0,0.0,54612.5,HIGH,CENTER,CENTER,39.4,47.3,23.06,1.03,23.75,1500,34,0.0,0.0
2026-09-10 16:06:49,1331080,-0.880512,-0.474024,260.932,31.723,260.932,31.723,4095,4095,4095,4095,0,0,0.0,0.0,54612.5,HIGH,CENTER,CENTER,39.4,47.3,21.87,0.864,18.9,1500,34,0.0,0.0
2026-09-10 16:06:49,1331768,-0.880512,-0.474024,260.933,31.721,260.933,31.721,4095,4095,4095,4095,0,0,0.0,0.0,54612.5,HIGH,CENTER,CENTER,39.5,47.2,21.28,0.538,11.45,1500,34,0.0,0.0
2026-09-10 16:06:50,1332452,-0.880546,-0.47396,260.934,31.718,260.934,31.718,4095,4095,4095,4095,0,0,0.0,0.0,54612.5,HIGH,CENTER,CENTER,39.5,47.2,20.53,1.136,23.32,1500,34,0.0,0.0
2026-09-10 16:06:51,1333135,-0.880581,-0.473896,260.936,31.715,260.936,31.715,4095,4095,4095,4095,0,0,0.0,0.0,54612.5,HIGH,CENTER,CENTER,39.5,47.2,21.77,1.112,24.21,1500,34,0.0,0.0
2026-09-10 16:06:51,1333823,-0.880581,-0.473896,260.937,31.713,260.937,31.713,4095,4095,4095,4095,0,0,0.0,0.0,54612.5,HIGH,CENTER,CENTER,39.5,47.0,22.07,0.409,9.03,1500,34,0.0,0.0
2026-09-10 16:06:52,1334507,-0.880615,-0.473832,260.938,31.71,260.938,31.71,4095,4095,4095,4095,0,0,0.0,0.0,54612.5,HIGH,CENTER,CENTER,39.5,47.0,23.38,0.239,5.59,1500,34,0.0,0.0
2026-09-10 16:06:53,1335190,-0.88065,-0.473768,260.94,31.708,260.94,31.708,4095,4095,4095,4095,0,0,0.0,0.0,54612.5,HIGH,CENTER,CENTER,39.5,47.0,23.29,0.941,21.92,1500,34,0.0,0.0
2026-09-10 16:06:53,1335878,-0.88065,-0.473768,260.941,31.705,260.941,31.705,4095,4095,4095,4095,0,0,0.0,0.0,54612.5,HIGH,CENTER,CENTER,39.5,46.8,20.35,1.028,20.92,1500,34,0.0,0.0
2026-09-10 16:06:54,1336562,-0.880684,-0.473704,260.943,31.703,260.943,31.703,4095,4095,4095,4095,0,0,0.0,0.0,54612.5,HIGH,CENTER,CENTER,39.5,46.8,21.98,1.168,25.67,1500,34,0.0,0.0
2026-09-10 16:06:55,1337245,-0.880719,-0.47364,260.944,31.7,260.944,31.7,4095,4095,4095,4095,0,0,0.0,0.0,54612.5,HIGH,CENTER,CENTER,39.5,46.8,20.91,1.09,22.79,1500,34,0.0,0.0
2026-09-10 16:06:55,1337933,-0.880719,-0.47364,260.945,31.697,260.945,31.697,4095,4095,4095,4095,0,0,0.0,0.0,54612.5,HIGH,CENTER,CENTER,39.5,46.9,20.78,0.801,16.64,1500,34,0.0,0.0
2026-09-10 16:06:56,1338617,-0.880753,-0.473576,260.947,31.695,260.947,31.695,4095,4095,4095,4095,0,0,0.0,0.0,54612.5,HIGH,CENTER,CENTER,39.5,46.9,24.14,0.73,17.62,1500,34,0.0,0.0
2026-09-10 16:06:57,1339300,-0.880787,-0.473512,260.948,31.692,260.948,31.692,4095,4095,4095,4095,0,0,0.0,0.0,54612.5,HIGH,CENTER,CENTER,39.5,46.9,20.21,0.228,4.61,1500,34,0.0,0.0
2026-09-10 16:06:58,1339988,-0.880822,-0.473448,260.949,31.69,260.949,31.69,4095,4095,4095,4095,0,0,0.0,0.0,54612.5,HIGH,CENTER,CENTER,39.5,46.8,22.1,0.447,9.88,1500,34,0.0,0.0
2026-09-10 16:06:58,1340672,-0.880822,-0.473448,260.951,31.687,260.951,31.687,4078,4095,4095,4095,0,-17,0.0,-0.00208,54612.5,HIGH,CENTER,CENTER,39.5,46.8,20.84,0.66,13.75,1500,34,0.0,-0.062
2026-09-10 16:06:59,1341355,-0.880856,-0.473384,260.952,31.684,260.952,31.684,4095,4095,4095,4095,0,0,0.0,0.0,54612.5,HIGH,CENTER,CENTER,39.5,46.8,24.4,0.829,20.23,1500,34,0.0,0.0
2026-09-10 16:07:00,1342043,-0.880891,-0.47332,260.954,31.682,260.954,31.682,4095,4095,4095,4095,0,0,0.0,0.0,54612.5,HIGH,CENTER,CENTER,39.5,46.8,22.79,0.757,17.25,1500,34,0.0,0.0
2026-09-10 16:07:00,1342727,-0.880891,-0.47332,260.955,31.679,260.955,31.679,4095,4095,4095,4095,0,0,0.0,0.0,54612.5,HIGH,CENTER,CENTER,39.5,46.8,21.16,0.943,19.95,1500,34,0.0,0.0
2026-09-10 16:07:01,1343410,-0.880925,-0.473256,260.956,31.677,260.956,31.677,4074,4095,4095,4095,0,-21,0.0,-0.002571,54612.5,HIGH,CENTER,CENTER,39.5,46.8,22.51,0.48,10.8,1500,34,0.0,-0.077
2026-09-10 16:07:02,1344098,-0.88096,-0.473192,260.958,31.674,260.958,31.674,4095,4095,4095,4095,0,0,0.0,0.0,54612.5,HIGH,CENTER,CENTER,39.5,46.6,23.66,0.765,18.1,1500,34,0.0,0.0
2026-09-10 16:07:02,1344782,-0.88096,-0.473192,260.959,31.671,260.959,31.671,4095,4095,4095,4095,0,0,0.0,0.0,54612.5,HIGH,CENTER,CENTER,39.5,46.6,24.79,0.288,7.14,1500,34,0.0,0.0
2026-09-10 16:07:03,1345465,-0.880994,-0.473127,260.96,31.669,260.96,31.669,4095,4095,4095,4095,0,0,0.0,0.0,54612.5,HIGH,CENTER,CENTER,39.5,46.6,21.1,0.614,12.96,1500,34,0.0,0.0
2026-09-10 16:07:04,1346153,-0.881028,-0.473063,260.962,31.666,260.962,31.666,4095,4095,4095,4095,0,0,0.0,0.0,54612.5,HIGH,CENTER,CENTER,39.5,46.4,24.43,0.95,23.21,1500,34,0.0,0.0
2026-09-10 16:07:04,1346837,-0.881028,-0.473063,260.963,31.664,260.963,31.664,4095,4095,4095,4095,0,0,0.0,0.0,54612.5,HIGH,CENTER,CENTER,39.5,46.4,24.67,0.893,22.03,1500,34,0.0,0.0
2026-09-10 16:07:05,1347520,-0.881063,-0.472999,260.965,31.661,260.965,31.661,4095,4095,4095,4095,0,0,0.0,0.0,54612.5,HIGH,CENTER,CENTER,39.5,46.4,24.58,1.191,29.27,1500,34,0.0,0.0
2026-09-10 16:07:06,1348208,-0.881097,-0.472935,260.966,31.658,260.966,31.658,4095,4095,4095,4095,0,0,0.0,0.0,54612.5,HIGH,CENTER,CENTER,39.5,46.3,23.18,0.478,11.08,1500,34,0.0,0.0
2026-09-10 16:07:06,1348892,-0.881097,-0.472935,260.967,31.656,260.967,31.656,4082,4095,4095,4095,0,-13,0.0,-0.00159,54612.5,HIGH,CENTER,CENTER,39.5,46.3,23.15,0.698,16.16,1500,34,0.0,-0.048
2026-09-10 16:07:07,1349575,-0.881132,-0.472871,260.969,31.653,260.969,31.653,4095,4095,4095,4095,0,0,0.0,0.0,54612.5,HIGH,CENTER,CENTER,39.5,46.3,22.02,0.53,11.67,1500,34,0.0,0.0
2026-09-10 16:07:08,1350263,-0.881166,-0.472807,260.97,31.651,260.97,31.651,4095,4095,4095,4095,0,0,0.0,0.0,54612.5,HIGH,CENTER,CENTER,39.5,46.3,23.76,0.641,15.23,1500,34,0.0,0.0
2026-09-10 16:07:08,1350947,-0.881166,-0.472807,260.971,31.648,260.971,31.648,4095,4095,4095,4095,0,0,0.0,0.0,54612.5,HIGH,CENTER,CENTER,39.5,46.3,22.66,1.057,23.95,1500,34,0.0,0.0
2026-09-10 16:07:09,1351630,-0.8812,-0.472743,260.973,31.645,260.973,31.645,4095,4095,4095,4095,0,0,0.0,0.0,54612.5,HIGH,CENTER,CENTER,39.5,46.3,23.39,0.884,20.68,1500,34,0.0,0.0
2026-09-10 16:07:10,1352318,-0.881235,-0.472679,260.974,31.643,260.974,31.643,4095,4095,4095,4095,0,0,0.0,0.0,54612.5,HIGH,CENTER,CENTER,39.6,46.4,22.14,1.082,23.96,1500,34,0.0,0.0
2026-09-10 16:07:11,1353002,-0.881269,-0.472615,260.976,31.64,260.976,31.64,4095,4095,4095,4095,0,0,0.0,0.0,54612.5,HIGH,CENTER,CENTER,39.6,46.4,23.66,0.404,9.56,1500,34,0.0,0.0
2026-09-10 16:07:11,1353685,-0.881269,-0.472615,260.977,31.638,260.977,31.638,4095,4095,4095,4095,0,0,0.0,0.0,54612.5,HIGH,CENTER,CENTER,39.6,46.4,24.12,1.073,25.88,1500,34,0.0,0.0
2026-09-10 16:07:12,1354373,-0.881303,-0.472551,260.978,31.635,260.978,31.635,4095,4095,4095,4095,0,0,0.0,0.0,54612.5,HIGH,CENTER,CENTER,39.5,46.6,20.73,0.26,5.39,1500,34,0.0,0.0
2026-09-10 16:07:13,1355057,-0.881338,-0.472487,260.98,31.633,260.98,31.633,4085,4095,4095,4095,0,-10,0.0,-0.001222,54612.5,HIGH,CENTER,CENTER,39.5,46.6,24.16,1.089,26.31,1500,34,0.0,-0.037
2026-09-10 16:07:13,1355740,-0.881338,-0.472487,260.981,31.63,260.981,31.63,4095,4095,4095,4095,0,0,0.0,0.0,54612.5,HIGH,CENTER,CENTER,39.5,46.6,22.7,0.529,12.01,1500,34,0.0,0.0
2026-09-10 16:07:14,1356428,-0.881372,-0.472423,260.983,31.627,260.983,31.627,4095,4095,4095,4095,0,0,0.0,0.0,54612.5,HIGH,CENTER,CENTER,39.6,46.9,24.22,0.515,12.47,1500,34,0.0,0.0
2026-09-10 16:07:15,1357112,-0.881407,-0.472358,260.984,31.625,260.984,31.625,4095,4095,4095,4095,0,0,0.0,0.0,54612.5,HIGH,CENTER,CENTER,39.6,46.9,22.16,0.712,15.78,1500,34,0.0,0.0
2026-09-10 16:07:15,1357795,-0.881407,-0.472358,260.985,31.622,260.985,31.622,4095,4095,4095,4095,0,0,0.0,0.0,54612.5,HIGH,CENTER,CENTER,39.6,46.9,21.9,1.141,24.99,1500,34,0.0,0.0
2026-09-10 16:07:16,1358483,-0.881441,-0.472294,260.987,31.62,260.987,31.62,4095,4095,4095,4095,0,0,0.0,0.0,54612.5,HIGH,CENTER,CENTER,39.5,46.9,24.58,0.248,6.1,1500,34,0.0,0.0
2026-09-10 16:07:17,1359167,-0.881475,-0.47223,260.988,31.617,260.988,31.617,4095,4095,4095,4095,0,0,0.0,0.0,54612.5,HIGH,CENTER,CENTER,39.5,46.9,21.26,0.552,11.74,1500,34,0.0,0.0
2026-09-10 16:07:17,1359850,-0.881475,-0.47223,260.989,31.614,260.989,31.614,4095,4095,4095,4095,0,0,0.0,0.0,54612.5,HIGH,CENTER,CENTER,39.5,46.9,24.22,1.057,25.6,1500,34,0.0,0.0
2026-09-10 16:07:18,1360538,-0.88151,-0.472166,260.991,31.612,260.991,31.612,4095,4095,4095,4095,0,0,0.0,0.0,54612.5,HIGH,CENTER,CENTER,39.6,46.9,22.42,0.596,13.36,1500,34,0.0,0.0
2026-09-10 16:07:19,1361222,-0.881544,-0.472102,260.992,31.609,260.992,31.609,4095,4095,4095,4095,0,0,0.0,0.0,54612.5,HIGH,CENTER,CENTER,39.6,46.9,22.57,0.399,9.01,1500,34,0.0,0.0
2026-09-10 16:07:19,1361905,-0.881544,-0.472102,260.994,31.607,260.994,31.607,4095,4095,4095,4095,0,0,0.0,0.0,54612.5,HIGH,CENTER,CENTER,39.6,46.9,21.54,0.625,13.46,1500,34,0.0,0.0
2026-09-10 16:07:20,1362593,-0.881578,-0.472038,260.995,31.604,260.995,31.604,4095,4095,4095,4095,0,0,0.0,0.0,54612.5,HIGH,CENTER,CENTER,39.6,46.9,22.87,0.586,13.4,1500,34,0.0,0.0
2026-09-10 16:07:21,1363277,-0.881613,-0.471974,260.996,31.601,260.996,31.601,4095,4095,4095,4095,0,0,0.0,0.0,54612.5,HIGH,CENTER,CENTER,39.6,46.9,21.63,1.115,24.12,1500,34,0.0,0.0
2026-09-10 16:07:21,1363960,-0.881613,-0.471974,260.998,31.599,260.998,31.599,4095,4095,4095,4095,0,0,0.0,0.0,54612.5,HIGH,CENTER,CENTER,39.6,46.9,20.2,0.962,19.43,1500,34,0.0,0.0
2026-09-10 16:07:22,1364648,-0.881647,-0.47191,260.999,31.596,260.999,31.596,4095,4095,4095,4095,0,0,0.0,0.0,54612.5,HIGH,CENTER,CENTER,39.6,46.9,21.36,0.705,15.06,1500,34,0.0,0.0
2026-09-10 16:07:23,1365332,-0.881681,-0.471846,261.0,31.594,261.0,31.594,4095,4095,4095,4095,0,0,0.0,0.0,54612.5,HIGH,CENTER,CENTER,39.6,46.9,20.03,1.188,23.8,1500,34,0.0,0.0
2026-09-10 16:07:24,1366015,-0.881715,-0.471782,261.002,31.591,261.002,31.591,4095,4095,4095,4095,0,0,0.0,0.0,54612.5,HIGH,CENTER,CENTER,39.6,46.9,24.89,0.665,16.55,1500,34,0.0,0.0
2026-09-10 16:07:24,1366703,-0.881715,-0.471782,261.003,31.588,261.003,31.588,4095,4095,4095,4095,0,0,0.0,0.0,54612.5,HIGH,CENTER,CENTER,39.6,47.1,24.83,0.258,6.41,1500,34,0.0,0.0
2026-09-10 16:07:25,1367387,-0.88175,-0.471717,261.005,31.586,261.005,31.586,4095,4095,4095,4095,0,0,0.0,0.0,54612.5,HIGH,CENTER,CENTER,39.6,47.1,21.98,0.462,10.15,1500,34,0.0,0.0
2026-09-10 16:07:26,1368070,-0.881784,-0.471653,261.006,31.583,261.006,31.583,4095,4095,4095,4095,0,0,0.0,0.0,54612.5,HIGH,CENTER,CENTER,39.6,47.1,23.64,0.636,15.04,1500,34,0.0,0.0
2026-09-10 16:07:26,1368758,-0.881784,-0.471653,261.007,31.581,261.007,31.581,4095,4095,4095,4095,0,0,0.0,0.0,54612.5,HIGH,CENTER,CENTER,39.5,47.2,21.73,0.357,7.76,1500,34,0.0,0.0
2026-09-10 16:07:27,1369442,-0.881818,-0.471589,261.009,31.578,261.009,31.578,4095,4095,4095,4095,0,0,0.0,0.0,54612.5,HIGH,CENTER,CENTER,39.5,47.2,23.36,1.148,26.82,1500,34,0.0,0.0
2026-09-10 16:07:28,1370125,-0.881853,-0.471525,261.01,31.576,261.01,31.576,4095,4095,4095,4095,0,0,0.0,0.0,54612.5,HIGH,CENTER,CENTER,39.5,47.2,24.03,0.967,23.24,1500,34,0.0,0.0
2026-09-10 16:07:28,1370813,-0.881853,-0.471525,261.011,31.573,261.011,31.573,4095,4095,4095,4095,0,0,0.0,0.0,54612.5,HIGH,CENTER,CENTER,39.6,47.2,24.73,0.468,11.57,1500,34,0.0,0.0
2026-09-10 16:07:29,1371497,-0.881887,-0.471461,261.013,31.57,261.013,31.57,4095,4095,4095,4095,0,0,0.0,0.0,54612.5,HIGH,CENTER,CENTER,39.6,47.2,22.0,0.791,17.4,1500,34,0.0,0.0
2026-09-10 16:07:30,1372180,-0.881921,-0.471397,261.014,31.568,261.014,31.568,4095,4095,4095,4095,0,0,0.0,0.0,54612.5,HIGH,CENTER,CENTER,39.6,47.2,23.92,0.921,22.03,1500,34,0.0,0.0
2026-09-10 16:07:30,1372868,-0.881921,-0.471397,261.016,31.565,261.016,31.565,4095,4095,4095,4095,0,0,0.0,0.0,54612.5,HIGH,CENTER,CENTER,39.6,47.3,21.33,1.141,24.34,1500,34,0.0,0.0
2026-09-10 16:07:31,1373552,-0.881956,-0.471333,261.017,31.563,261.017,31.563,4095,4095,4095,4095,0,0,0.0,0.0,54612.5,HIGH,CENTER,CENTER,39.6,47.3,24.95,1.082,27.0,1500,34,0.0,0.0
2026-09-10 16:07:32,1374235,-0.88199,-0.471268,261.018,31.56,261.018,31.56,4095,4095,4095,4095,0,0,0.0,0.0,54612.5,HIGH,CENTER,CENTER,39.6,47.3,20.13,0.715,14.39,1500,34,0.0,0.0
2026-09-10 16:07:32,1374923,-0.88199,-0.471268,261.02,31.557,261.02,31.557,4095,4095,4095,4095,0,0,0.0,0.0,54612.5,HIGH,CENTER,CENTER,39.5,46.8,23.02,0.975,22.44,1500,34,0.0,0.0
2026-09-10 16:07:33,1375607,-0.882024,-0.471204,261.021,31.555,261.021,31.555,4095,4095,4095,4095,0,0,0.0,0.0,54612.5,HIGH,CENTER,CENTER,39.5,46.8,23.3,0.762,17.75,1500,34,0.0,0.0
2026-09-10 16:07:34,1376290,-0.882058,-0.47114,261.022,31.552,261.022,31.552,4095,4095,4095,4095,0,0,0.0,0.0,54612.5,HIGH,CENTER,CENTER,39.5,46.8,23.44,0.753,17.65,1500,34,0.0,0.0
2026-09-10 16:07:35,1376978,-0.882093,-0.471076,261.024,31.55,261.024,31.55,4095,4095,4095,4095,0,0,0.0,0.0,54612.5,HIGH,CENTER,CENTER,39.5,46.5,20.6,0.315,6.49,1500,34,0.0,0.0
2026-09-10 16:07:35,1377662,-0.882093,-0.471076,261.025,31.547,261.025,31.547,4095,4095,4095,4095,0,0,0.0,0.0,54612.5,HIGH,CENTER,CENTER,39.5,46.5,24.69,0.326,8.05,1500,34,0.0,0.0
2026-09-10 16:07:36,1378345,-0.882127,-0.471012,261.027,31.544,261.027,31.544,4095,4095,4095,4095,0,0,0.0,0.0,54612.5,HIGH,CENTER,CENTER,39.5,46.5,20.91,0.73,15.26,1500,34,0.0,0.0
2026-09-10 16:07:37,1379033,-0.882161,-0.470948,261.028,31.542,261.028,31.542,4095,4095,4095,4095,0,0,0.0,0.0,54612.5,HIGH,CENTER,CENTER,39.5,46.3,23.11,0.469,10.84,1500,34,0.0,0.0
2026-09-10 16:07:37,1379717,-0.882161,-0.470948,261.029,31.539,261.029,31.539,4095,4095,4095,4095,0,0,0.0,0.0,54612.5,HIGH,CENTER,CENTER,39.5,46.3,21.11,0.221,4.67,1500,34,0.0,0.0
2026-09-10 16:07:38,1380400,-0.882195,-0.470884,261.031,31.537,261.031,31.537,4095,4095,4095,4095,0,0,0.0,0.0,54612.5,HIGH,CENTER,CENTER,39.5,46.3,21.54,0.923,19.88,1500,34,0.0,0.0
2026-09-10 16:07:39,1381088,-0.88223,-0.470819,261.032,31.534,261.032,31.534,4095,4095,4095,4095,0,0,0.0,0.0,54612.5,HIGH,CENTER,CENTER,39.5,46.3,22.73,0.232,5.27,1500,34,0.0,0.0
2026-09-10 16:07:39,1381772,-0.88223,-0.470819,261.033,31.531,261.033,31.531,4095,4095,4095,4095,0,0,0.0,0.0,54612.5,HIGH,CENTER,CENTER,39.5,46.3,22.09,0.795,17.56,1500,34,0.0,0.0
2026-09-10 16:07:40,1382455,-0.882264,-0.470755,261.035,31.529,261.035,31.529,4095,4095,4095,4095,0,0,0.0,0.0,54612.5,HIGH,CENTER,CENTER,39.5,46.3,20.8,0.739,15.37,1500,34,0.0,0.0
2026-09-10 16:07:41,1383143,-0.882298,-0.470691,261.036,31.526,261.036,31.526,4095,4095,4095,4095,0,0,0.0,0.0,54612.5,HIGH,CENTER,CENTER,39.5,46.3,20.85,1.169,24.37,1500,34,0.0,0.0
2026-09-10 16:07:41,1383827,-0.882298,-0.470691,261.038,31.524,261.038,31.524,4095,4095,4095,4095,0,0,0.0,0.0,54612.5,HIGH,CENTER,CENTER,39.5,46.3,22.09,0.684,15.11,1500,34,0.0,0.0
2026-09-10 16:07:42,1384510,-0.882332,-0.470627,261.039,31.521,261.039,31.521,4095,4095,4095,4095,0,0,0.0,0.0,54612.5,HIGH,CENTER,CENTER,39.5,46.3,23.79,0.264,6.28,1500,34,0.0,0.0
2026-09-10 16:07:43,1385198,-0.882367,-0.470563,261.04,31.518,261.04,31.518,4095,4095,4095,4095,0,0,0.0,0.0,54612.5,HIGH,CENTER,CENTER,39.4,46.1,24.49,0.752,18.42,1500,34,0.0,0.0
2026-09-10 16:07:43,1385882,-0.882367,-0.470563,261.042,31.516,261.042,31.516,4095,4095,4095,4095,0,0,0.0,0.0,54612.5,HIGH,CENTER,CENTER,39.4,46.1,20.42,1.041,21.26,1500,34,0.0,0.0
2026-09-10 16:07:44,1386565,-0.882401,-0.470499,261.043,31.513,261.043,31.513,4095,4095,4095,4095,0,0,0.0,0.0,54612.5,HIGH,CENTER,CENTER,39.4,46.1,21.97,1.197,26.3,1500,34,0.0,0.0
2026-09-10 16:07:45,1387253,-0.882435,-0.470434,261.044,31.511,261.044,31.511,4095,4095,4095,4095,0,0,0.0,0.0,54612.5,HIGH,CENTER,CENTER,39.4,46.0,20.5,0.63,12.92,1500,34,0.0,0.0
2026-09-10 16:07:45,1387936,-0.882435,-0.470434,261.046,31.508,261.046,31.508,4095,4095,4095,4095,0,0,0.0,0.0,54612.5,HIGH,CENTER,CENTER,39.4,46.0,20.08,0.52,10.44,1500,34,0.0,0.0
2026-09-10 16:07:46,1388619,-0.882469,-0.47037,261.047,31.506,261.047,31.506,4095,4095,4095,4095,0,0,0.0,0.0,54612.5,HIGH,CENTER,CENTER,39.4,46.0,23.31,1.107,25.8,1500,34,0.0,0.0
2026-09-10 16:07:47,1389307,-0.882503,-0.470306,261.049,31.503,261.049,31.503,4095,4095,4095,4095,0,0,0.0,0.0,54612.5,HIGH,CENTER,CENTER,39.3,46.0,23.01,0.391,9.0,1500,34,0.0,0.0
2026-09-10 16:07:48,1389991,-0.882538,-0.470242,261.05,31.5,261.05,31.5,4095,4095,4095,4095,0,0,0.0,0.0,54612.5,HIGH,CENTER,CENTER,39.3,46.0,20.82,0.815,16.97,1500,34,0.0,0.0
2026-09-10 16:07:48,1390674,-0.882538,-0.470242,261.051,31.498,261.051,31.498,4095,4095,4095,4095,0,0,0.0,0.0,54612.5,HIGH,CENTER,CENTER,39.3,46.0,21.17,0.606,12.83,1500,34,0.0,0.0
2026-09-10 16:07:49,1391362,-0.882572,-0.470178,261.053,31.495,261.053,31.495,4095,4095,4095,4095,0,0,0.0,0.0,54612.5,HIGH,CENTER,CENTER,39.3,46.0,20.12,0.241,4.85,1500,34,0.0,0.0
2026-09-10 16:07:50,1392046,-0.882606,-0.470114,261.054,31.493,261.054,31.493,4095,4095,4095,4095,0,0,0.0,0.0,54612.5,HIGH,CENTER,CENTER,39.3,46.0,24.17,0.547,13.22,1500,34,0.0,0.0
2026-09-10 16:07:50,1392729,-0.882606,-0.470114,261.055,31.49,261.055,31.49,4095,4095,4095,4095,0,0,0.0,0.0,54612.5,HIGH,CENTER,CENTER,39.3,46.0,24.87,0.465,11.56,1500,34,0.0,0.0
2026-09-10 16:07:51,1393417,-0.88264,-0.470049,261.057,31.487,261.057,31.487,4095,4095,4095,4095,0,0,0.0,0.0,54612.5,HIGH,CENTER,CENTER,39.2,45.9,20.68,0.886,18.32,1500,34,0.0,0.0
2026-09-10 16:07:52,1394101,-0.882674,-0.469985,261.058,31.485,261.058,31.485,4095,4095,4095,4095,0,0,0.0,0.0,54612.5,HIGH,CENTER,CENTER,39.2,45.9,21.16,1.149,24.31,1500,34,0.0,0.0
2026-09-10 16:07:52,1394784,-0.882674,-0.469985,261.06,31.482,261.06,31.482,4095,4095,4095,4095,0,0,0.0,0.0,54612.5,HIGH,CENTER,CENTER,39.2,45.9,24.34,0.468,11.39,1500,34,0.0,0.0
2026-09-10 16:07:53,1395472,-0.882708,-0.469921,261.061,31.48,261.061,31.48,4095,4095,4095,4095,0,0,0.0,0.0,54612.5,HIGH,CENTER,CENTER,39.1,46.0,24.63,1.011,24.9,1500,34,0.0,0.0
2026-09-10 16:07:54,1396156,-0.882743,-0.469857,261.062,31.477,261.062,31.477,4095,4095,4095,4095,0,0,0.0,0.0,54612.5,HIGH,CENTER,CENTER,39.1,46.0,22.1,0.255,5.64,1500,34,0.0,0.0
2026-09-10 16:07:54,1396839,-0.882743,-0.469857,261.064,31.474,261.064,31.474,4095,4095,4095,4095,0,0,0.0,0.0,54612.5,HIGH,CENTER,CENTER,39.1,46.0,20.25,0.738,14.94,1500,34,0.0,0.0
2026-09-10 16:07:55,1397527,-0.882777,-0.469793,261.065,31.472,261.065,31.472,4095,4095,4095,4095,0,0,0.0,0.0,54612.5,HIGH,CENTER,CENTER,39.1,46.1,20.2,0.271,5.47,1500,34,0.0,0.0
2026-09-10 16:07:56,1398211,-0.882811,-0.469728,261.066,31.469,261.066,31.469,4095,4095,4095,4095,0,0,0.0,0.0,54612.5,HIGH,CENTER,CENTER,39.1,46.1,22.87,1.134,25.93,1500,34,0.0,0.0
2026-09-10 16:07:56,1398894,-0.882811,-0.469728,261.068,31.467,261.068,31.467,4095,4095,4095,4095,0,0,0.0,0.0,54612.5,HIGH,CENTER,CENTER,39.1,46.1,21.96,0.966,21.21,1500,34,0.0,0.0
2026-09-10 16:07:57,1399582,-0.882845,-0.469664,261.069,31.464,261.069,31.464,4095,4095,4095,4095,0,0,0.0,0.0,54612.5,HIGH,CENTER,CENTER,39.0,46.3,20.14,0.858,17.28,1500,34,0.0,0.0
2026-09-10 16:07:58,1400266,-0.882879,-0.4696,261.07,31.461,261.07,31.461,4095,4095,4095,4095,0,0,0.0,0.0,54612.5,HIGH,CENTER,CENTER,39.0,46.3,22.92,1.024,23.47,1500,34,0.0,0.0
2026-09-10 16:07:58,1400949,-0.882879,-0.4696,261.072,31.459,261.072,31.459,4095,4095,4095,4095,0,0,0.0,0.0,54612.5,HIGH,CENTER,CENTER,39.0,46.3,20.06,0.848,17.01,1500,34,0.0,0.0
2026-09-10 16:07:59,1401637,-0.882913,-0.469536,261.073,31.456,261.073,31.456,4095,4095,4095,4095,0,0,0.0,0.0,54612.5,HIGH,CENTER,CENTER,39.0,46.7,23.94,1.169,27.99,1500,34,0.0,0.0
2026-09-10 16:08:00,1402321,-0.882948,-0.469472,261.075,31.454,261.075,31.454,4074,4095,4095,4095,0,-21,0.0,-0.002571,54612.5,HIGH,CENTER,CENTER,39.0,46.7,21.53,0.914,19.68,1500,34,0.0,-0.077
2026-09-10 16:08:01,1403004,-0.882982,-0.469407,261.076,31.451,261.076,31.451,4095,4095,4095,4095,0,0,0.0,0.0,54612.5,HIGH,CENTER,CENTER,39.0,46.7,20.2,1.125,22.72,1500,34,0.0,0.0
2026-09-10 16:08:01,1403692,-0.882982,-0.469407,261.077,31.448,261.077,31.448,4095,4095,4095,4095,0,0,0.0,0.0,54612.5,HIGH,CENTER,CENTER,38.9,47.0,22.94,0.717,16.45,1500,34,0.0,0.0
2026-09-10 16:08:02,1404376,-0.883016,-0.469343,261.079,31.446,261.079,31.446,4095,4095,4095,4095,0,0,0.0,0.0,54612.5,HIGH,CENTER,CENTER,38.9,47.0,21.99,0.317,6.97,1500,34,0.0,0.0
2026-09-10 16:08:03,1405059,-0.88305,-0.469279,261.08,31.443,261.08,31.443,4095,4095,4095,4095,0,0,0.0,0.0,54612.5,HIGH,CENTER,CENTER,38.9,47.0,24.87,0.728,18.11,1500,34,0.0,0.0
2026-09-10 16:08:03,1405747,-0.88305,-0.469279,261.081,31.441,261.081,31.441,4095,4095,4095,4095,0,0,0.0,0.0,54612.5,HIGH,CENTER,CENTER,38.9,46.9,22.72,0.327,7.43,1500,34,0.0,0.0
2026-09-10 16:08:04,1406431,-0.883084,-0.469215,261.083,31.438,261.083,31.438,4095,4095,4095,4095,0,0,0.0,0.0,54612.5,HIGH,CENTER,CENTER,38.9,46.9,21.38,0.792,16.93,1500,34,0.0,0.0
2026-09-10 16:08:05,1407114,-0.883118,-0.46915,261.084,31.436,261.084,31.436,4095,4095,4095,4095,0,0,0.0,0.0,54612.5,HIGH,CENTER,CENTER,38.9,46.9,23.55,0.682,16.06,1500,34,0.0,0.0
2026-09-10 16:08:05,1407802,-0.883118,-0.46915,261.086,31.433,261.086,31.433,4095,4095,4095,4095,0,0,0.0,0.0,54612.5,HIGH,CENTER,CENTER,38.8,46.9,21.36,0.823,17.58,1500,34,0.0,0.0
2026-09-10 16:08:06,1408486,-0.883152,-0.469086,261.087,31.43,261.087,31.43,4095,4095,4095,4095,0,0,0.0,0.0,54612.5,HIGH,CENTER,CENTER,38.8,46.9,24.52,0.21,5.15,1500,34,0.0,0.0
2026-09-10 16:08:07,1409169,-0.883186,-0.469022,261.088,31.428,261.088,31.428,4095,4095,4095,4095,0,0,0.0,0.0,54612.5,HIGH,CENTER,CENTER,38.8,46.9,21.87,0.395,8.64,1500,34,0.0,0.0
2026-09-10 16:08:07,1409857,-0.883186,-0.469022,261.09,31.425,261.09,31.425,4095,4095,4095,4095,0,0,0.0,0.0,54612.5,HIGH,CENTER,CENTER,38.8,47.3,22.75,0.691,15.72,1500,34,0.0,0.0
2026-09-10 16:08:08,1410541,-0.883221,-0.468958,261.091,31.423,261.091,31.423,4065,4095,4095,4095,0,-30,0.0,-0.003676,54612.5,HIGH,CENTER,CENTER,38.8,47.3,20.25,1.151,23.31,1500,34,0.0,-0.11
2026-09-10 16:08:09,1411224,-0.883255,-0.468894,261.092,31.42,261.092,31.42,4093,4095,4095,4095,0,-2,0.0,-0.000244,54612.5,HIGH,CENTER,CENTER,38.8,47.3,22.13,0.584,12.92,1500,34,0.0,-0.007
2026-09-10 16:08:09,1411912,-0.883255,-0.468894,261.094,31.417,261.094,31.417,4095,4095,4095,4095,0,0,0.0,0.0,54612.5,HIGH,CENTER,CENTER,38.7,47.4,24.16,0.624,15.08,1500,34,0.0,0.0
2026-09-10 16:08:10,1412596,-0.883289,-0.468829,261.095,31.415,261.095,31.415,4095,4095,4095,4095,0,0,0.0,0.0,54612.5,HIGH,CENTER,CENTER,38.7,47.4,24.03,0.915,21.99,1500,34,0.0,0.0
2026-09-10 16:08:11,1413279,-0.883323,-0.468765,261.097,31.412,261.097,31.412,4095,4095,4095,4095,0,0,0.0,0.0,54612.5,HIGH,CENTER,CENTER,38.7,47.4,21.12,0.804,16.98,1500,34,0.0,0.0
2026-09-10 16:08:12,1413967,-0.883357,-0.468701,261.098,31.41,261.098,31.41,4095,4095,4095,4095,0,0,0.0,0.0,54612.5,HIGH,CENTER,CENTER,38.7,47.5,21.13,0.499,10.54,1500,34,0.0,0.0
2026-09-10 16:08:12,1414651,-0.883357,-0.468701,261.099,31.407,261.099,31.407,4095,4095,4095,4095,0,0,0.0,0.0,54612.5,HIGH,CENTER,CENTER,38.7,47.5,24.09,0.611,14.72,1500,34,0.0,0.0
2026-09-10 16:08:13,1415334,-0.883391,-0.468637,261.101,31.404,261.101,31.404,4095,4095,4095,4095,0,0,0.0,0.0,54612.5,HIGH,CENTER,CENTER,38.7,47.5,24.65,0.418,10.3,1500,34,0.0,0.0
2026-09-10 16:08:14,1416022,-0.883425,-0.468572,261.102,31.402,261.102,31.402,4095,4095,4095,4095,0,0,0.0,0.0,54612.5,HIGH,CENTER,CENTER,38.7,47.7,20.48,1.166,23.88,1500,34,0.0,0.0
2026-09-10 16:08:14,1416706,-0.883425,-0.468572,261.103,31.399,261.103,31.399,4095,4095,4095,4095,0,0,0.0,0.0,54612.5,HIGH,CENTER,CENTER,38.7,47.7,22.25,0.331,7.36,1500,34,0.0,0.0
2026-09-10 16:08:15,1417389,-0.883459,-0.468508,261.105,31.397,261.105,31.397,4095,4095,4095,4095,0,0,0.0,0.0,54612.5,HIGH,CENTER,CENTER,38.7,47.7,21.69,0.572,12.41,1500,34,0.0,0.0
2026-09-10 16:08:16,1418077,-0.883493,-0.468444,261.106,31.394,261.106,31.394,4095,4095,4095,4095,0,0,0.0,0.0,54612.5,HIGH,CENTER,CENTER,38.7,47.5,24.35,0.226,5.5,1500,34,0.0,0.0
2026-09-10 16:08:16,1418761,-0.883493,-0.468444,261.108,31.391,261.108,31.391,4095,4095,4095,4095,0,0,0.0,0.0,54612.5,HIGH,CENTER,CENTER,38.7,47.5,20.42,0.422,8.62,1500,34,0.0,0.0
2026-09-10 16:08:17,1419444,-0.883527,-0.46838,261.109,31.389,261.109,31.389,4095,4095,4095,4095,0,0,0.0,0.0,54612.5,HIGH,CENTER,CENTER,38.7,47.5,21.06,0.98,20.64,1500,34,0.0,0.0
2026-09-10 16:08:18,1420132,-0.883561,-0.468315,261.11,31.386,261.11,31.386,4095,4095,4095,4095,0,0,0.0,0.0,54612.5,HIGH,CENTER,CENTER,38.7,47.6,23.76,0.401,9.53,1500,34,0.0,0.0
2026-09-10 16:08:18,1420816,-0.883561,-0.468315,261.112,31.384,261.112,31.384,4095,4095,4095,4095,0,0,0.0,0.0,54612.5,HIGH,CENTER,CENTER,38.7,47.6,20.26,0.28,5.67,1500,34,0.0,0.0
2026-09-10 16:08:19,1421499,-0.883595,-0.468251,261.113,31.381,261.113,31.381,4095,4095,4095,4095,0,0,0.0,0.0,54612.5,HIGH,CENTER,CENTER,38.7,47.6,22.46,0.674,15.14,1500,34,0.0,0.0
2026-09-10 16:08:20,1422187,-0.883629,-0.468187,261.114,31.378,261.114,31.378,4095,4095,4095,4095,0,0,0.0,0.0,54612.5,HIGH,CENTER,CENTER,38.7,47.6,22.21,0.21,4.66,1500,34,0.0,0.0
2026-09-10 16:08:20,1422871,-0.883629,-0.468187,261.116,31.376,261.116,31.376,4095,4095,4095,4095,0,0,0.0,0.0,54612.5,HIGH,CENTER,CENTER,38.7,47.6,21.67,0.285,6.18,1500,34,0.0,0.0
2026-09-10 16:08:21,1423554,-0.883664,-0.468123,261.117,31.373,261.117,31.373,4095,4095,4095,4095,0,0,0.0,0.0,54612.5,HIGH,CENTER,CENTER,38.7,47.6,21.97,1.008,22.15,1500,34,0.0,0.0
2026-09-10 16:08:22,1424242,-0.883698,-0.468058,261.119,31.371,261.119,31.371,4095,4095,4095,4095,0,0,0.0,0.0,54612.5,HIGH,CENTER,CENTER,38.7,47.8,22.65,0.971,21.99,1500,34,0.0,0.0
2026-09-10 16:08:22,1424926,-0.883698,-0.468058,261.12,31.368,261.12,31.368,4095,4095,4095,4095,0,0,0.0,0.0,54612.5,HIGH,CENTER,CENTER,38.7,47.8,20.81,1.115,23.2,1500,34,0.0,0.0
2026-09-10 16:08:23,1425609,-0.883732,-0.467994,261.121,31.366,261.121,31.366,4095,4095,4095,4095,0,0,0.0,0.0,54612.5,HIGH,CENTER,CENTER,38.7,47.8,22.86,1.055,24.12,1500,34,0.0,0.0
2026-09-10 16:08:24,1426297,-0.883766,-0.46793,261.123,31.363,261.123,31.363,4095,4095,4095,4095,0,0,0.0,0.0,54612.5,HIGH,CENTER,CENTER,38.7,47.9,24.03,0.883,21.22,1500,34,0.0,0.0
2026-09-10 16:08:25,1426981,-0.8838,-0.467866,261.124,31.36,261.124,31.36,4095,4095,4095,4095,0,0,0.0,0.0,54612.5,HIGH,CENTER,CENTER,38.7,47.9,23.8,0.252,6.0,1500,34,0.0,0.0
2026-09-10 16:08:25,1427664,-0.8838,-0.467866,261.125,31.358,261.125,31.358,4095,4095,4095,4095,0,0,0.0,0.0,54612.5,HIGH,CENTER,CENTER,38.7,47.9,20.77,0.983,20.42,1500,34,0.0,0.0
2026-09-10 16:08:26,1428352,-0.883834,-0.467801,261.127,31.355,261.127,31.355,4095,4095,4095,4095,0,0,0.0,0.0,54612.5,HIGH,CENTER,CENTER,38.7,48.0,20.75,1.046,21.7,1500,34,0.0,0.0
2026-09-10 16:08:27,1429035,-0.883868,-0.467737,261.128,31.353,261.128,31.353,4095,4095,4095,4095,0,0,0.0,0.0,54612.5,HIGH,CENTER,CENTER,38.7,48.0,21.34,0.999,21.32,1500,34,0.0,0.0
2026-09-10 16:08:27,1429718,-0.883868,-0.467737,261.129,31.35,261.129,31.35,4095,4095,4095,4095,0,0,0.0,0.0,54612.5,HIGH,CENTER,CENTER,38.7,48.0,21.81,0.708,15.44,1500,34,0.0,0.0
2026-09-10 16:08:28,1430406,-0.883902,-0.467673,261.131,31.347,261.131,31.347,4095,4095,4095,4095,0,0,0.0,0.0,54612.5,HIGH,CENTER,CENTER,38.7,48.2,22.04,0.433,9.54,1500,34,0.0,0.0
2026-09-10 16:08:29,1431090,-0.883936,-0.467608,261.132,31.345,261.132,31.345,4086,4095,4095,4095,0,-9,0.0,-0.0011,54612.5,HIGH,CENTER,CENTER,38.7,48.2,23.4,1.045,24.45,1500,34,0.0,-0.033
2026-09-10 16:08:29,1431773,-0.883936,-0.467608,261.134,31.342,261.134,31.342,4095,4095,4095,4095,0,0,0.0,0.0,54612.5,HIGH,CENTER,CENTER,38.7,48.2,20.28,0.927,18.8,1500,34,0.0,0.0
2026-09-10 16:08:30,1432461,-0.88397,-0.467544,261.135,31.34,261.135,31.34,4095,4095,4095,4095,0,0,0.0,0.0,54612.5,HIGH,CENTER,CENTER,38.7,48.4,20.17,1.181,23.82,1500,34,0.0,0.0
2026-09-10 16:08:31,1433145,-0.884004,-0.46748,261.136,31.337,261.136,31.337,4095,4095,4095,4095,0,0,0.0,0.0,54612.5,HIGH,CENTER,CENTER,38.7,48.4,21.96,0.356,7.82,1500,34,0.0,0.0
2026-09-10 16:08:31,1433828,-0.884004,-0.46748,261.138,31.334,261.138,31.334,4095,4095,4095,4095,0,0,0.0,0.0,54612.5,HIGH,CENTER,CENTER,38.7,48.4,23.49,0.426,10.01,1500,34,0.0,0.0
2026-09-10 16:08:32,1434516,-0.884038,-0.467416,261.139,31.332,261.139,31.332,4095,4095,4095,4095,0,0,0.0,0.0,54612.5,HIGH,CENTER,CENTER,38.7,48.2,20.97,0.412,8.64,1500,34,0.0,0.0
2026-09-10 16:08:33,1435200,-0.884072,-0.467351,261.14,31.329,261.14,31.329,4095,4095,4095,4095,0,0,0.0,0.0,54612.5,HIGH,CENTER,CENTER,38.7,48.2,23.21,0.993,23.05,1500,34,0.0,0.0
2026-09-10 16:08:33,1435883,-0.884072,-0.467351,261.142,31.327,261.142,31.327,4095,4095,4095,4095,0,0,0.0,0.0,54612.5,HIGH,CENTER,CENTER,38.7,48.2,21.3,0.387,8.24,1500,34,0.0,0.0
2026-09-10 16:08:34,1436571,-0.884106,-0.467287,261.143,31.324,261.143,31.324,4095,4095,4095,4095,0,0,0.0,0.0,54612.5,HIGH,CENTER,CENTER,38.7,48.1,24.43,0.267,6.52,1500,34,0.0,0.0
2026-09-10 16:08:35,1437255,-0.88414,-0.467223,261.145,31.321,261.145,31.321,4095,4095,4095,4095,0,0,0.0,0.0,54612.5,HIGH,CENTER,CENTER,38.7,48.1,24.48,1.199,29.35,1500,34,0.0,0.0
2026-09-10 16:08:35,1437938,-0.88414,-0.467223,261.146,31.319,261.146,31.319,4095,4095,4095,4095,0,0,0.0,0.0,54612.5,HIGH,CENTER,CENTER,38.7,48.1,21.49,0.225,4.84,1500,34,0.0,0.0
2026-09-10 16:08:36,1438626,-0.884174,-0.467158,261.147,31.316,261.147,31.316,4095,4095,4095,4095,0,0,0.0,0.0,54612.5,HIGH,CENTER,CENTER,38.8,48.3,21.15,1.035,21.89,1500,34,0.0,0.0
2026-09-10 16:08:37,1439310,-0.884208,-0.467094,261.149,31.314,261.149,31.314,4095,4095,4095,4095,0,0,0.0,0.0,54612.5,HIGH,CENTER,CENTER,38.8,48.3,22.06,0.565,12.46,1500,34,0.0,0.0
2026-09-10 16:08:38,1439993,-0.884242,-0.46703,261.15,31.311,261.15,31.311,4095,4095,4095,4095,0,0,0.0,0.0,54612.5,HIGH,CENTER,CENTER,38.8,48.3,21.2,1.042,22.09,1500,34,0.0,0.0
2026-09-10 16:08:38,1440681,-0.884242,-0.46703,261.151,31.308,261.151,31.308,4095,4095,4095,4095,0,0,0.0,0.0,54612.5,HIGH,CENTER,CENTER,38.7,48.2,23.36,0.755,17.64,1500,34,0.0,0.0
2026-09-10 16:08:39,1441365,-0.884276,-0.466965,261.153,31.306,261.153,31.306,4095,4095,4095,4095,0,0,0.0,0.0,54612.5,HIGH,CENTER,CENTER,38.7,48.2,24.13,1.102,26.59,1500,34,0.0,0.0
2026-09-10 16:08:40,1442048,-0.884309,-0.466901,261.154,31.303,261.154,31.303,4095,4095,4095,4095,0,0,0.0,0.0,54612.5,HIGH,CENTER,CENTER,38.7,48.2,23.37,1.126,26.31,1500,34,0.0,0.0
2026-09-10 16:08:40,1442736,-0.884309,-0.466901,261.155,31.301,261.155,31.301,4095,4095,4095,4095,0,0,0.0,0.0,54612.5,HIGH,CENTER,CENTER,38.6,47.9,24.12,0.209,5.04,1500,34,0.0,0.0
2026-09-10 16:08:41,1443420,-0.884343,-0.466837,261.157,31.298,261.157,31.298,4095,4095,4095,4095,0,0,0.0,0.0,54612.5,HIGH,CENTER,CENTER,38.6,47.9,21.98,0.275,6.04,1500,34,0.0,0.0
2026-09-10 16:08:42,1444103,-0.884377,-0.466773,261.158,31.296,261.158,31.296,4095,4095,4095,4095,0,0,0.0,0.0,54612.5,HIGH,CENTER,CENTER,38.6,47.9,20.78,0.45,9.35,1500,34,0.0,0.0
2026-09-10 16:08:42,1444791,-0.884377,-0.466773,261.16,31.293,261.16,31.293,4095,4095,4095,4095,0,0,0.0,0.0,54612.5,HIGH,CENTER,CENTER,38.6,47.6,23.69,0.869,20.59,1500,34,0.0,0.0
2026-09-10 16:08:43,1445474,-0.884411,-0.466708,261.161,31.29,261.161,31.29,4095,4095,4095,4095,0,0,0.0,0.0,54612.5,HIGH,CENTER,CENTER,38.6,47.6,21.8,1.088,23.72,1500,34,0.0,0.0
2026-09-10 16:08:44,1446157,-0.884445,-0.466644,261.162,31.288,261.162,31.288,4095,4095,4095,4095,0,0,0.0,0.0,54612.5,HIGH,CENTER,CENTER,38.6,47.6,23.36,0.66,15.42,1500,34,0.0,0.0
2026-09-10 16:08:44,1446845,-0.884445,-0.466644,261.164,31.285,261.164,31.285,4095,4095,4095,4095,0,0,0.0,0.0,54612.5,HIGH,CENTER,CENTER,38.6,47.5,21.35,0.807,17.23,1500,34,0.0,0.0
2026-09-10 16:08:45,1447529,-0.884479,-0.46658,261.165,31.283,261.165,31.283,4095,4095,4095,4095,0,0,0.0,0.0,54612.5,HIGH,CENTER,CENTER,38.6,47.5,20.41,0.388,7.92,1500,34,0.0,0.0
2026-09-10 16:08:46,1448212,-0.884513,-0.466515,261.166,31.28,261.166,31.28,4080,4095,4095,4095,0,-15,0.0,-0.001835,54612.5,HIGH,CENTER,CENTER,38.6,47.5,24.96,1.005,25.08,1500,34,0.0,-0.055
2026-09-10 16:08:46,1448900,-0.884513,-0.466515,261.168,31.277,261.168,31.277,4095,4095,4095,4095,0,0,0.0,0.0,54612.5,HIGH,CENTER,CENTER,38.6,47.2,20.78,1.167,24.25,1500,34,0.0,0.0
2026-09-10 16:08:47,1449583,-0.884547,-0.466451,261.169,31.275,261.169,31.275,4095,4095,4095,4095,0,0,0.0,0.0,54612.5,HIGH,CENTER,CENTER,38.6,47.2,24.94,0.469,11.7,1500,34,0.0,0.0
2026-09-10 16:08:48,1450266,-0.884581,-0.466387,261.171,31.272,261.171,31.272,4094,4095,4095,4095,0,-1,0.0,-0.000122,54612.5,HIGH,CENTER,CENTER,38.6,47.2,24.89,0.695,17.3,1500,34,0.0,-0.004
2026-09-10 16:08:48,1450954,-0.884581,-0.466387,261.172,31.27,261.172,31.27,4079,4095,4095,4095,0,-16,0.0,-0.001957,54612.5,HIGH,CENTER,CENTER,38.6,47.1,23.97,0.286,6.86,1500,34,0.0,-0.059
2026-09-10 16:08:49,1451638,-0.884615,-0.466322,261.173,31.267,261.173,31.267,4095,4095,4095,4095,0,0,0.0,0.0,54612.5,HIGH,CENTER,CENTER,38.6,47.1,23.3,0.759,17.68,1500,34,0.0,0.0
2026-09-10 16:08:50,1452321,-0.884649,-0.466258,261.175,31.264,261.175,31.264,4095,4095,4095,4095,0,0,0.0,0.0,54612.5,HIGH,CENTER,CENTER,38.6,47.1,22.89,0.703,16.09,1500,34,0.0,0.0
2026-09-10 16:08:51,1453009,-0.884683,-0.466194,261.176,31.262,261.176,31.262,4095,4095,4095,4095,0,0,0.0,0.0,54612.5,HIGH,CENTER,CENTER,38.6,46.9,24.33,0.344,8.37,1500,34,0.0,0.0
2026-09-10 16:08:51,1453693,-0.884683,-0.466194,261.177,31.259,261.177,31.259,4095,4095,4095,4095,0,0,0.0,0.0,54612.5,HIGH,CENTER,CENTER,38.6,46.9,21.45,0.642,13.77,1500,34,0.0,0.0
2026-09-10 16:08:52,1454376,-0.884717,-0.466129,261.179,31.257,261.179,31.257,4095,4095,4095,4095,0,0,0.0,0.0,54612.5,HIGH,CENTER,CENTER,38.6,46.9,22.34,0.534,11.93,1500,34,0.0,0.0
2026-09-10 16:08:53,1455064,-0.88475,-0.466065,261.18,31.254,261.18,31.254,4095,4095,4095,4095,0,0,0.0,0.0,54612.5,HIGH,CENTER,CENTER,38.7,46.9,23.1,0.722,16.68,1500,34,0.0,0.0
2026-09-10 16:08:53,1455748,-0.88475,-0.466065,261.181,31.251,261.181,31.251,4095,4095,4095,4095,0,0,0.0,0.0,54612.5,HIGH,CENTER,CENTER,38.7,46.9,22.06,0.786,17.34,1500,34,0.0,0.0
2026-09-10 16:08:54,1456431,-0.884784,-0.466001,261.183,31.249,261.183,31.249,4095,4095,4095,4095,0,0,0.0,0.0,54612.5,HIGH,CENTER,CENTER,38.7,46.9,22.14,0.208,4.61,1500,34,0.0,0.0
2026-09-10 16:08:55,1457119,-0.884818,-0.465936,261.184,31.246,261.184,31.246,4095,4095,4095,4095,0,0,0.0,0.0,54612.5,HIGH,CENTER,CENTER,38.7,46.7,21.65,0.961,20.81,1500,34,0.0,0.0
2026-09-10 16:08:55,1457803,-0.884818,-0.465936,261.186,31.244,261.186,31.244,4095,4095,4095,4095,0,0,0.0,0.0,54612.5,HIGH,CENTER,CENTER,38.7,46.7,22.82,0.913,20.83,1500,34,0.0,0.0
2026-09-10 16:08:56,1458486,-0.884852,-0.465872,261.187,31.241,261.187,31.241,4095,4095,4095,4095,0,0,0.0,0.0,54612.5,HIGH,CENTER,CENTER,38.7,46.7,24.25,0.566,13.73,1500,34,0.0,0.0
2026-09-10 16:08:57,1459174,-0.884886,-0.465808,261.188,31.238,261.188,31.238,4095,4095,4095,4095,0,0,0.0,0.0,54612.5,HIGH,CENTER,CENTER,38.6,46.5,21.01,0.253,5.32,1500,34,0.0,0.0
2026-09-10 16:08:57,1459857,-0.884886,-0.465808,261.19,31.236,261.19,31.236,4095,4095,4095,4095,0,0,0.0,0.0,54612.5,HIGH,CENTER,CENTER,38.6,46.5,24.67,0.955,23.56,1500,34,0.0,0.0
2026-09-10 16:08:58,1460540,-0.88492,-0.465743,261.191,31.233,261.191,31.233,4095,4095,4095,4095,0,0,0.0,0.0,54612.5,HIGH,CENTER,CENTER,38.6,46.5,23.45,1.155,27.08,1500,34,0.0,0.0
2026-09-10 16:08:59,1461228,-0.884954,-0.465679,261.192,31.231,261.192,31.231,4095,4095,4095,4095,0,0,0.0,0.0,54612.5,HIGH,CENTER,CENTER,38.7,46.3,24.12,0.44,10.61,1500,34,0.0,0.0
2026-09-10 16:08:59,1461912,-0.884954,-0.465679,261.194,31.228,261.194,31.228,4095,4095,4095,4095,0,0,0.0,0.0,54612.5,HIGH,CENTER,CENTER,38.7,46.3,22.78,0.524,11.94,1500,34,0.0,0.0
2026-09-10 16:09:00,1462595,-0.884988,-0.465615,261.195,31.226,261.195,31.226,4095,4095,4095,4095,0,0,0.0,0.0,54612.5,HIGH,CENTER,CENTER,38.7,46.3,23.9,0.384,9.18,1500,34,0.0,0.0
2026-09-10 16:09:01,1463283,-0.885021,-0.46555,261.197,31.223,261.197,31.223,4086,4095,4095,4095,0,-9,0.0,-0.0011,54612.5,HIGH,CENTER,CENTER,38.7,46.5,20.08,0.777,15.6,1500,34,0.0,-0.033
2026-09-10 16:09:02,1463967,-0.885055,-0.465486,261.198,31.22,261.198,31.22,4095,4095,4095,4095,0,0,0.0,0.0,54612.5,HIGH,CENTER,CENTER,38.7,46.5,24.09,0.355,8.55,1500,34,0.0,0.0
2026-09-10 16:09:02,1464650,-0.885055,-0.465486,261.199,31.218,261.199,31.218,4095,4095,4095,4095,0,0,0.0,0.0,54612.5,HIGH,CENTER,CENTER,38.7,46.5,20.2,0.556,11.23,1500,34,0.0,0.0
2026-09-10 16:09:03,1465338,-0.885089,-0.465421,261.201,31.215,261.201,31.215,4095,4095,4095,4095,0,0,0.0,0.0,54612.5,HIGH,CENTER,CENTER,38.7,46.7,24.45,0.897,21.93,1500,34,0.0,0.0
2026-09-10 16:09:04,1466022,-0.885123,-0.465357,261.202,31.213,261.202,31.213,4095,4095,4095,4095,0,0,0.0,0.0,54612.5,HIGH,CENTER,CENTER,38.7,46.7,24.96,0.76,18.97,1500,34,0.0,0.0
2026-09-10 16:09:04,1466705,-0.885123,-0.465357,261.203,31.21,261.203,31.21,4095,4095,4095,4095,0,0,0.0,0.0,54612.5,HIGH,CENTER,CENTER,38.7,46.7,21.47,0.586,12.58,1500,34,0.0,0.0
2026-09-10 16:09:05,1467393,-0.885157,-0.465293,261.205,31.207,261.205,31.207,4095,4095,4095,4095,0,0,0.0,0.0,54612.5,HIGH,CENTER,CENTER,38.6,46.8,21.05,0.62,13.05,1500,34,0.0,0.0
2026-09-10 16:09:06,1468076,-0.885191,-0.465228,261.206,31.205,261.206,31.205,4095,4095,4095,4095,0,0,0.0,0.0,54612.5,HIGH,CENTER,CENTER,38.6,46.8,23.83,0.762,18.16,1500,34,0.0,0.0
2026-09-10 16:09:06,1468759,-0.885191,-0.465228,261.207,31.202,261.207,31.202,4095,4095,4095,4095,0,0,0.0,0.0,54612.5,HIGH,CENTER,CENTER,38.6,46.8,21.27,0.206,4.38,1500,34,0.0,0.0
2026-09-10 16:09:07,1469447,-0.885225,-0.465164,261.209,31.2,261.209,31.2,4095,4095,4095,4095,0,0,0.0,0.0,54612.5,HIGH,CENTER,CENTER,38.6,46.8,24.33,0.279,6.79,1500,34,0.0,0.0
2026-09-10 16:09:08,1470130,-0.885258,-0.4651,261.21,31.197,261.21,31.197,4095,4095,4095,4095,0,0,0.0,0.0,54612.5,HIGH,CENTER,CENTER,38.6,46.8,20.51,1.081,22.17,1500,34,0.0,0.0
2026-09-10 16:09:08,1470813,-0.885258,-0.4651,261.212,31.194,261.212,31.194,4095,4095,4095,4095,0,0,0.0,0.0,54612.5,HIGH,CENTER,CENTER,38.6,46.8,20.63,0.278,5.74,1500,34,0.0,0.0
2026-09-10 16:09:09,1471501,-0.885292,-0.465035,261.213,31.192,261.213,31.192,4095,4095,4095,4095,0,0,0.0,0.0,54612.5,HIGH,CENTER,CENTER,38.6,46.8,24.9,0.907,22.58,1500,34,0.0,0.0
2026-09-10 16:09:10,1472184,-0.885326,-0.464971,261.214,31.189,261.214,31.189,4095,4095,4095,4095,0,0,0.0,0.0,54612.5,HIGH,CENTER,CENTER,38.6,46.8,23.37,1.12,26.17,1500,34,0.0,0.0
2026-09-10 16:09:10,1472867,-0.885326,-0.464971,261.216,31.187,261.216,31.187,4095,4095,4095,4095,0,0,0.0,0.0,54612.5,HIGH,CENTER,CENTER,38.6,46.8,24.23,0.471,11.41,1500,34,0.0,0.0
2026-09-10 16:09:11,1473555,-0.88536,-0.464906,261.217,31.184,261.217,31.184,4095,4095,4095,4095,0,0,0.0,0.0,54612.5,HIGH,CENTER,CENTER,38.6,46.7,21.62,0.57,12.32,1500,34,0.0,0.0
2026-09-10 16:09:12,1474239,-0.885394,-0.464842,261.218,31.181,261.218,31.181,4095,4095,4095,4095,0,0,0.0,0.0,54612.5,HIGH,CENTER,CENTER,38.6,46.7,23.38,0.769,17.98,1500,34,0.0,0.0
2026-09-10 16:09:12,1474922,-0.885394,-0.464842,261.22,31.179,261.22,31.179,4095,4095,4095,4095,0,0,0.0,0.0,54612.5,HIGH,CENTER,CENTER,38.6,46.7,22.97,1.082,24.85,1500,34,0.0,0.0
2026-09-10 16:09:13,1475610,-0.885427,-0.464778,261.221,31.176,261.221,31.176,4095,4095,4095,4095,0,0,0.0,0.0,54612.5,HIGH,CENTER,CENTER,38.6,46.7,23.02,1.142,26.29,1500,34,0.0,0.0
2026-09-10 16:09:14,1476294,-0.885461,-0.464713,261.222,31.174,261.222,31.174,4095,4095,4095,4095,0,0,0.0,0.0,54612.5,HIGH,CENTER,CENTER,38.6,46.7,23.41,0.94,22.01,1500,34,0.0,0.0
2026-09-10 16:09:15,1476977,-0.885495,-0.464649,261.224,31.171,261.224,31.171,4095,4095,4095,4095,0,0,0.0,0.0,54612.5,HIGH,CENTER,CENTER,38.6,46.7,22.88,0.287,6.57,1500,34,0.0,0.0
2026-09-10 16:09:15,1477665,-0.885495,-0.464649,261.225,31.168,261.225,31.168,4095,4095,4095,4095,0,0,0.0,0.0,54612.5,HIGH,CENTER,CENTER,38.6,46.9,22.15,0.869,19.25,1500,34,0.0,0.0
2026-09-10 16:09:16,1478349,-0.885529,-0.464584,261.227,31.166,261.227,31.166,4095,4095,4095,4095,0,0,0.0,0.0,54612.5,HIGH,CENTER,CENTER,38.6,46.9,21.38,0.61,13.04,1500,34,0.0,0.0
2026-09-10 16:09:17,1479032,-0.885563,-0.46452,261.228,31.163,261.228,31.163,4095,4095,4095,4095,0,0,0.0,0.0,54612.5,HIGH,CENTER,CENTER,38.6,46.9,23.84,0.671,16.0,1500,34,0.0,0.0
2026-09-10 16:09:17,1479720,-0.885563,-0.46452,261.229,31.161,261.229,31.161,4095,4095,4095,4095,0,0,0.0,0.0,54612.5,HIGH,CENTER,CENTER,38.6,46.9,21.13,0.249,5.26,1500,34,0.0,0.0
2026-09-10 16:09:18,1480404,-0.885596,-0.464456,261.231,31.158,261.231,31.158,4095,4095,4095,4095,0,0,0.0,0.0,54612.5,HIGH,CENTER,CENTER,38.6,46.9,23.46,0.391,9.17,1500,34,0.0,0.0
2026-09-10 16:09:19,1481087,-0.88563,-0.464391,261.232,31.155,261.232,31.155,4095,4095,4095,4095,0,0,0.0,0.0,54612.5,HIGH,CENTER,CENTER,38.6,46.9,21.17,0.991,20.98,1500,34,0.0,0.0
2026-09-10 16:09:19,1481775,-0.88563,-0.464391,261.233,31.153,261.233,31.153,4095,4095,4095,4095,0,0,0.0,0.0,54612.5,HIGH,CENTER,CENTER,38.6,47.0,23.13,0.654,15.13,1500,34,0.0,0.0
2026-09-10 16:09:20,1482459,-0.885664,-0.464327,261.235,31.15,261.235,31.15,4095,4095,4095,4095,0,0,0.0,0.0,54612.5,HIGH,CENTER,CENTER,38.6,47.0,23.74,0.502,11.92,1500,34,0.0,0.0
2026-09-10 16:09:21,1483142,-0.885698,-0.464262,261.236,31.148,261.236,31.148,4095,4095,4095,4095,0,0,0.0,0.0,54612.5,HIGH,CENTER,CENTER,38.6,47.0,21.09,0.584,12.32,1500,34,0.0,0.0
2026-09-10 16:09:21,1483830,-0.885698,-0.464262,261.238,31.145,261.238,31.145,4095,4095,4095,4095,0,0,0.0,0.0,54612.5,HIGH,CENTER,CENTER,38.6,47.2,20.3,1.054,21.4,1500,34,0.0,0.0
2026-09-10 16:09:22,1484513,-0.885731,-0.464198,261.239,31.143,261.239,31.143,4095,4095,4095,4095,0,0,0.0,0.0,54612.5,HIGH,CENTER,CENTER,38.6,47.2,20.65,0.949,19.6,1500,34,0.0,0.0
2026-09-10 16:09:23,1485196,-0.885765,-0.464134,261.24,31.14,261.24,31.14,4095,4095,4095,4095,0,0,0.0,0.0,54612.5,HIGH,CENTER,CENTER,38.6,47.2,23.03,0.472,10.87,1500,34,0.0,0.0
2026-09-10 16:09:23,1485884,-0.885765,-0.464134,261.242,31.137,261.242,31.137,4095,4095,4095,4095,0,0,0.0,0.0,54612.5,HIGH,CENTER,CENTER,38.6,47.3,24.25,0.318,7.71,1500,34,0.0,0.0
2026-09-10 16:09:24,1486568,-0.885799,-0.464069,261.243,31.135,261.243,31.135,4095,4095,4095,4095,0,0,0.0,0.0,54612.5,HIGH,CENTER,CENTER,38.6,47.3,20.22,0.452,9.14,1500,34,0.0,0.0
2026-09-10 16:09:25,1487251,-0.885833,-0.464005,261.244,31.132,261.244,31.132,4095,4095,4095,4095,0,0,0.0,0.0,54612.5,HIGH,CENTER,CENTER,38.6,47.3,23.67,1.121,26.53,1500,34,0.0,0.0
2026-09-10 16:09:25,1487939,-0.885833,-0.464005,261.246,31.13,261.246,31.13,4095,4095,4095,4095,0,0,0.0,0.0,54612.5,HIGH,CENTER,CENTER,38.6,47.5,21.71,0.782,16.98,1500,34,0.0,0.0
2026-09-10 16:09:26,1488623,-0.885866,-0.46394,261.247,31.127,261.247,31.127,4095,4095,4095,4095,0,0,0.0,0.0,54612.5,HIGH,CENTER,CENTER,38.6,47.5,22.39,0.733,16.41,1500,34,0.0,0.0
2026-09-10 16:09:27,1489306,-0.8859,-0.463876,261.248,31.124,261.248,31.124,4095,4095,4095,4095,0,0,0.0,0.0,54612.5,HIGH,CENTER,CENTER,38.6,47.5,24.64,0.796,19.61,1500,34,0.0,0.0
2026-09-10 16:09:28,1489994,-0.885934,-0.463812,261.25,31.122,261.25,31.122,4095,4095,4095,4095,0,0,0.0,0.0,54612.5,HIGH,CENTER,CENTER,38.6,47.3,21.66,0.566,12.26,1500,34,0.0,0.0
2026-09-10 16:09:28,1490678,-0.885934,-0.463812,261.251,31.119,261.251,31.119,4095,4095,4095,4095,0,0,0.0,0.0,54612.5,HIGH,CENTER,CENTER,38.6,47.3,22.33,1.007,22.49,1500,34,0.0,0.0
2026-09-10 16:09:29,1491361,-0.885968,-0.463747,261.253,31.117,261.253,31.117,4095,4095,4095,4095,0,0,0.0,0.0,54612.5,HIGH,CENTER,CENTER,38.6,47.3,20.07,0.723,14.51,1500,34,0.0,0.0
2026-09-10 16:09:30,1492049,-0.886001,-0.463683,261.254,31.114,261.254,31.114,4095,4095,4095,4095,0,0,0.0,0.0,54612.5,HIGH,CENTER,CENTER,38.6,47.2,20.41,0.317,6.47,1500,34,0.0,0.0
2026-09-10 16:09:30,1492732,-0.886001,-0.463683,261.255,31.111,261.255,31.111,4095,4095,4095,4095,0,0,0.0,0.0,54612.5,HIGH,CENTER,CENTER,38.6,47.2,21.29,0.329,7.0,1500,34,0.0,0.0
2026-09-10 16:09:31,1493415,-0.886035,-0.463618,261.257,31.109,261.257,31.109,4095,4095,4095,4095,0,0,0.0,0.0,54612.5,HIGH,CENTER,CENTER,38.6,47.2,20.14,0.737,14.84,1500,34,0.0,0.0
2026-09-10 16:09:32,1494103,-0.886069,-0.463554,261.258,31.106,261.258,31.106,4095,4095,4095,4095,0,0,0.0,0.0,54612.5,HIGH,CENTER,CENTER,38.6,47.0,23.16,1.137,26.33,1500,34,0.0,0.0
2026-09-10 16:09:32,1494787,-0.886069,-0.463554,261.259,31.104,261.259,31.104,4095,4095,4095,4095,0,0,0.0,0.0,54612.5,HIGH,CENTER,CENTER,38.6,47.0,22.13,0.508,11.24,1500,34,0.0,0.0
2026-09-10 16:09:33,1495470,-0.886102,-0.463489,261.261,31.101,261.261,31.101,4079,4095,4095,4095,0,-16,0.0,-0.001957,54612.5,HIGH,CENTER,CENTER,38.6,47.0,22.74,1.07,24.33,1500,34,0.0,-0.059
2026-09-10 16:09:34,1496158,-0.886136,-0.463425,261.262,31.098,261.262,31.098,4095,4095,4095,4095,0,0,0.0,0.0,54612.5,HIGH,CENTER,CENTER,38.6,47.1,20.87,0.964,20.12,1500,34,0.0,0.0
2026-09-10 16:09:34,1496842,-0.886136,-0.463425,261.263,31.096,261.263,31.096,4095,4095,4095,4095,0,0,0.0,0.0,54612.5,HIGH,CENTER,CENTER,38.6,47.1,21.48,0.448,9.62,1500,34,0.0,0.0
2026-09-10 16:09:35,1497525,-0.88617,-0.46336,261.265,31.093,261.265,31.093,4095,4095,4095,4095,0,0,0.0,0.0,54612.5,HIGH,CENTER,CENTER,38.6,47.1,23.32,0.236,5.5,1500,34,0.0,0.0
2026-09-10 16:09:36,1498213,-0.886204,-0.463296,261.266,31.091,261.266,31.091,4095,4095,4095,4095,0,0,0.0,0.0,54612.5,HIGH,CENTER,CENTER,38.6,47.2,24.83,0.302,7.5,1500,34,0.0,0.0
2026-09-10 16:09:36,1498896,-0.886204,-0.463296,261.268,31.088,261.268,31.088,4095,4095,4095,4095,0,0,0.0,0.0,54612.5,HIGH,CENTER,CENTER,38.6,47.2,20.25,0.928,18.79,1500,34,0.0,0.0
2026-09-10 16:09:37,1499579,-0.886237,-0.463232,261.269,31.085,261.269,31.085,4095,4095,4095,4095,0,0,0.0,0.0,54612.5,HIGH,CENTER,CENTER,38.6,47.2,24.45,0.4,9.78,1500,34,0.0,0.0
2026-09-10 16:09:38,1500267,-0.886271,-0.463167,261.27,31.083,261.27,31.083,4095,4095,4095,4095,0,0,0.0,0.0,54612.5,HIGH,CENTER,CENTER,38.6,47.3,22.88,0.571,13.06,1500,34,0.0,0.0
2026-09-10 16:09:38,1500951,-0.886271,-0.463167,261.272,31.08,261.272,31.08,4077,4095,4095,4095,0,-18,0.0,-0.002203,54612.5,HIGH,CENTER,CENTER,38.6,47.3,22.82,0.702,16.02,1500,34,0.0,-0.066
2026-09-10 16:09:39,1501634,-0.886305,-0.463103,261.273,31.078,261.273,31.078,4095,4095,4095,4095,0,0,0.0,0.0,54612.5,HIGH,CENTER,CENTER,38.6,47.3,22.5,0.925,20.81,1500,34,0.0,0.0
2026-09-10 16:09:40,1502322,-0.886338,-0.463038,261.274,31.075,261.274,31.075,4095,4095,4095,4095,0,0,0.0,0.0,54612.5,HIGH,CENTER,CENTER,38.6,47.6,20.35,0.313,6.37,1500,34,0.0,0.0
2026-09-10 16:09:41,1503005,-0.886372,-0.462974,261.276,31.072,261.276,31.072,4095,4095,4095,4095,0,0,0.0,0.0,54612.5,HIGH,CENTER,CENTER,38.6,47.6,20.45,0.606,12.39,1500,34,0.0,0.0
2026-09-10 16:09:41,1503688,-0.886372,-0.462974,261.277,31.07,261.277,31.07,4095,4095,4095,4095,0,0,0.0,0.0,54612.5,HIGH,CENTER,CENTER,38.6,47.6,23.0,0.685,15.76,1500,34,0.0,0.0
2026-09-10 16:09:42,1504376,-0.886406,-0.462909,261.278,31.067,261.278,31.067,4095,4095,4095,4095,0,0,0.0,0.0,54612.5,HIGH,CENTER,CENTER,38.6,47.9,21.7,0.741,16.08,1500,34,0.0,0.0
2026-09-10 16:09:43,1505060,-0.886439,-0.462845,261.28,31.065,261.28,31.065,4095,4095,4095,4095,0,0,0.0,0.0,54612.5,HIGH,CENTER,CENTER,38.6,47.9,24.59,1.018,25.03,1500,34,0.0,0.0
2026-09-10 16:09:43,1505743,-0.886439,-0.462845,261.281,31.062,261.281,31.062,4095,4095,4095,4095,0,0,0.0,0.0,54612.5,HIGH,CENTER,CENTER,38.6,47.9,22.03,0.372,8.2,1500,34,0.0,0.0
2026-09-10 16:09:44,1506431,-0.886473,-0.46278,261.283,31.06,261.283,31.06,4095,4095,4095,4095,0,0,0.0,0.0,54612.5,HIGH,CENTER,CENTER,38.6,48.0,20.72,1.008,20.89,1500,34,0.0,0.0
2026-09-10 16:09:45,1507114,-0.886507,-0.462716,261.284,31.057,261.284,31.057,4095,4095,4095,4095,0,0,0.0,0.0,54612.5,HIGH,CENTER,CENTER,38.6,48.0,23.57,0.893,21.05,1500,34,0.0,0.0
2026-09-10 16:09:45,1507797,-0.886507,-0.462716,261.285,31.054,261.285,31.054,4095,4095,4095,4095,0,0,0.0,0.0,54612.5,HIGH,CENTER,CENTER,38.6,48.0,21.47,0.756,16.23,1500,34,0.0,0.0
2026-09-10 16:09:46,1508485,-0.88654,-0.462651,261.287,31.052,261.287,31.052,4095,4095,4095,4095,0,0,0.0,0.0,54612.5,HIGH,CENTER,CENTER,38.6,47.8,22.63,0.9,20.37,1500,34,0.0,0.0
2026-09-10 16:09:47,1509169,-0.886574,-0.462587,261.288,31.049,261.288,31.049,4095,4095,4095,4095,0,0,0.0,0.0,54612.5,HIGH,CENTER,CENTER,38.6,47.8,23.49,0.612,14.38,1500,34,0.0,0.0
2026-09-10 16:09:47,1509852,-0.886574,-0.462587,261.289,31.047,261.289,31.047,4095,4095,4095,4095,0,0,0.0,0.0,54612.5,HIGH,CENTER,CENTER,38.6,47.8,24.5,0.338,8.28,1500,34,0.0,0.0
2026-09-10 16:09:48,1510540,-0.886608,-0.462523,261.291,31.044,261.291,31.044,4095,4095,4095,4095,0,0,0.0,0.0,54612.5,HIGH,CENTER,CENTER,38.6,47.7,23.96,0.866,20.75,1500,34,0.0,0.0
2026-09-10 16:09:49,1511224,-0.886641,-0.462458,261.292,31.041,261.292,31.041,4058,4095,4095,4095,0,-37,0.0,-0.004538,54612.5,HIGH,CENTER,CENTER,38.6,47.7,23.38,0.725,16.95,1500,34,0.0,-0.136
2026-09-10 16:09:49,1511907,-0.886641,-0.462458,261.293,31.039,261.293,31.039,4066,4095,4095,4095,0,-29,0.0,-0.003553,54612.5,HIGH,CENTER,CENTER,38.6,47.7,23.4,0.839,19.63,1500,34,0.0,-0.107
2026-09-10 16:09:50,1512595,-0.886675,-0.462394,261.295,31.036,261.295,31.036,4095,4095,4095,4095,0,0,0.0,0.0,54612.5,HIGH,CENTER,CENTER,38.6,47.8,24.73,0.538,13.3,1500,34,0.0,0.0
2026-09-10 16:09:51,1513279,-0.886708,-0.462329,261.296,31.034,261.296,31.034,4095,4095,4095,4095,0,0,0.0,0.0,54612.5,HIGH,CENTER,CENTER,38.6,47.8,21.48,1.107,23.78,1500,34,0.0,0.0
2026-09-10 16:09:52,1513962,-0.886742,-0.462265,261.297,31.031,261.297,31.031,4094,4095,4095,4095,0,-1,0.0,-0.000122,54612.5,HIGH,CENTER,CENTER,38.6,47.8,20.01,0.787,15.75,1500,34,0.0,-0.004
2026-09-10 16:09:52,1514650,-0.886742,-0.462265,261.299,31.028,261.299,31.028,4095,4095,4095,4095,0,0,0.0,0.0,54612.5,HIGH,CENTER,CENTER,38.6,47.9,21.36,0.285,6.09,1500,34,0.0,0.0
2026-09-10 16:09:53,1515334,-0.886776,-0.4622,261.3,31.026,261.3,31.026,4095,4095,4095,4095,0,0,0.0,0.0,54612.5,HIGH,CENTER,CENTER,38.6,47.9,21.09,0.65,13.71,1500,34,0.0,0.0
2026-09-10 16:09:54,1516017,-0.886809,-0.462136,261.302,31.023,261.302,31.023,4095,4095,4095,4095,0,0,0.0,0.0,54612.5,HIGH,CENTER,CENTER,38.6,47.9,23.31,0.956,22.28,1500,34,0.0,0.0
2026-09-10 16:09:54,1516705,-0.886809,-0.462136,261.303,31.021,261.303,31.021,4095,4095,4095,4095,0,0,0.0,0.0,54612.5,HIGH,CENTER,CENTER,38.6,48.2,23.17,0.994,23.03,1500,34,0.0,0.0
2026-09-10 16:09:55,1517388,-0.886843,-0.462071,261.304,31.018,261.304,31.018,4095,4095,4095,4095,0,0,0.0,0.0,54612.5,HIGH,CENTER,CENTER,38.6,48.2,22.97,0.695,15.96,1500,34,0.0,0.0
2026-09-10 16:09:56,1518071,-0.886876,-0.462007,261.306,31.015,261.306,31.015,4095,4095,4095,4095,0,0,0.0,0.0,54612.5,HIGH,CENTER,CENTER,38.6,48.2,20.08,1.095,21.99,1500,34,0.0,0.0
2026-09-10 16:09:56,1518759,-0.886876,-0.462007,261.307,31.013,261.307,31.013,4095,4095,4095,4095,0,0,0.0,0.0,54612.5,HIGH,CENTER,CENTER,38.6,48.0,23.64,0.468,11.06,1500,34,0.0,0.0
2026-09-10 16:09:57,1519442,-0.88691,-0.461942,261.308,31.01,261.308,31.01,4095,4095,4095,4095,0,0,0.0,0.0,54612.5,HIGH,CENTER,CENTER,38.6,48.0,21.62,0.611,13.21,1500,34,0.0,0.0
2026-09-10 16:09:58,1520125,-0.886944,-0.461878,261.31,31.008,261.31,31.008,4095,4095,4095,4095,0,0,0.0,0.0,54612.5,HIGH,CENTER,CENTER,38.6,48.0,23.33,1.099,25.64,1500,34,0.0,0.0
2026-09-10 16:09:58,1520813,-0.886944,-0.461878,261.311,31.005,261.311,31.005,4095,4095,4095,4095,0,0,0.0,0.0,54612.5,HIGH,CENTER,CENTER,38.6,47.9,22.78,1.096,24.97,1500,34,0.0,0.0
2026-09-10 16:09:59,1521497,-0.886977,-0.461813,261.312,31.002,261.312,31.002,4095,4095,4095,4095,0,0,0.0,0.0,54612.5,HIGH,CENTER,CENTER,38.6,47.9,21.71,0.886,19.24,1500,34,0.0,0.0
2026-09-10 16:10:00,1522180,-0.887011,-0.461749,261.314,31.0,261.314,31.0,4095,4095,4095,4095,0,0,0.0,0.0,54612.5,HIGH,CENTER,CENTER,38.6,47.9,20.67,1.059,21.89,1500,34,0.0,0.0
2026-09-10 16:10:00,1522868,-0.887011,-0.461749,261.315,30.997,261.315,30.997,4095,4095,4095,4095,0,0,0.0,0.0,54612.5,HIGH,CENTER,CENTER,38.6,47.8,20.47,0.289,5.92,1500,34,0.0,0.0
2026-09-10 16:10:01,1523552,-0.887044,-0.461684,261.317,30.995,261.317,30.995,4095,4095,4095,4095,0,0,0.0,0.0,54612.5,HIGH,CENTER,CENTER,38.6,47.8,24.16,1.065,25.73,1500,34,0.0,0.0
2026-09-10 16:10:02,1524235,-0.887078,-0.46162,261.318,30.992,261.318,30.992,4095,4095,4095,4095,0,0,0.0,0.0,54612.5,HIGH,CENTER,CENTER,38.6,47.8,24.59,0.521,12.81,1500,34,0.0,0.0
2026-09-10 16:10:02,1524923,-0.887078,-0.46162,261.319,30.989,261.319,30.989,4095,4095,4095,4095,0,0,0.0,0.0,54612.5,HIGH,CENTER,CENTER,38.7,47.8,23.25,0.378,8.79,1500,34,0.0,0.0
2026-09-10 16:10:03,1525607,-0.887112,-0.461555,261.321,30.987,261.321,30.987,4095,4095,4095,4095,0,0,0.0,0.0,54612.5,HIGH,CENTER,CENTER,38.7,47.8,20.52,0.439,9.01,1500,34,0.0,0.0
2026-09-10 16:10:04,1526290,-0.887145,-0.461491,261.322,30.984,261.322,30.984,4095,4095,4095,4095,0,0,0.0,0.0,54612.5,HIGH,CENTER,CENTER,38.7,47.8,22.01,0.618,13.6,1500,34,0.0,0.0
2026-09-10 16:10:05,1526978,-0.887179,-0.461426,261.323,30.982,261.323,30.982,4083,4095,4095,4095,0,-12,0.0,-0.001467,54612.5,HIGH,CENTER,CENTER,38.7,47.9,23.64,0.451,10.66,1500,34,0.0,-0.044
2026-09-10 16:10:05,1527662,-0.887179,-0.461426,261.325,30.979,261.325,30.979,4095,4095,4095,4095,0,0,0.0,0.0,54612.5,HIGH,CENTER,CENTER,38.7,47.9,23.9,0.521,12.45,1500,34,0.0,0.0
2026-09-10 16:10:06,1528345,-0.887212,-0.461362,261.326,30.977,261.326,30.977,4095,4095,4095,4095,0,0,0.0,0.0,54612.5,HIGH,CENTER,CENTER,38.7,47.9,20.59,0.335,6.9,1500,34,0.0,0.0
2026-09-10 16:10:07,1529033,-0.887246,-0.461297,261.327,30.974,261.327,30.974,4095,4095,4095,4095,0,0,0.0,0.0,54612.5,HIGH,CENTER,CENTER,38.7,48.0,20.0,0.496,9.92,1500,34,0.0,0.0
2026-09-10 16:10:07,1529716,-0.887246,-0.461297,261.329,30.971,261.329,30.971,4095,4095,4095,4095,0,0,0.0,0.0,54612.5,HIGH,CENTER,CENTER,38.7,48.0,23.56,0.772,18.19,1500,34,0.0,0.0
2026-09-10 16:10:08,1530399,-0.887279,-0.461232,261.33,30.969,261.33,30.969,4095,4095,4095,4095,0,0,0.0,0.0,54612.5,HIGH,CENTER,CENTER,38.7,48.0,21.78,0.642,13.98,1500,34,0.0,0.0
2026-09-10 16:10:09,1531087,-0.887313,-0.461168,261.332,30.966,261.332,30.966,4095,4095,4095,4095,0,0,0.0,0.0,54612.5,HIGH,CENTER,CENTER,38.7,47.9,21.27,0.547,11.63,1500,34,0.0,0.0
2026-09-10 16:10:09,1531771,-0.887313,-0.461168,261.333,30.964,261.333,30.964,4095,4095,4095,4095,0,0,0.0,0.0,54612.5,HIGH,CENTER,CENTER,38.7,47.9,20.06,0.946,18.98,1500,34,0.0,0.0
2026-09-10 16:10:10,1532454,-0.887346,-0.461103,261.334,30.961,261.334,30.961,4095,4095,4095,4095,0,0,0.0,0.0,54612.5,HIGH,CENTER,CENTER,38.7,47.9,22.7,1.094,24.83,1500,34,0.0,0.0
2026-09-10 16:10:11,1533142,-0.88738,-0.461039,261.336,30.958,261.336,30.958,4095,4095,4095,4095,0,0,0.0,0.0,54612.5,HIGH,CENTER,CENTER,38.7,47.9,24.26,0.957,23.22,1500,34,0.0,0.0
2026-09-10 16:10:11,1533826,-0.88738,-0.461039,261.337,30.956,261.337,30.956,4095,4095,4095,4095,0,0,0.0,0.0,54612.5,HIGH,CENTER,CENTER,38.7,47.9,24.79,0.532,13.19,1500,34,0.0,0.0
2026-09-10 16:10:12,1534509,-0.887413,-0.460974,261.338,30.953,261.338,30.953,4095,4095,4095,4095,0,0,0.0,0.0,54612.5,HIGH,CENTER,CENTER,38.7,47.9,22.83,0.944,21.55,1500,34,0.0,0.0
2026-09-10 16:10:13,1535197,-0.887447,-0.46091,261.34,30.951,261.34,30.951,4095,4095,4095,4095,0,0,0.0,0.0,54612.5,HIGH,CENTER,CENTER,38.7,47.9,22.57,0.352,7.94,1500,34,0.0,0.0
2026-09-10 16:10:13,1535881,-0.887447,-0.46091,261.341,30.948,261.341,30.948,4095,4095,4095,4095,0,0,0.0,0.0,54612.5,HIGH,CENTER,CENTER,38.7,47.9,20.43,0.33,6.74,1500,34,0.0,0.0
2026-09-10 16:10:14,1536564,-0.88748,-0.460845,261.342,30.945,261.342,30.945,4095,4095,4095,4095,0,0,0.0,0.0,54612.5,HIGH,CENTER,CENTER,38.7,47.9,22.74,0.546,12.42,1500,34,0.0,0.0
2026-09-10 16:14:18,1780409,-0.895518,-0.445026,261.823,30.021,261.823,30.021,4042,4095,4095,4050,-45,-53,-0.005525,-0.006513,37280.0,HIGH,CENTER,CENTER,37.8,50.9,21.9,1.008,22.08,1500,34,-0.166,-0.195
2026-09-10 16:14:19,1781092,-0.89555,-0.444961,261.824,30.019,261.824,30.019,4013,4095,4095,4047,-48,-82,-0.005895,-0.010113,37340.0,HIGH,CENTER,CENTER,37.8,50.9,23.04,0.446,10.28,1500,34,-0.177,-0.303
2026-09-10 16:14:19,1781780,-0.89555,-0.444961,261.826,30.016,261.826,30.016,4013,4095,4095,4051,-44,-82,-0.005401,-0.010113,37575.83,HIGH,CENTER,CENTER,37.8,50.6,21.94,0.263,5.77,1500,34,-0.162,-0.303
2026-09-10 16:14:20,1782464,-0.895582,-0.444896,261.827,30.013,261.827,30.013,4015,4095,4095,4095,0,-80,0.0,-0.009864,37579.17,HIGH,CENTER,CENTER,37.8,50.6,21.2,0.332,7.04,1500,34,0.0,-0.296
2026-09-10 16:14:21,1783147,-0.895615,-0.444831,261.828,30.011,261.828,30.011,4015,4095,4095,4095,0,-80,0.0,-0.009864,37621.67,HIGH,CENTER,CENTER,37.8,50.6,20.47,1.059,21.68,1500,34,0.0,-0.296
2026-09-10 16:14:21,1783835,-0.895615,-0.444831,261.83,30.008,261.83,30.008,4020,4095,4095,4048,-47,-75,-0.005772,-0.009242,37680.83,HIGH,CENTER,CENTER,37.7,50.4,21.57,0.834,17.99,1500,34,-0.173,-0.277
2026-09-10 16:14:22,1784519,-0.895647,-0.444765,261.831,30.006,261.831,30.006,4007,4095,4095,4055,-40,-88,-0.004908,-0.010862,37747.5,HIGH,CENTER,CENTER,37.7,50.4,20.48,0.453,9.28,1500,34,-0.147,-0.326
2026-09-10 16:14:23,1785202,-0.895679,-0.4447,261.832,30.003,261.832,30.003,3977,4095,4095,4053,-42,-118,-0.005155,-0.014618,37834.17,HIGH,CENTER,CENTER,37.7,50.4,20.88,0.755,15.76,1500,34,-0.155,-0.439
2026-09-10 16:14:23,1785890,-0.895679,-0.4447,261.834,30.0,261.834,30.0,4015,4095,4095,4048,-47,-80,-0.005772,-0.009864,37927.5,HIGH,CENTER,CENTER,37.7,50.2,24.94,0.728,18.16,1500,34,-0.173,-0.296
2026-09-10 16:14:24,1786574,-0.895712,-0.444635,261.835,29.998,261.835,29.998,4016,4095,4095,4048,-47,-79,-0.005772,-0.00974,38062.5,HIGH,CENTER,CENTER,37.7,50.2,22.22,0.855,19.0,1500,34,-0.173,-0.292
2026-09-10 16:14:25,1787257,-0.895744,-0.44457,261.836,29.995,261.836,29.995,4019,4095,4095,4044,-51,-76,-0.006266,-0.009367,38036.67,HIGH,CENTER,CENTER,37.7,50.2,22.66,0.433,9.81,1500,34,-0.188,-0.281
2026-09-10 16:14:25,1787945,-0.895744,-0.44457,261.838,29.993,261.838,29.993,4017,4095,4095,4095,0,-78,0.0,-0.009615,38080.0,HIGH,CENTER,CENTER,37.7,50.2,24.37,1.064,25.93,1500,34,0.0,-0.288
2026-09-10 16:14:26,1788629,-0.895776,-0.444505,261.839,29.99,261.839,29.99,4053,4095,4095,4052,-43,-42,-0.005278,-0.005155,38293.33,HIGH,CENTER,CENTER,37.7,50.2,24.98,0.509,12.71,1500,34,-0.158,-0.155
2026-09-10 16:14:27,1789312,-0.895809,-0.44444,261.84,29.987,261.84,29.987,4017,4095,4095,4038,-57,-78,-0.007008,-0.009615,38428.33,HIGH,CENTER,CENTER,37.7,50.2,22.91,0.894,20.48,1500,34,-0.21,-0.288
2026-09-10 16:14:28,1790000,-0.895841,-0.444375,261.842,29.985,261.842,29.985,4019,4095,4095,4033,-62,-76,-0.007628,-0.009367,38420.83,HIGH,CENTER,CENTER,37.7,50.5,24.06,0.216,5.2,1500,34,-0.229,-0.281
2026-09-10 16:14:28,1790684,-0.895841,-0.444375,261.843,29.982,261.843,29.982,4013,4095,4095,4059,-36,-82,-0.004415,-0.010113,38417.5,HIGH,CENTER,CENTER,37.7,50.5,21.63,0.573,12.39,1500,34,-0.132,-0.303
2026-09-10 16:14:29,1791367,-0.895873,-0.444309,261.844,29.98,261.844,29.98,4019,4095,4095,4094,-1,-76,-0.000122,-0.009367,38500.0,HIGH,CENTER,CENTER,37.7,50.5,21.53,0.552,11.88,1500,34,-0.004,-0.281
2026-09-10 16:14:30,1792056,-0.895906,-0.444244,261.846,29.977,261.846,29.977,4020,4095,4095,4059,-36,-75,-0.004415,-0.009242,38675.83,HIGH,CENTER,CENTER,37.7,50.7,22.01,0.743,16.35,1500,34,-0.132,-0.277
2026-09-10 16:14:30,1792739,-0.895906,-0.444244,261.847,29.974,261.847,29.974,4021,4095,4095,4041,-54,-74,-0.006637,-0.009118,38754.17,HIGH,CENTER,CENTER,37.7,50.7,23.36,0.273,6.38,1500,34,-0.199,-0.274
2026-09-10 16:14:31,1793422,-0.895938,-0.444179,261.848,29.972,261.848,29.972,4019,4095,4095,4043,-52,-76,-0.00639,-0.009367,38775.0,HIGH,CENTER,CENTER,37.7,50.7,23.41,0.99,23.18,1500,34,-0.192,-0.281
2026-09-10 16:14:32,1794110,-0.89597,-0.444114,261.85,29.969,261.85,29.969,4022,4095,4095,4043,-52,-73,-0.00639,-0.008993,38819.17,HIGH,CENTER,CENTER,37.7,50.9,21.58,0.418,9.02,1500,34,-0.192,-0.27
2026-09-10 16:14:32,1794794,-0.89597,-0.444114,261.851,29.967,261.851,29.967,4022,4095,4095,4039,-56,-73,-0.006885,-0.008993,38848.33,HIGH,CENTER,CENTER,37.7,50.9,20.67,0.877,18.13,1500,34,-0.207,-0.27
2026-09-10 16:14:33,1795477,-0.896003,-0.444049,261.852,29.964,261.852,29.964,4013,4095,4095,4048,-47,-82,-0.005772,-0.010113,38870.0,HIGH,CENTER,CENTER,37.7,50.9,23.16,1.003,23.23,1500,34,-0.173,-0.303
2026-09-10 16:14:34,1796165,-0.896035,-0.443984,261.854,29.961,261.854,29.961,4023,4095,4095,4050,-45,-72,-0.005525,-0.008869,38935.0,HIGH,CENTER,CENTER,37.8,51.3,20.64,0.762,15.73,1500,34,-0.166,-0.266
2026-09-10 16:14:34,1796849,-0.896035,-0.443984,261.855,29.959,261.855,29.959,4003,4095,4095,4041,-54,-92,-0.006637,-0.011361,38953.33,HIGH,CENTER,CENTER,37.8,51.3,22.89,0.941,21.54,1500,34,-0.199,-0.341
2026-09-10 16:14:35,1797532,-0.896067,-0.443919,261.856,29.956,261.856,29.956,4020,4095,4095,4053,-42,-75,-0.005155,-0.009242,38979.17,HIGH,CENTER,CENTER,37.8,51.3,23.47,0.862,20.23,1500,34,-0.155,-0.277
2026-09-10 16:14:36,1798220,-0.896099,-0.443853,261.858,29.954,261.858,29.954,4021,4095,4095,4095,0,-74,0.0,-0.009118,39010.0,HIGH,CENTER,CENTER,37.8,51.7,23.5,0.556,13.07,1500,34,0.0,-0.274
2026-09-10 16:14:36,1798903,-0.896099,-0.443853,261.859,29.951,261.859,29.951,4023,4095,4095,4044,-51,-72,-0.006266,-0.008869,39026.67,HIGH,CENTER,CENTER,37.8,51.7,23.77,1.009,23.98,1500,34,-0.188,-0.266
2026-09-10 16:14:37,1799586,-0.896132,-0.443788,261.86,29.948,261.86,29.948,4019,4095,4095,4091,-4,-76,-0.000489,-0.009367,39093.33,HIGH,CENTER,CENTER,37.8,51.7,24.36,0.495,12.06,1500,34,-0.015,-0.281
2026-09-10 16:14:38,1800274,-0.896164,-0.443723,261.862,29.946,261.862,29.946,4020,4095,4095,4093,-2,-75,-0.000244,-0.009242,39132.5,HIGH,CENTER,CENTER,37.8,51.8,22.5,0.771,17.35,1500,34,-0.007,-0.277
2026-09-10 16:14:39,1800958,-0.896196,-0.443658,261.863,29.943,261.863,29.943,4023,4095,4095,4043,-52,-72,-0.00639,-0.008869,39160.0,HIGH,CENTER,CENTER,37.8,51.8,23.65,0.945,22.35,1500,34,-0.192,-0.266
2026-09-10 16:14:39,1801641,-0.896196,-0.443658,261.864,29.941,261.864,29.941,4025,4095,4095,4049,-46,-70,-0.005648,-0.008621,39197.5,HIGH,CENTER,CENTER,37.8,51.8,23.1,0.579,13.37,1500,34,-0.169,-0.259
2026-09-10 16:14:40,1802329,-0.896229,-0.443593,261.866,29.938,261.866,29.938,4026,4095,4095,4043,-52,-69,-0.00639,-0.008496,39300.0,HIGH,CENTER,CENTER,37.8,51.9,20.93,0.503,10.53,1500,34,-0.192,-0.255
2026-09-10 16:14:41,1803013,-0.896261,-0.443527,261.867,29.935,261.867,29.935,4031,4095,4095,4031,-64,-64,-0.007876,-0.007876,39289.17,HIGH,CENTER,CENTER,37.8,51.9,20.13,0.659,13.27,1500,34,-0.236,-0.236
2026-09-10 16:14:41,1803696,-0.896261,-0.443527,261.868,29.933,261.868,29.933,4020,4095,4095,4049,-46,-75,-0.005648,-0.009242,39318.33,HIGH,CENTER,CENTER,37.8,51.9,21.42,1.018,21.81,1500,34,-0.169,-0.277
2026-09-10 16:14:42,1804384,-0.896293,-0.443462,261.87,29.93,261.87,29.93,4027,4095,4095,4048,-47,-68,-0.005772,-0.008372,39370.83,HIGH,CENTER,CENTER,37.8,51.9,22.22,1.13,25.11,1500,34,-0.173,-0.251
2026-09-10 16:14:43,1805068,-0.896325,-0.443397,261.871,29.928,261.871,29.928,4025,4095,4095,4048,-47,-70,-0.005772,-0.008621,39430.83,HIGH,CENTER,CENTER,37.8,51.9,23.09,0.745,17.2,1500,34,-0.173,-0.259
2026-09-10 16:14:43,1805751,-0.896325,-0.443397,261.872,29.925,261.872,29.925,4019,4095,4095,4048,-47,-76,-0.005772,-0.009367,39450.83,HIGH,CENTER,CENTER,37.8,51.9,24.25,0.861,20.88,1500,34,-0.173,-0.281
2026-09-10 16:14:44,1806439,-0.896358,-0.443332,261.874,29.922,261.874,29.922,4027,4095,4095,4047,-48,-68,-0.005895,-0.008372,39477.5,HIGH,CENTER,CENTER,37.8,51.6,20.98,1.103,23.14,1500,34,-0.177,-0.251
2026-09-10 16:14:45,1807122,-0.89639,-0.443267,261.875,29.92,261.875,29.92,4023,4095,4095,4092,-3,-72,-0.000366,-0.008869,39520.0,HIGH,CENTER,CENTER,37.8,51.6,20.63,0.299,6.17,1500,34,-0.011,-0.266
2026-09-10 16:14:45,1807805,-0.89639,-0.443267,261.876,29.917,261.876,29.917,4029,4095,4095,4043,-52,-66,-0.00639,-0.008124,39562.5,HIGH,CENTER,CENTER,37.8,51.6,24.82,0.432,10.72,1500,34,-0.192,-0.244
2026-09-10 16:14:46,1808493,-0.896422,-0.443202,261.878,29.915,261.878,29.915,4022,4095,4095,4039,-56,-73,-0.006885,-0.008993,39619.17,HIGH,CENTER,CENTER,37.8,51.3,20.54,0.909,18.67,1500,34,-0.207,-0.27
2026-09-10 16:14:47,1809177,-0.896454,-0.443136,261.879,29.912,261.879,29.912,4009,4095,4095,4050,-45,-86,-0.005525,-0.010612,39655.0,HIGH,CENTER,CENTER,37.8,51.3,22.39,1.024,22.93,1500,34,-0.166,-0.318
2026-09-10 16:14:47,1809860,-0.896454,-0.443136,261.88,29.91,261.88,29.91,4027,4095,4095,4050,-45,-68,-0.005525,-0.008372,39686.67,HIGH,CENTER,CENTER,37.8,51.3,22.93,1.057,24.24,1500,34,-0.166,-0.251
2026-09-10 16:14:48,1810548,-0.896486,-0.443071,261.882,29.907,261.882,29.907,4033,4095,4095,4047,-48,-62,-0.005895,-0.007628,39757.5,HIGH,CENTER,CENTER,37.9,51.2,22.71,0.615,13.97,1500,34,-0.177,-0.229
2026-09-10 16:14:49,1811232,-0.896519,-0.443006,261.883,29.904,261.883,29.904,4023,4095,4095,4049,-46,-72,-0.005648,-0.008869,39799.17,HIGH,CENTER,CENTER,37.9,51.2,20.43,0.289,5.9,1500,34,-0.169,-0.266
2026-09-10 16:14:49,1811915,-0.896519,-0.443006,261.885,29.902,261.885,29.902,4025,4095,4095,4033,-62,-70,-0.007628,-0.008621,39855.0,HIGH,CENTER,CENTER,37.9,51.2,20.29,0.638,12.95,1500,34,-0.229,-0.259
2026-09-10 16:14:50,1812603,-0.896551,-0.442941,261.886,29.899,261.886,29.899,4022,4095,4095,4036,-59,-73,-0.007256,-0.008993,39893.33,HIGH,CENTER,CENTER,37.9,51.2,20.53,0.431,8.85,1500,34,-0.218,-0.27
2026-09-10 16:14:51,1813287,-0.896583,-0.442876,261.887,29.897,261.887,29.897,4019,4095,4095,4055,-40,-76,-0.004908,-0.009367,39872.5,HIGH,CENTER,CENTER,37.9,51.2,22.93,0.491,11.26,1500,34,-0.147,-0.281
2026-09-10 16:14:52,1813970,-0.896615,-0.44281,261.889,29.894,261.889,29.894,4027,4095,4095,4046,-49,-68,-0.006019,-0.008372,39927.5,HIGH,CENTER,CENTER,37.9,51.2,22.72,0.972,22.08,1500,34,-0.181,-0.251
2026-09-10 16:14:52,1814659,-0.896615,-0.44281,261.89,29.891,261.89,29.891,4014,4095,4095,4043,-52,-81,-0.00639,-0.009989,39934.17,HIGH,CENTER,CENTER,37.9,51.1,21.17,0.276,5.84,1500,34,-0.192,-0.3
2026-09-10 16:14:53,1815342,-0.896647,-0.442745,261.891,29.889,261.891,29.889,3991,4095,4095,4045,-50,-104,-0.006143,-0.012862,39956.67,HIGH,CENTER,CENTER,37.9,51.1,23.19,1.028,23.84,1500,34,-0.184,-0.386
2026-09-10 16:14:54,1816025,-0.89668,-0.44268,261.893,29.886,261.893,29.886,3975,4095,4095,4038,-57,-120,-0.007008,-0.01487,39963.33,HIGH,CENTER,CENTER,37.9,51.1,24.1,0.628,15.13,1500,34,-0.21,-0.446
2026-09-10 16:14:54,1816714,-0.89668,-0.44268,261.894,29.884,261.894,29.884,4031,4095,4095,4048,-47,-64,-0.005772,-0.007876,39990.83,HIGH,CENTER,CENTER,37.9,51.1,20.21,0.796,16.09,1500,34,-0.173,-0.236
2026-09-10 16:14:55,1817397,-0.896712,-0.442615,261.895,29.881,261.895,29.881,4035,4095,4095,4036,-59,-60,-0.007256,-0.00738,39965.0,HIGH,CENTER,CENTER,37.9,51.1,22.49,0.29,6.52,1500,34,-0.218,-0.221
2026-09-10 16:14:56,1818080,-0.896744,-0.44255,261.897,29.878,261.897,29.878,4032,4095,4095,4046,-49,-63,-0.006019,-0.007752,39975.0,HIGH,CENTER,CENTER,37.9,51.1,23.45,0.537,12.59,1500,34,-0.181,-0.233
2026-09-10 16:14:56,1818769,-0.896744,-0.44255,261.898,29.876,261.898,29.876,4028,4095,4095,4061,-34,-67,-0.004169,-0.008248,39968.33,HIGH,CENTER,CENTER,37.9,51.1,21.26,0.29,6.17,1500,34,-0.125,-0.247
2026-09-10 16:14:57,1819452,-0.896776,-0.442484,261.899,29.873,261.899,29.873,4030,4095,4095,4033,-62,-65,-0.007628,-0.008,40017.5,HIGH,CENTER,CENTER,37.9,51.1,21.54,1.162,25.03,1500,34,-0.229,-0.24
2026-09-10 16:14:58,1820135,-0.896808,-0.442419,261.901,29.871,261.901,29.871,4016,4095,4095,4063,-32,-79,-0.003923,-0.00974,39955.0,HIGH,CENTER,CENTER,37.9,51.1,23.07,1.007,23.23,1500,34,-0.118,-0.292
2026-09-10 16:14:58,1820824,-0.896808,-0.442419,261.902,29.868,261.902,29.868,4030,4095,4095,4034,-61,-65,-0.007504,-0.008,39962.5,HIGH,CENTER,CENTER,37.9,50.9,24.49,0.66,16.16,1500,34,-0.225,-0.24
2026-09-10 16:14:59,1821507,-0.896841,-0.442354,261.903,29.865,261.903,29.865,4027,4095,4095,4046,-49,-68,-0.006019,-0.008372,39921.67,HIGH,CENTER,CENTER,37.9,50.9,24.05,0.424,10.2,1500,34,-0.181,-0.251
2026-09-10 16:15:00,1822190,-0.896873,-0.442289,261.905,29.863,261.905,29.863,4029,4095,4095,4038,-57,-66,-0.007008,-0.008124,39876.67,HIGH,CENTER,CENTER,37.9,50.9,22.92,1.133,25.97,1500,34,-0.21,-0.244
2026-09-10 16:15:00,1822879,-0.896873,-0.442289,261.906,29.86,261.906,29.86,4030,4095,4095,4044,-51,-65,-0.006266,-0.008,39840.83,HIGH,CENTER,CENTER,37.9,50.7,23.65,0.545,12.89,1500,34,-0.188,-0.24
2026-09-10 16:15:01,1823562,-0.896905,-0.442223,261.907,29.858,261.907,29.858,4028,4095,4095,4034,-61,-67,-0.007504,-0.008248,39804.17,HIGH,CENTER,CENTER,37.9,50.7,21.82,0.361,7.88,1500,34,-0.225,-0.247
2026-09-10 16:15:02,1824245,-0.896937,-0.442158,261.909,29.855,261.909,29.855,4025,4095,4095,4039,-56,-70,-0.006885,-0.008621,39766.67,HIGH,CENTER,CENTER,37.9,50.7,23.2,0.763,17.7,1500,34,-0.207,-0.259
2026-09-10 16:15:02,1824934,-0.896937,-0.442158,261.91,29.852,261.91,29.852,4027,4095,4095,4041,-54,-68,-0.006637,-0.008372,39727.5,HIGH,CENTER,CENTER,37.9,50.6,22.33,1.144,25.55,1500,34,-0.199,-0.251
2026-09-10 16:15:03,1825617,-0.896969,-0.442093,261.911,29.85,261.911,29.85,4030,4095,4095,4033,-62,-65,-0.007628,-0.008,39708.33,HIGH,CENTER,CENTER,37.9,50.6,20.95,0.204,4.27,1500,34,-0.229,-0.24
2026-09-10 16:15:04,1826300,-0.897001,-0.442028,261.913,29.847,261.913,29.847,4025,4095,4095,4035,-60,-70,-0.00738,-0.008621,39654.17,HIGH,CENTER,CENTER,37.9,50.6,23.51,0.438,10.3,1500,34,-0.221,-0.259
2026-09-10 16:15:05,1826989,-0.897034,-0.441963,261.914,29.845,261.914,29.845,4022,4095,4095,4038,-57,-73,-0.007008,-0.008993,39626.67,HIGH,CENTER,CENTER,37.9,50.3,22.78,1.138,25.92,1500,34,-0.21,-0.27
2026-09-10 16:15:05,1827672,-0.897034,-0.441963,261.915,29.842,261.915,29.842,4020,4095,4095,4032,-63,-75,-0.007752,-0.009242,39585.0,HIGH,CENTER,CENTER,37.9,50.3,21.79,0.371,8.08,1500,34,-0.233,-0.277
2026-09-10 16:15:06,1828355,-0.897066,-0.441897,261.917,29.839,261.917,29.839,4031,4095,4095,4035,-60,-64,-0.00738,-0.007876,39544.17,HIGH,CENTER,CENTER,37.9,50.3,24.56,0.313,7.69,1500,34,-0.221,-0.236
2026-09-10 16:15:07,1829043,-0.897098,-0.441832,261.918,29.837,261.918,29.837,4021,4095,4095,4035,-60,-74,-0.00738,-0.009118,39521.67,HIGH,CENTER,CENTER,37.9,50.1,20.1,0.77,15.48,1500,34,-0.221,-0.274
2026-09-10 16:15:07,1829727,-0.897098,-0.441832,261.919,29.834,261.919,29.834,4030,4095,4095,4026,-69,-65,-0.008496,-0.008,39486.67,HIGH,CENTER,CENTER,37.9,50.1,21.58,1.062,22.92,1500,34,-0.255,-0.24
2026-09-10 16:15:08,1830410,-0.89713,-0.441767,261.921,29.832,261.921,29.832,4015,4095,4095,4032,-63,-80,-0.007752,-0.009864,39445.83,HIGH,CENTER,CENTER,37.9,50.1,20.28,0.677,13.73,1500,34,-0.233,-0.296
2026-09-10 16:15:09,1831098,-0.897162,-0.441702,261.922,29.829,261.922,29.829,4019,4095,4095,4025,-70,-76,-0.008621,-0.009367,39425.0,HIGH,CENTER,CENTER,37.9,50.0,23.83,1.195,28.48,1500,34,-0.259,-0.281
2026-09-10 16:15:09,1831782,-0.897162,-0.441702,261.923,29.826,261.923,29.826,4007,4095,4095,4030,-65,-88,-0.008,-0.010862,39410.0,HIGH,CENTER,CENTER,37.9,50.0,23.51,0.879,20.67,1500,34,-0.24,-0.326
2026-09-10 16:15:10,1832465,-0.897194,-0.441636,261.925,29.824,261.925,29.824,4022,4095,4095,4039,-56,-73,-0.006885,-0.008993,39415.0,HIGH,CENTER,CENTER,37.9,50.0,21.66,0.274,5.93,1500,34,-0.207,-0.27
2026-09-10 16:15:11,1833153,-0.897226,-0.441571,261.926,29.821,261.926,29.821,4013,4095,4095,4022,-73,-82,-0.008993,-0.010113,39423.33,HIGH,CENTER,CENTER,37.9,50.0,23.38,1.193,27.89,1500,34,-0.27,-0.303
2026-09-10 16:15:11,1833837,-0.897226,-0.441571,261.927,29.819,261.927,29.819,4025,4095,4095,4031,-64,-70,-0.007876,-0.008621,39440.0,HIGH,CENTER,CENTER,37.9,50.0,21.98,0.608,13.36,1500,34,-0.236,-0.259
2026-09-10 16:15:12,1834520,-0.897258,-0.441506,261.929,29.816,261.929,29.816,4025,4095,4095,4058,-37,-70,-0.004538,-0.008621,39428.33,HIGH,CENTER,CENTER,37.9,50.0,23.78,0.487,11.58,1500,34,-0.136,-0.259
2026-09-10 16:15:13,1835208,-0.89729,-0.441441,261.93,29.813,261.93,29.813,4031,4095,4095,4030,-65,-64,-0.008,-0.007876,39464.17,HIGH,CENTER,CENTER,37.9,50.0,22.27,0.758,16.88,1500,34,-0.24,-0.236
2026-09-10 16:15:13,1835892,-0.89729,-0.441441,261.931,29.811,261.931,29.811,4034,4095,4095,4039,-56,-61,-0.006885,-0.007504,39445.0,HIGH,CENTER,CENTER,37.9,50.0,22.06,0.504,11.12,1500,34,-0.207,-0.225
2026-09-10 16:15:14,1836575,-0.897323,-0.441375,261.933,29.808,261.933,29.808,4025,4095,4095,4032,-63,-70,-0.007752,-0.008621,39461.67,HIGH,CENTER,CENTER,37.9,50.0,24.67,0.286,7.06,1500,34,-0.233,-0.259
2026-09-10 16:15:15,1837263,-0.897355,-0.44131,261.934,29.806,261.934,29.806,4015,4095,4095,4023,-72,-80,-0.008869,-0.009864,39474.17,HIGH,CENTER,CENTER,37.9,50.0,21.25,0.201,4.27,1500,34,-0.266,-0.296
2026-09-10 16:15:16,1837947,-0.897387,-0.441245,261.935,29.803,261.935,29.803,4026,4095,4095,4025,-70,-69,-0.008621,-0.008496,39489.17,HIGH,CENTER,CENTER,37.9,50.0,20.6,0.65,13.39,1500,34,-0.259,-0.255
2026-09-10 16:15:16,1838630,-0.897387,-0.441245,261.937,29.8,261.937,29.8,4017,4095,4095,4075,-20,-78,-0.002448,-0.009615,39532.5,HIGH,CENTER,CENTER,37.9,50.0,22.92,1.037,23.77,1500,34,-0.073,-0.288
2026-09-10 16:15:17,1839318,-0.897419,-0.44118,261.938,29.798,261.938,29.798,4019,4095,4095,4066,-29,-76,-0.003553,-0.009367,39580.83,HIGH,CENTER,CENTER,37.9,50.1,24.85,0.772,19.18,1500,34,-0.107,-0.281
2026-09-10 16:15:18,1840002,-0.897451,-0.441114,261.939,29.795,261.939,29.795,4023,4095,4095,4038,-57,-72,-0.007008,-0.008869,39598.33,HIGH,CENTER,CENTER,37.9,50.1,21.89,1.199,26.25,1500,34,-0.21,-0.266
2026-09-10 16:15:18,1840685,-0.897451,-0.441114,261.941,29.793,261.941,29.793,4025,4095,4095,4034,-61,-70,-0.007504,-0.008621,39655.0,HIGH,CENTER,CENTER,37.9,50.1,20.31,0.487,9.89,1500,34,-0.225,-0.259
2026-09-10 16:15:19,1841373,-0.897483,-0.441049,261.942,29.79,261.942,29.79,4026,4095,4095,4035,-60,-69,-0.00738,-0.008496,39731.67,HIGH,CENTER,CENTER,37.9,50.3,21.7,0.48,10.42,1500,34,-0.221,-0.255
2026-09-10 16:15:20,1842057,-0.897515,-0.440984,261.943,29.787,261.943,29.787,4029,4095,4095,4026,-69,-66,-0.008496,-0.008124,39824.17,HIGH,CENTER,CENTER,37.9,50.3,22.53,0.36,8.11,1500,34,-0.255,-0.244
2026-09-10 16:15:20,1842740,-0.897515,-0.440984,261.945,29.785,261.945,29.785,4026,4095,4095,4036,-59,-69,-0.007256,-0.008496,39869.17,HIGH,CENTER,CENTER,37.9,50.3,20.81,0.364,7.57,1500,34,-0.218,-0.255
2026-09-10 16:15:21,1843428,-0.897547,-0.440919,261.946,29.782,261.946,29.782,4032,4095,4095,4032,-63,-63,-0.007752,-0.007752,39917.5,HIGH,CENTER,CENTER,37.9,50.4,23.29,0.485,11.3,1500,34,-0.233,-0.233
2026-09-10 16:15:22,1844112,-0.897579,-0.440853,261.947,29.78,261.947,29.78,4016,4095,4095,4033,-62,-79,-0.007628,-0.00974,39991.67,HIGH,CENTER,CENTER,37.9,50.4,24.99,0.993,24.82,1500,34,-0.229,-0.292
2026-09-10 16:15:22,1844795,-0.897579,-0.440853,261.949,29.777,261.949,29.777,4026,4095,4095,4032,-63,-69,-0.007752,-0.008496,40060.0,HIGH,CENTER,CENTER,37.9,50.4,22.26,1.106,24.62,1500,34,-0.233,-0.255
2026-09-10 16:15:23,1845484,-0.897611,-0.440788,261.95,29.774,261.95,29.774,4016,4095,4095,4033,-62,-79,-0.007628,-0.00974,40096.67,HIGH,CENTER,CENTER,37.9,50.6,21.77,1.175,25.58,1500,34,-0.229,-0.292
2026-09-10 16:15:24,1846167,-0.897643,-0.440723,261.951,29.772,261.951,29.772,4033,4095,4095,4023,-72,-62,-0.008869,-0.007628,40195.0,HIGH,CENTER,CENTER,37.9,50.6,22.0,0.432,9.5,1500,34,-0.266,-0.229
2026-09-10 16:15:24,1846850,-0.897643,-0.440723,261.953,29.769,261.953,29.769,4031,4095,4095,4038,-57,-64,-0.007008,-0.007876,40190.0,HIGH,CENTER,CENTER,37.9,50.6,20.58,1.081,22.25,1500,34,-0.21,-0.236
2026-09-10 16:15:25,1847539,-0.897675,-0.440657,261.954,29.767,261.954,29.767,4033,4095,4095,4017,-78,-62,-0.009615,-0.007628,40240.0,HIGH,CENTER,CENTER,37.9,50.7,24.42,0.528,12.89,1500,34,-0.288,-0.229
2026-09-10 16:15:26,1848222,-0.897707,-0.440592,261.955,29.764,261.955,29.764,4027,4095,4095,4035,-60,-68,-0.00738,-0.008372,40261.67,HIGH,CENTER,CENTER,37.9,50.7,22.07,0.313,6.91,1500,34,-0.221,-0.251
2026-09-10 16:15:26,1848905,-0.897707,-0.440592,261.957,29.761,261.957,29.761,4034,4095,4095,4032,-63,-61,-0.007752,-0.007504,40292.5,HIGH,CENTER,CENTER,37.9,50.7,21.94,1.07,23.48,1500,34,-0.233,-0.225
2026-09-10 16:15:27,1849594,-0.897739,-0.440527,261.958,29.759,261.958,29.759,4027,4095,4095,4069,-26,-68,-0.003185,-0.008372,40310.83,HIGH,CENTER,CENTER,37.9,50.9,23.3,0.836,19.48,1500,34,-0.096,-0.251
2026-09-10 16:15:28,1850277,-0.897771,-0.440462,261.959,29.756,261.959,29.756,4032,4095,4095,4043,-52,-63,-0.00639,-0.007752,40320.0,HIGH,CENTER,CENTER,37.9,50.9,22.21,0.365,8.11,1500,34,-0.192,-0.233
2026-09-10 16:15:29,1850960,-0.897804,-0.440396,261.961,29.754,261.961,29.754,4028,4095,4095,4028,-67,-67,-0.008248,-0.008248,40356.67,HIGH,CENTER,CENTER,37.9,50.9,23.24,0.63,14.64,1500,34,-0.247,-0.247
2026-09-10 16:15:29,1851649,-0.897804,-0.440396,261.962,29.751,261.962,29.751,4033,4095,4095,4030,-65,-62,-0.008,-0.007628,40383.33,HIGH,CENTER,CENTER,37.9,51.0,20.31,0.487,9.89,1500,34,-0.24,-0.229
2026-09-10 16:15:30,1852332,-0.897836,-0.440331,261.963,29.748,261.963,29.748,4032,4095,4095,4063,-32,-63,-0.003923,-0.007752,40406.67,HIGH,CENTER,CENTER,37.9,51.0,24.07,0.937,22.55,1500,34,-0.118,-0.233
2026-09-10 16:15:31,1853015,-0.897868,-0.440266,261.965,29.746,261.965,29.746,4030,4095,4095,4027,-68,-65,-0.008372,-0.008,40447.5,HIGH,CENTER,CENTER,37.9,51.0,24.7,0.653,16.13,1500,34,-0.251,-0.24
2026-09-10 16:15:31,1853704,-0.897868,-0.440266,261.966,29.743,261.966,29.743,4019,4095,4095,4033,-62,-76,-0.007628,-0.009367,40425.0,HIGH,CENTER,CENTER,37.9,50.9,23.24,1.189,27.63,1500,34,-0.229,-0.281
2026-09-10 16:15:32,1854387,-0.8979,-0.4402,261.967,29.741,261.967,29.741,4017,4095,4095,4026,-69,-78,-0.008496,-0.009615,40422.5,HIGH,CENTER,CENTER,37.9,50.9,24.77,0.255,6.32,1500,34,-0.255,-0.288
2026-09-10 16:15:33,1855070,-0.897932,-0.440135,261.969,29.738,261.969,29.738,4016,4095,4095,4029,-66,-79,-0.008124,-0.00974,40420.83,HIGH,CENTER,CENTER,37.9,50.9,20.76,0.555,11.52,1500,34,-0.244,-0.292
2026-09-10 16:15:33,1855758,-0.897932,-0.440135,261.97,29.735,261.97,29.735,4022,4095,4095,4019,-76,-73,-0.009367,-0.008993,40428.33,HIGH,CENTER,CENTER,38.0,50.8,22.39,0.682,15.27,1500,34,-0.281,-0.27
2026-09-10 16:15:34,1856442,-0.897964,-0.44007,261.971,29.733,261.971,29.733,4033,4095,4095,4031,-64,-62,-0.007876,-0.007628,40419.17,HIGH,CENTER,CENTER,38.0,50.8,23.01,0.703,16.18,1500,34,-0.236,-0.229
2026-09-10 16:15:35,1857125,-0.897996,-0.440004,261.973,29.73,261.973,29.73,4035,4095,4095,4075,-20,-60,-0.002448,-0.00738,40433.33,HIGH,CENTER,CENTER,38.0,50.8,22.91,0.516,11.82,1500,34,-0.073,-0.221
2026-09-10 16:15:35,1857813,-0.897996,-0.440004,261.974,29.728,261.974,29.728,4035,4095,4095,4032,-63,-60,-0.007752,-0.00738,40415.83,HIGH,CENTER,CENTER,38.0,50.8,22.01,0.929,20.45,1500,34,-0.233,-0.221
2026-09-10 16:15:36,1858497,-0.898028,-0.439939,261.975,29.725,261.975,29.725,4030,4095,4095,4067,-28,-65,-0.003431,-0.008,40428.33,HIGH,CENTER,CENTER,38.0,50.8,21.69,1.075,23.32,1500,34,-0.103,-0.24
2026-09-10 16:15:37,1859180,-0.89806,-0.439874,261.977,29.722,261.977,29.722,4026,4095,4095,4035,-60,-69,-0.00738,-0.008496,40395.0,HIGH,CENTER,CENTER,38.0,50.8,20.63,1.139,23.5,1500,34,-0.221,-0.255
2026-09-10 16:15:37,1859869,-0.89806,-0.439874,261.978,29.72,261.978,29.72,4027,4095,4095,4032,-63,-68,-0.007752,-0.008372,40428.33,HIGH,CENTER,CENTER,38.0,50.7,21.96,1.005,22.07,1500,34,-0.233,-0.251
2026-09-10 16:15:38,1860552,-0.898092,-0.439809,261.979,29.717,261.979,29.717,4036,4095,4095,4032,-63,-59,-0.007752,-0.007256,40404.17,HIGH,CENTER,CENTER,38.0,50.7,20.81,1.051,21.87,1500,34,-0.233,-0.218
2026-09-10 16:15:39,1861235,-0.898124,-0.439743,261.981,29.715,261.981,29.715,4035,4095,4095,4065,-30,-60,-0.003676,-0.00738,40443.33,HIGH,CENTER,CENTER,38.0,50.7,23.67,0.751,17.78,1500,34,-0.11,-0.221
2026-09-10 16:15:39,1861924,-0.898124,-0.439743,261.982,29.712,261.982,29.712,4032,4095,4095,4048,-47,-63,-0.005772,-0.007752,40455.83,HIGH,CENTER,CENTER,38.0,50.5,21.04,1.026,21.59,1500,34,-0.173,-0.233
2026-09-10 16:15:40,1862607,-0.898156,-0.439678,261.983,29.709,261.983,29.709,4047,4095,4095,4025,-70,-48,-0.008621,-0.005895,40428.33,HIGH,CENTER,CENTER,38.0,50.5,20.29,0.504,10.23,1500,34,-0.259,-0.177
2026-09-10 16:15:41,1863290,-0.898187,-0.439613,261.985,29.707,261.985,29.707,4030,4095,4095,4027,-68,-65,-0.008372,-0.008,40435.83,HIGH,CENTER,CENTER,38.0,50.5,22.76,0.598,13.61,1500,34,-0.251,-0.24
2026-09-10 16:15:42,1863979,-0.898219,-0.439547,261.986,29.704,261.986,29.704,4027,4095,4095,4022,-73,-68,-0.008993,-0.008372,40448.33,HIGH,CENTER,CENTER,38.0,50.3,22.98,0.517,11.88,1500,34,-0.27,-0.251
2026-09-10 16:15:42,1864662,-0.898219,-0.439547,261.987,29.702,261.987,29.702,4022,4095,4095,4019,-76,-73,-0.009367,-0.008993,40460.0,HIGH,CENTER,CENTER,38.0,50.3,24.36,0.667,16.25,1500,34,-0.281,-0.27
2026-09-10 16:15:43,1865345,-0.898251,-0.439482,261.989,29.699,261.989,29.699,4032,4095,4095,4028,-67,-63,-0.008248,-0.007752,40473.33,HIGH,CENTER,CENTER,38.0,50.3,22.88,0.486,11.12,1500,34,-0.247,-0.233
2026-09-10 16:15:44,1866033,-0.898283,-0.439417,261.99,29.696,261.99,29.696,4025,4095,4095,4028,-67,-70,-0.008248,-0.008621,40480.0,HIGH,CENTER,CENTER,38.0,50.2,21.73,1.162,25.25,1500,34,-0.247,-0.259
2026-09-10 16:15:44,1866717,-0.898283,-0.439417,261.991,29.694,261.991,29.694,4032,4095,4095,4023,-72,-63,-0.008869,-0.007752,40455.0,HIGH,CENTER,CENTER,38.0,50.2,24.02,0.513,12.32,1500,34,-0.266,-0.233
2026-09-10 16:15:45,1867400,-0.898315,-0.439351,261.993,29.691,261.993,29.691,4031,4095,4095,4026,-69,-64,-0.008496,-0.007876,40459.17,HIGH,CENTER,CENTER,38.0,50.2,22.7,0.298,6.76,1500,34,-0.255,-0.236
2026-09-10 16:15:46,1868088,-0.898347,-0.439286,261.994,29.689,261.994,29.689,4029,4095,4095,4027,-68,-66,-0.008372,-0.008124,40464.17,HIGH,CENTER,CENTER,38.1,50.1,20.4,0.727,14.83,1500,34,-0.251,-0.244
2026-09-10 16:15:46,1868772,-0.898347,-0.439286,261.995,29.686,261.995,29.686,4029,4095,4095,4031,-64,-66,-0.007876,-0.008124,40475.0,HIGH,CENTER,CENTER,38.1,50.1,22.83,0.257,5.87,1500,34,-0.236,-0.244
2026-09-10 16:15:47,1869455,-0.898379,-0.439221,261.997,29.683,261.997,29.683,4033,4095,4095,4032,-63,-62,-0.007752,-0.007628,40489.17,HIGH,CENTER,CENTER,38.1,50.1,24.54,0.311,7.63,1500,34,-0.233,-0.229
2026-09-10 16:15:48,1870143,-0.898411,-0.439155,261.998,29.681,261.998,29.681,4027,4095,4095,4038,-57,-68,-0.007008,-0.008372,40510.83,HIGH,CENTER,CENTER,38.1,49.9,21.98,0.419,9.21,1500,34,-0.21,-0.251
2026-09-10 16:15:48,1870827,-0.898411,-0.439155,261.999,29.678,261.999,29.678,4016,4095,4095,4016,-79,-79,-0.00974,-0.00974,40531.67,HIGH,CENTER,CENTER,38.1,49.9,21.48,0.664,14.26,1500,34,-0.292,-0.292
2026-09-10 16:15:49,1871510,-0.898443,-0.43909,262.001,29.676,262.001,29.676,3999,4095,4095,4030,-65,-96,-0.008,-0.011861,40580.83,HIGH,CENTER,CENTER,38.1,49.9,20.72,0.633,13.12,1500,34,-0.24,-0.356
2026-09-10 16:15:50,1872198,-0.898475,-0.439025,262.002,29.673,262.002,29.673,4030,4095,4095,4064,-31,-65,-0.003799,-0.008,40604.17,HIGH,CENTER,CENTER,38.1,49.9,20.76,1.0,20.76,1500,34,-0.114,-0.24
2026-09-10 16:15:50,1872882,-0.898475,-0.439025,262.003,29.67,262.003,29.67,4027,4095,4095,4048,-47,-68,-0.005772,-0.008372,40620.83,HIGH,CENTER,CENTER,38.1,49.9,22.16,0.939,20.81,1500,34,-0.173,-0.251
2026-09-10 16:15:51,1873565,-0.898507,-0.438959,262.005,29.668,262.005,29.668,4032,4095,4095,4018,-77,-63,-0.009491,-0.007752,40635.83,HIGH,CENTER,CENTER,38.1,49.9,22.98,0.626,14.39,1500,34,-0.285,-0.233
2026-09-10 16:15:52,1874253,-0.898539,-0.438894,262.006,29.665,262.006,29.665,4022,4095,4095,4063,-32,-73,-0.003923,-0.008993,40607.5,HIGH,CENTER,CENTER,38.1,49.9,20.4,0.534,10.89,1500,34,-0.118,-0.27
2026-09-10 16:15:52,1874937,-0.898539,-0.438894,262.007,29.663,262.007,29.663,4030,4095,4095,4059,-36,-65,-0.004415,-0.008,40618.33,HIGH,CENTER,CENTER,38.1,49.9,24.7,0.516,12.75,1500,34,-0.132,-0.24
2026-09-10 16:15:53,1875620,-0.898571,-0.438829,262.009,29.66,262.009,29.66,4038,4095,4095,4063,-32,-57,-0.003923,-0.007008,40545.0,HIGH,CENTER,CENTER,38.1,49.9,23.78,0.974,23.16,1500,34,-0.118,-0.21
2026-09-10 16:15:54,1876308,-0.898603,-0.438763,262.01,29.657,262.01,29.657,4020,4095,4095,4016,-79,-75,-0.00974,-0.009242,40546.67,HIGH,CENTER,CENTER,38.1,49.8,22.93,0.252,5.78,1500,34,-0.292,-0.277
2026-09-10 16:15:55,1876992,-0.898635,-0.438698,262.011,29.655,262.011,29.655,4018,4095,4095,4019,-76,-77,-0.009367,-0.009491,40564.17,HIGH,CENTER,CENTER,38.1,49.8,24.14,0.213,5.14,1500,34,-0.281,-0.285
2026-09-10 16:15:55,1877675,-0.898635,-0.438698,262.013,29.652,262.013,29.652,4031,4095,4095,4027,-68,-64,-0.008372,-0.007876,40570.83,HIGH,CENTER,CENTER,38.1,49.8,20.4,0.996,20.32,1500,34,-0.251,-0.236
2026-09-10 16:15:56,1878363,-0.898666,-0.438633,262.014,29.65,262.014,29.65,4035,4095,4095,4019,-76,-60,-0.009367,-0.00738,40579.17,HIGH,CENTER,CENTER,38.1,49.7,22.38,0.677,15.15,1500,34,-0.281,-0.221
2026-09-10 16:15:57,1879047,-0.898698,-0.438567,262.015,29.647,262.015,29.647,4025,4095,4095,4015,-80,-70,-0.009864,-0.008621,40605.83,HIGH,CENTER,CENTER,38.1,49.7,23.15,0.331,7.66,1500,34,-0.296,-0.259
2026-09-10 16:15:57,1879730,-0.898698,-0.438567,262.017,29.644,262.017,29.644,4031,4095,4095,4019,-76,-64,-0.009367,-0.007876,40580.0,HIGH,CENTER,CENTER,38.1,49.7,24.14,0.436,10.53,1500,34,-0.281,-0.236
2026-09-10 16:15:58,1880418,-0.89873,-0.438502,262.018,29.642,262.018,29.642,4036,4095,4095,4014,-81,-59,-0.009989,-0.007256,40627.5,HIGH,CENTER,CENTER,38.1,49.6,23.92,1.133,27.1,1500,34,-0.3,-0.218
2026-09-10 16:15:59,1881102,-0.898762,-0.438437,262.019,29.639,262.019,29.639,4043,4095,4095,4016,-79,-52,-0.00974,-0.00639,40633.33,HIGH,CENTER,CENTER,38.1,49.6,21.39,1.06,22.67,1500,34,-0.292,-0.192
2026-09-10 16:15:59,1881785,-0.898762,-0.438437,262.021,29.637,262.021,29.637,4032,4095,4095,4064,-31,-63,-0.003799,-0.007752,40681.67,HIGH,CENTER,CENTER,38.1,49.6,24.7,0.91,22.48,1500,34,-0.114,-0.233
2026-09-10 16:16:00,1882474,-0.898794,-0.438371,262.022,29.634,262.022,29.634,4005,4095,4095,4014,-81,-90,-0.009989,-0.011111,40725.83,HIGH,CENTER,CENTER,38.1,49.5,20.62,0.682,14.06,1500,34,-0.3,-0.333
2026-09-10 16:16:01,1883157,-0.898826,-0.438306,262.023,29.631,262.023,29.631,4032,4095,4095,4018,-77,-63,-0.009491,-0.007752,40759.17,HIGH,CENTER,CENTER,38.1,49.5,24.38,0.72,17.55,1500,34,-0.285,-0.233
2026-09-10 16:16:01,1883840,-0.898826,-0.438306,262.025,29.629,262.025,29.629,4036,4095,4095,4016,-79,-59,-0.00974,-0.007256,40797.5,HIGH,CENTER,CENTER,38.1,49.5,24.85,1.175,29.2,1500,34,-0.292,-0.218
2026-09-10 16:16:02,1884529,-0.898858,-0.43824,262.026,29.626,262.026,29.626,4033,4095,4095,4023,-72,-62,-0.008869,-0.007628,40833.33,HIGH,CENTER,CENTER,38.1,49.4,20.89,1.166,24.36,1500,34,-0.266,-0.229
2026-09-10 16:16:03,1885212,-0.89889,-0.438175,262.027,29.624,262.027,29.624,4021,4095,4095,4017,-78,-74,-0.009615,-0.009118,40872.5,HIGH,CENTER,CENTER,38.1,49.4,23.61,0.415,9.8,1500,34,-0.288,-0.274
2026-09-10 16:16:03,1885895,-0.89889,-0.438175,262.029,29.621,262.029,29.621,4036,4095,4095,4035,-60,-59,-0.00738,-0.007256,40927.5,HIGH,CENTER,CENTER,38.1,49.4,20.2,1.011,20.42,1500,34,-0.221,-0.218
2026-09-10 16:16:04,1886583,-0.898922,-0.43811,262.03,29.618,262.03,29.618,4032,4095,4095,4018,-77,-63,-0.009491,-0.007752,41010.0,HIGH,CENTER,CENTER,38.1,49.3,22.03,0.397,8.75,1500,34,-0.285,-0.233
2026-09-10 16:16:05,1887267,-0.898953,-0.438044,262.031,29.616,262.031,29.616,4030,4095,4095,4050,-45,-65,-0.005525,-0.008,41054.17,HIGH,CENTER,CENTER,38.1,49.3,22.58,0.414,9.35,1500,34,-0.166,-0.24
2026-09-10 16:16:06,1887950,-0.898985,-0.437979,262.033,29.613,262.033,29.613,4043,4095,4095,4016,-79,-52,-0.00974,-0.00639,41102.5,HIGH,CENTER,CENTER,38.1,49.3,22.9,0.876,20.06,1500,34,-0.292,-0.192
2026-09-10 16:16:06,1888638,-0.898985,-0.437979,262.034,29.611,262.034,29.611,4035,4095,4095,4016,-79,-60,-0.00974,-0.00738,41121.67,HIGH,CENTER,CENTER,38.1,49.1,24.68,0.605,14.93,1500,34,-0.292,-0.221
2026-09-10 16:16:07,1889322,-0.899017,-0.437914,262.035,29.608,262.035,29.608,4026,4095,4095,4018,-77,-69,-0.009491,-0.008496,41174.17,HIGH,CENTER,CENTER,38.1,49.1,23.36,1.132,26.44,1500,34,-0.285,-0.255
2026-09-10 16:16:08,1890005,-0.899049,-0.437848,262.037,29.605,262.037,29.605,4035,4095,4095,4006,-89,-60,-0.010986,-0.00738,41211.67,HIGH,CENTER,CENTER,38.1,49.1,22.41,0.289,6.48,1500,34,-0.33,-0.221
2026-09-10 16:16:08,1890693,-0.899049,-0.437848,262.038,29.603,262.038,29.603,4034,4095,4095,4017,-78,-61,-0.009615,-0.007504,41265.83,HIGH,CENTER,CENTER,38.1,48.9,24.05,0.712,17.12,1500,34,-0.288,-0.225
2026-09-10 16:16:09,1891377,-0.899081,-0.437783,262.039,29.6,262.039,29.6,4044,4095,4095,4016,-79,-51,-0.00974,-0.006266,41305.0,HIGH,CENTER,CENTER,38.1,48.9,24.75,1.119,27.7,1500,34,-0.292,-0.188
2026-09-10 16:16:10,1892060,-0.899113,-0.437717,262.041,29.598,262.041,29.598,4034,4095,4095,4015,-80,-61,-0.009864,-0.007504,41301.67,HIGH,CENTER,CENTER,38.1,48.9,20.11,1.104,22.2,1500,34,-0.296,-0.225
2026-09-10 16:16:10,1892748,-0.899113,-0.437717,262.042,29.595,262.042,29.595,4035,4095,4095,4035,-60,-60,-0.00738,-0.00738,41333.33,HIGH,CENTER,CENTER,38.1,48.8,24.91,0.357,8.89,1500,34,-0.221,-0.221
2026-09-10 16:16:11,1893432,-0.899144,-0.437652,262.043,29.592,262.043,29.592,4041,4095,4095,4032,-63,-54,-0.007752,-0.006637,41335.0,HIGH,CENTER,CENTER,38.1,48.8,20.43,0.567,11.58,1500,34,-0.233,-0.199
2026-09-10 16:16:12,1894115,-0.899176,-0.437587,262.045,29.59,262.045,29.59,4041,4095,4095,4018,-77,-54,-0.009491,-0.006637,41333.33,HIGH,CENTER,CENTER,38.1,48.8,24.07,0.819,19.71,1500,34,-0.285,-0.199
2026-09-10 16:16:12,1894803,-0.899176,-0.437587,262.046,29.587,262.046,29.587,4039,4095,4095,4016,-79,-56,-0.00974,-0.006885,41335.0,HIGH,CENTER,CENTER,38.1,48.7,21.4,0.359,7.68,1500,34,-0.292,-0.207
2026-09-10 16:16:13,1895487,-0.899208,-0.437521,262.047,29.585,262.047,29.585,3979,4095,4095,4013,-82,-116,-0.010113,-0.014367,41315.0,HIGH,CENTER,CENTER,38.1,48.7,20.66,1.168,24.13,1500,34,-0.303,-0.431
2026-09-10 16:16:14,1896170,-0.89924,-0.437456,262.048,29.582,262.048,29.582,4031,4095,4095,3999,-96,-64,-0.011861,-0.007876,41335.0,HIGH,CENTER,CENTER,38.1,48.7,22.2,1.115,24.75,1500,34,-0.356,-0.236
2026-09-10 16:16:14,1896858,-0.89924,-0.437456,262.05,29.579,262.05,29.579,4027,4095,4095,4011,-84,-68,-0.010363,-0.008372,41355.83,HIGH,CENTER,CENTER,38.1,48.9,23.22,0.367,8.52,1500,34,-0.311,-0.251
2026-09-10 16:16:15,1897542,-0.899272,-0.43739,262.051,29.577,262.051,29.577,4037,4095,4095,4010,-85,-58,-0.010487,-0.007132,41321.67,HIGH,CENTER,CENTER,38.1,48.9,21.9,0.321,7.03,1500,34,-0.315,-0.214
2026-09-10 16:16:16,1898225,-0.899304,-0.437325,262.052,29.574,262.052,29.574,4029,4095,4095,4013,-82,-66,-0.010113,-0.008124,41335.0,HIGH,CENTER,CENTER,38.1,48.9,20.27,0.285,5.78,1500,34,-0.303,-0.244
2026-09-10 16:16:16,1898913,-0.899304,-0.437325,262.054,29.572,262.054,29.572,4023,4095,4095,4009,-86,-72,-0.010612,-0.008869,41333.33,HIGH,CENTER,CENTER,38.1,48.9,23.0,1.109,25.51,1500,34,-0.318,-0.266
2026-09-10 16:16:17,1899597,-0.899335,-0.43726,262.055,29.569,262.055,29.569,4034,4095,4095,4016,-79,-61,-0.00974,-0.007504,41330.83,HIGH,CENTER,CENTER,38.1,48.9,24.51,0.394,9.66,1500,34,-0.292,-0.225
2026-09-10 16:16:18,1900280,-0.899367,-0.437194,262.056,29.566,262.056,29.566,4033,4095,4095,4016,-79,-62,-0.00974,-0.007628,41320.83,HIGH,CENTER,CENTER,38.1,48.9,21.92,0.616,13.5,1500,34,-0.292,-0.229
2026-09-10 16:16:19,1900968,-0.899399,-0.437129,262.058,29.564,262.058,29.564,4035,4095,4095,4012,-83,-60,-0.010238,-0.00738,41309.17,HIGH,CENTER,CENTER,38.1,48.8,21.08,0.649,13.68,1500,34,-0.307,-0.221
2026-09-10 16:16:19,1901652,-0.899399,-0.437129,262.059,29.561,262.059,29.561,4027,4095,4095,4014,-81,-68,-0.009989,-0.008372,41261.67,HIGH,CENTER,CENTER,38.1,48.8,22.21,0.799,17.75,1500,34,-0.3,-0.251
2026-09-10 16:16:20,1902335,-0.899431,-0.437063,262.06,29.559,262.06,29.559,4001,4095,4095,4020,-75,-94,-0.009242,-0.011611,41265.0,HIGH,CENTER,CENTER,38.1,48.8,20.24,0.272,5.51,1500,34,-0.277,-0.348
2026-09-10 16:16:21,1903023,-0.899462,-0.436998,262.062,29.556,262.062,29.556,4034,4095,4095,4013,-82,-61,-0.010113,-0.007504,41238.33,HIGH,CENTER,CENTER,38.1,48.8,24.1,0.427,10.29,1500,34,-0.303,-0.225
2026-09-10 16:16:21,1903707,-0.899462,-0.436998,262.063,29.553,262.063,29.553,4018,4095,4095,4013,-82,-77,-0.010113,-0.009491,41210.83,HIGH,CENTER,CENTER,38.1,48.8,24.13,1.131,27.29,1500,34,-0.303,-0.285
2026-09-10 16:16:22,1904390,-0.899494,-0.436933,262.064,29.551,262.064,29.551,4031,4095,4095,4045,-50,-64,-0.006143,-0.007876,41204.17,HIGH,CENTER,CENTER,38.1,48.8,22.94,1.108,25.42,1500,34,-0.184,-0.236
2026-09-10 16:16:23,1905078,-0.899526,-0.436867,262.066,29.548,262.066,29.548,4022,4095,4095,4019,-76,-73,-0.009367,-0.008993,41190.0,HIGH,CENTER,CENTER,38.1,48.8,21.77,0.981,21.36,1500,34,-0.281,-0.27
2026-09-10 16:16:23,1905762,-0.899526,-0.436867,262.067,29.546,262.067,29.546,4029,4095,4095,4020,-75,-66,-0.009242,-0.008124,41127.5,HIGH,CENTER,CENTER,38.1,48.8,24.0,0.219,5.26,1500,34,-0.277,-0.244
2026-09-10 16:16:24,1906445,-0.899558,-0.436802,262.068,29.543,262.068,29.543,4039,4095,4095,4051,-44,-56,-0.005401,-0.006885,41063.33,HIGH,CENTER,CENTER,38.1,48.8,22.77,0.527,12.0,1500,34,-0.162,-0.207
2026-09-10 16:16:25,1907133,-0.89959,-0.436736,262.07,29.54,262.07,29.54,4032,4095,4095,4005,-90,-63,-0.011111,-0.007752,41015.0,HIGH,CENTER,CENTER,38.1,48.9,24.13,0.828,19.98,1500,34,-0.333,-0.233
2026-09-10 16:16:25,1907817,-0.89959,-0.436736,262.071,29.538,262.071,29.538,4032,4095,4095,4000,-95,-63,-0.011736,-0.007752,41010.0,HIGH,CENTER,CENTER,38.1,48.9,23.16,0.475,11.0,1500,34,-0.352,-0.233
2026-09-10 16:16:26,1908500,-0.899621,-0.436671,262.072,29.535,262.072,29.535,4020,4095,4095,3999,-96,-75,-0.011861,-0.009242,40961.67,HIGH,CENTER,CENTER,38.1,48.9,23.92,1.11,26.55,1500,34,-0.356,-0.277
2026-09-10 16:16:27,1909188,-0.899653,-0.436606,262.074,29.533,262.074,29.533,3996,4095,4095,4007,-88,-99,-0.010862,-0.012236,40920.0,HIGH,CENTER,CENTER,38.1,49.0,22.99,0.834,19.17,1500,34,-0.326,-0.367
2026-09-10 16:16:27,1909872,-0.899653,-0.436606,262.075,29.53,262.075,29.53,4032,4095,4095,4013,-82,-63,-0.010113,-0.007752,40873.33,HIGH,CENTER,CENTER,38.1,49.0,22.07,0.272,6.0,1500,34,-0.303,-0.233
2026-09-10 16:16:28,1910555,-0.899685,-0.43654,262.076,29.528,262.076,29.528,4031,4095,4095,4007,-88,-64,-0.010862,-0.007876,40838.33,HIGH,CENTER,CENTER,38.1,49.0,24.79,1.109,27.49,1500,34,-0.326,-0.236
2026-09-10 16:16:29,1911243,-0.899717,-0.436475,262.078,29.525,262.078,29.525,4029,4095,4095,4052,-43,-66,-0.005278,-0.008124,40754.17,HIGH,CENTER,CENTER,38.1,49.1,22.71,1.158,26.3,1500,34,-0.158,-0.244
2026-09-10 16:16:29,1911927,-0.899717,-0.436475,262.079,29.522,262.079,29.522,4030,4095,4095,4009,-86,-65,-0.010612,-0.008,40705.0,HIGH,CENTER,CENTER,38.1,49.1,23.03,0.278,6.4,1500,34,-0.318,-0.24
2026-09-10 16:16:30,1912610,-0.899748,-0.436409,262.08,29.52,262.08,29.52,4023,4095,4095,4003,-92,-72,-0.011361,-0.008869,40620.83,HIGH,CENTER,CENTER,38.1,49.1,21.1,0.732,15.45,1500,34,-0.341,-0.266
2026-09-10 16:16:31,1913298,-0.89978,-0.436344,262.082,29.517,262.082,29.517,4019,4095,4095,4007,-88,-76,-0.010862,-0.009367,40575.83,HIGH,CENTER,CENTER,38.1,49.2,23.13,0.503,11.63,1500,34,-0.326,-0.281
2026-09-10 16:16:32,1913982,-0.899812,-0.436278,262.083,29.515,262.083,29.515,4019,4095,4095,3998,-97,-76,-0.011986,-0.009367,40505.0,HIGH,CENTER,CENTER,38.1,49.2,22.86,0.593,13.56,1500,34,-0.36,-0.281
2026-09-10 16:16:32,1914665,-0.899812,-0.436278,262.084,29.512,262.084,29.512,4036,4095,4095,4006,-89,-59,-0.010986,-0.007256,40423.33,HIGH,CENTER,CENTER,38.1,49.2,20.92,0.38,7.95,1500,34,-0.33,-0.218
2026-09-10 16:16:33,1915353,-0.899843,-0.436213,262.086,29.509,262.086,29.509,4031,4095,4095,4016,-79,-64,-0.00974,-0.007876,40353.33,HIGH,CENTER,CENTER,38.1,49.2,20.3,0.778,15.79,1500,34,-0.292,-0.236
2026-09-10 16:16:34,1916037,-0.899875,-0.436147,262.087,29.507,262.087,29.507,4033,4095,4095,4045,-50,-62,-0.006143,-0.007628,40278.33,HIGH,CENTER,CENTER,38.1,49.2,23.02,1.158,26.66,1500,34,-0.184,-0.229
2026-09-10 16:16:34,1916720,-0.899875,-0.436147,262.088,29.504,262.088,29.504,4026,4095,4095,4001,-94,-69,-0.011611,-0.008496,40259.17,HIGH,CENTER,CENTER,38.1,49.2,23.82,0.703,16.75,1500,34,-0.348,-0.255
2026-09-10 16:16:35,1917408,-0.899907,-0.436082,262.09,29.501,262.09,29.501,4033,4095,4095,4010,-85,-62,-0.010487,-0.007628,40197.5,HIGH,CENTER,CENTER,38.1,49.2,22.62,0.283,6.4,1500,34,-0.315,-0.229
2026-09-10 16:16:36,1918092,-0.899939,-0.436017,262.091,29.499,262.091,29.499,4032,4095,4095,4009,-86,-63,-0.010612,-0.007752,40157.5,HIGH,CENTER,CENTER,38.1,49.2,21.13,0.82,17.33,1500,34,-0.318,-0.233
2026-09-10 16:16:36,1918775,-0.899939,-0.436017,262.092,29.496,262.092,29.496,4030,4095,4095,4002,-93,-65,-0.011486,-0.008,40116.67,HIGH,CENTER,CENTER,38.1,49.2,23.33,0.54,12.6,1500,34,-0.345,-0.24
2026-09-10 16:16:37,1919463,-0.89997,-0.435951,262.094,29.494,262.094,29.494,4032,4095,4095,4015,-80,-63,-0.009864,-0.007752,40088.33,HIGH,CENTER,CENTER,38.1,49.2,20.4,1.056,21.54,1500,34,-0.296,-0.233
2026-09-10 16:16:38,1920147,-0.900002,-0.435886,262.095,29.491,262.095,29.491,4035,4095,4095,4003,-92,-60,-0.011361,-0.00738,40031.67,HIGH,CENTER,CENTER,38.1,49.2,22.21,0.635,14.1,1500,34,-0.341,-0.221
2026-09-10 16:16:38,1920830,-0.900002,-0.435886,262.096,29.489,262.096,29.489,4027,4095,4095,4051,-44,-68,-0.005401,-0.008372,40047.5,HIGH,CENTER,CENTER,38.1,49.2,20.82,0.393,8.18,1500,34,-0.162,-0.251
2026-09-10 16:16:39,1921518,-0.900034,-0.43582,262.098,29.486,262.098,29.486,4027,4095,4095,3999,-96,-68,-0.011861,-0.008372,40032.5,HIGH,CENTER,CENTER,38.1,49.3,20.92,0.391,8.18,1500,34,-0.356,-0.251
2026-09-10 16:16:40,1922202,-0.900065,-0.435755,262.099,29.483,262.099,29.483,4031,4095,4095,4002,-93,-64,-0.011486,-0.007876,40042.5,HIGH,CENTER,CENTER,38.1,49.3,21.01,0.969,20.36,1500,34,-0.345,-0.236
2026-09-10 16:16:40,1922885,-0.900065,-0.435755,262.1,29.481,262.1,29.481,4032,4095,4095,4003,-92,-63,-0.011361,-0.007752,40021.67,HIGH,CENTER,CENTER,38.1,49.3,21.93,0.466,10.22,1500,34,-0.341,-0.233
2026-09-10 16:16:41,1923573,-0.900097,-0.435689,262.102,29.478,262.102,29.478,4021,4095,4095,3994,-101,-74,-0.012486,-0.009118,40098.33,HIGH,CENTER,CENTER,38.1,49.6,20.26,0.967,19.59,1500,34,-0.375,-0.274
2026-09-10 16:16:42,1924257,-0.900129,-0.435624,262.103,29.476,262.103,29.476,4031,4095,4095,4002,-93,-64,-0.011486,-0.007876,40072.5,HIGH,CENTER,CENTER,38.1,49.6,21.99,0.406,8.93,1500,34,-0.345,-0.236
2026-09-10 16:16:42,1924940,-0.900129,-0.435624,262.104,29.473,262.104,29.473,4029,4095,4095,4047,-48,-66,-0.005895,-0.008124,40137.5,HIGH,CENTER,CENTER,38.1,49.6,22.56,0.522,11.78,1500,34,-0.177,-0.244
2026-09-10 16:16:43,1925628,-0.90016,-0.435558,262.106,29.47,262.106,29.47,4034,4095,4095,4020,-75,-61,-0.009242,-0.007504,40152.5,HIGH,CENTER,CENTER,38.1,49.8,22.42,0.665,14.91,1500,34,-0.277,-0.225
2026-09-10 16:16:44,1926312,-0.900192,-0.435493,262.107,29.468,262.107,29.468,4031,4095,4095,3998,-97,-64,-0.011986,-0.007876,40198.33,HIGH,CENTER,CENTER,38.1,49.8,21.91,1.143,25.04,1500,34,-0.36,-0.236
2026-09-10 16:16:45,1926995,-0.900224,-0.435428,262.108,29.465,262.108,29.465,4017,4095,4095,3995,-100,-78,-0.012361,-0.009615,40225.0,HIGH,CENTER,CENTER,38.1,49.8,24.2,1.132,27.39,1500,34,-0.371,-0.288
2026-09-10 16:16:45,1927683,-0.900224,-0.435428,262.11,29.463,262.11,29.463,4052,4095,4095,4003,-92,-43,-0.011361,-0.005278,40215.0,HIGH,CENTER,CENTER,38.1,49.8,20.73,0.407,8.44,1500,34,-0.341,-0.158
2026-09-10 16:16:46,1928367,-0.900255,-0.435362,262.111,29.46,262.111,29.46,4034,4095,4095,4004,-91,-61,-0.011236,-0.007504,40199.17,HIGH,CENTER,CENTER,38.1,49.8,22.53,0.558,12.57,1500,34,-0.337,-0.225
2026-09-10 16:16:47,1929050,-0.900287,-0.435297,262.112,29.457,262.112,29.457,4031,4095,4095,3999,-96,-64,-0.011861,-0.007876,40257.5,HIGH,CENTER,CENTER,38.1,49.8,20.31,0.349,7.09,1500,34,-0.356,-0.236
2026-09-10 16:16:47,1929738,-0.900287,-0.435297,262.114,29.455,262.114,29.455,4034,4095,4095,4005,-90,-61,-0.011111,-0.007504,40285.0,HIGH,CENTER,CENTER,38.1,49.7,20.36,0.71,14.46,1500,34,-0.333,-0.225
2026-09-10 16:16:48,1930422,-0.900319,-0.435231,262.115,29.452,262.115,29.452,4039,4095,4095,4006,-89,-56,-0.010986,-0.006885,40302.5,HIGH,CENTER,CENTER,38.1,49.7,22.87,0.661,15.12,1500,34,-0.33,-0.207
2026-09-10 16:16:49,1931105,-0.90035,-0.435166,262.116,29.45,262.116,29.45,4029,4095,4095,3999,-96,-66,-0.011861,-0.008124,40303.33,HIGH,CENTER,CENTER,38.1,49.7,22.83,1.101,25.14,1500,34,-0.356,-0.244
2026-09-10 16:16:49,1931793,-0.90035,-0.435166,262.118,29.447,262.118,29.447,4038,4095,4095,4007,-88,-57,-0.010862,-0.007008,40310.83,HIGH,CENTER,CENTER,38.1,49.6,24.39,1.13,27.56,1500,34,-0.326,-0.21
2026-09-10 16:16:50,1932477,-0.900382,-0.4351,262.119,29.444,262.119,29.444,4032,4095,4095,4011,-84,-63,-0.010363,-0.007752,40314.17,HIGH,CENTER,CENTER,38.1,49.6,22.79,0.584,13.31,1500,34,-0.311,-0.233
2026-09-10 16:16:51,1933160,-0.900414,-0.435035,262.12,29.442,262.12,29.442,4034,4095,4095,4048,-47,-61,-0.005772,-0.007504,40266.67,HIGH,CENTER,CENTER,38.1,49.6,24.8,0.692,17.16,1500,34,-0.173,-0.225
2026-09-10 16:16:51,1933848,-0.900414,-0.435035,262.122,29.439,262.122,29.439,4037,4095,4095,4006,-89,-58,-0.010986,-0.007132,40240.0,HIGH,CENTER,CENTER,38.1,49.7,20.24,1.096,22.18,1500,34,-0.33,-0.214
2026-09-10 16:16:52,1934532,-0.900445,-0.434969,262.123,29.437,262.123,29.437,4029,4095,4095,3991,-104,-66,-0.012862,-0.008124,40239.17,HIGH,CENTER,CENTER,38.1,49.7,20.49,1.007,20.63,1500,34,-0.386,-0.244
2026-09-10 16:16:53,1935215,-0.900477,-0.434904,262.124,29.434,262.124,29.434,3997,4095,4095,3995,-100,-98,-0.012361,-0.012111,40226.67,HIGH,CENTER,CENTER,38.1,49.7,20.22,0.204,4.12,1500,34,-0.371,-0.363
2026-09-10 16:16:53,1935903,-0.900477,-0.434904,262.126,29.431,262.126,29.431,4034,4095,4095,4003,-92,-61,-0.011361,-0.007504,40167.5,HIGH,CENTER,CENTER,38.1,49.9,20.93,0.52,10.88,1500,34,-0.341,-0.225
2026-09-10 16:16:54,1936587,-0.900509,-0.434838,262.127,29.429,262.127,29.429,4031,4095,4095,3991,-104,-64,-0.012862,-0.007876,40136.67,HIGH,CENTER,CENTER,38.1,49.9,22.71,0.622,14.13,1500,34,-0.386,-0.236
2026-09-10 16:16:55,1937270,-0.90054,-0.434773,262.128,29.426,262.128,29.426,4036,4095,4095,4000,-95,-59,-0.011736,-0.007256,40139.17,HIGH,CENTER,CENTER,38.1,49.9,23.23,0.43,9.99,1500,34,-0.352,-0.218
2026-09-10 16:16:56,1937959,-0.900572,-0.434707,262.13,29.424,262.13,29.424,4030,4095,4095,4003,-92,-65,-0.011361,-0.008,40120.0,HIGH,CENTER,CENTER,38.1,50.2,20.23,0.4,8.09,1500,34,-0.341,-0.24
2026-09-10 16:16:56,1938642,-0.900572,-0.434707,262.131,29.421,262.131,29.421,4021,4095,4095,4002,-93,-74,-0.011486,-0.009118,40105.0,HIGH,CENTER,CENTER,38.1,50.2,24.73,0.238,5.89,1500,34,-0.345,-0.274
2026-09-10 16:16:57,1939325,-0.900603,-0.434642,262.132,29.418,262.132,29.418,4030,4095,4095,3991,-104,-65,-0.012862,-0.008,40089.17,HIGH,CENTER,CENTER,38.1,50.2,24.21,0.843,20.41,1500,34,-0.386,-0.24
2026-09-10 16:16:58,1940013,-0.900635,-0.434576,262.133,29.416,262.133,29.416,4030,4095,4095,4001,-94,-65,-0.011611,-0.008,40076.67,HIGH,CENTER,CENTER,38.1,50.0,21.48,0.463,9.95,1500,34,-0.348,-0.24
2026-09-10 16:16:58,1940697,-0.900635,-0.434576,262.135,29.413,262.135,29.413,4027,4095,4095,3989,-106,-68,-0.013112,-0.008372,40039.17,HIGH,CENTER,CENTER,38.1,50.0,20.39,0.252,5.14,1500,34,-0.393,-0.251
2026-09-10 16:16:59,1941380,-0.900667,-0.434511,262.136,29.411,262.136,29.411,4023,4095,4095,4009,-86,-72,-0.010612,-0.008869,40024.17,HIGH,CENTER,CENTER,38.1,50.0,20.85,0.431,8.99,1500,34,-0.318,-0.266
2026-09-10 16:17:00,1942069,-0.900698,-0.434445,262.137,29.408,262.137,29.408,4023,4095,4095,4011,-84,-72,-0.010363,-0.008869,39982.5,HIGH,CENTER,CENTER,38.1,49.5,20.63,1.002,20.67,1500,34,-0.311,-0.266
2026-09-10 16:17:00,1942752,-0.900698,-0.434445,262.139,29.405,262.139,29.405,4032,4095,4095,3989,-106,-63,-0.013112,-0.007752,39972.5,HIGH,CENTER,CENTER,38.1,49.5,20.62,1.051,21.67,1500,34,-0.393,-0.233
2026-09-10 16:17:01,1943435,-0.90073,-0.43438,262.14,29.403,262.14,29.403,4016,4095,4095,3971,-124,-79,-0.015373,-0.00974,39922.5,HIGH,CENTER,CENTER,38.1,49.5,22.59,0.683,15.43,1500,34,-0.461,-0.292
2026-09-10 16:17:02,1944124,-0.900761,-0.434314,262.141,29.4,262.141,29.4,4026,4095,4095,4033,-62,-69,-0.007628,-0.008496,39884.17,HIGH,CENTER,CENTER,38.1,49.4,21.23,0.616,13.08,1500,34,-0.229,-0.255
2026-09-10 16:17:02,1944807,-0.900761,-0.434314,262.143,29.398,262.143,29.398,4025,4095,4095,3999,-96,-70,-0.011861,-0.008621,39835.0,HIGH,CENTER,CENTER,38.1,49.4,21.79,1.178,25.67,1500,34,-0.356,-0.259
2026-09-10 16:17:03,1945490,-0.900793,-0.434249,262.144,29.395,262.144,29.395,4027,4095,4095,4037,-58,-68,-0.007132,-0.008372,39784.17,HIGH,CENTER,CENTER,38.1,49.4,24.95,0.401,10.0,1500,34,-0.214,-0.251
2026-09-10 16:17:04,1946178,-0.900825,-0.434183,262.145,29.392,262.145,29.392,4032,4095,4095,3989,-106,-63,-0.013112,-0.007752,39730.0,HIGH,CENTER,CENTER,38.1,49.2,23.42,0.415,9.72,1500,34,-0.393,-0.233
2026-09-10 16:17:04,1946862,-0.900825,-0.434183,262.147,29.39,262.147,29.39,4032,4095,4095,3986,-109,-63,-0.013488,-0.007752,39671.67,HIGH,CENTER,CENTER,38.1,49.2,24.74,0.492,12.17,1500,34,-0.405,-0.233
2026-09-10 16:17:05,1947545,-0.900856,-0.434118,262.148,29.387,262.148,29.387,4018,4095,4095,3987,-108,-77,-0.013363,-0.009491,39595.0,HIGH,CENTER,CENTER,38.1,49.2,20.71,0.373,7.72,1500,34,-0.401,-0.285
2026-09-10 16:17:06,1948233,-0.900888,-0.434052,262.149,29.385,262.149,29.385,4031,4095,4095,3986,-109,-64,-0.013488,-0.007876,39555.0,HIGH,CENTER,CENTER,38.1,49.1,21.91,0.579,12.69,1500,34,-0.405,-0.236
2026-09-10 16:17:06,1948917,-0.900888,-0.434052,262.151,29.382,262.151,29.382,4027,4095,4095,3982,-113,-68,-0.01399,-0.008372,39492.5,HIGH,CENTER,CENTER,38.1,49.1,22.77,1.111,25.3,1500,34,-0.42,-0.251
2026-09-10 16:17:07,1949600,-0.900919,-0.433987,262.152,29.379,262.152,29.379,4021,4095,4095,3984,-111,-74,-0.013739,-0.009118,39468.33,HIGH,CENTER,CENTER,38.1,49.1,20.38,0.815,16.61,1500,34,-0.412,-0.274
2026-09-10 16:17:08,1950288,-0.900951,-0.433921,262.153,29.377,262.153,29.377,4029,4095,4095,3988,-107,-66,-0.013238,-0.008124,39403.33,HIGH,CENTER,CENTER,38.1,49.1,20.02,0.612,12.25,1500,34,-0.397,-0.244
2026-09-10 16:17:09,1950972,-0.900982,-0.433856,262.155,29.374,262.155,29.374,4030,4095,4095,3995,-100,-65,-0.012361,-0.008,39366.67,HIGH,CENTER,CENTER,38.1,49.1,23.35,1.134,26.48,1500,34,-0.371,-0.24
2026-09-10 16:17:09,1951655,-0.900982,-0.433856,262.156,29.372,262.156,29.372,4031,4095,4095,3990,-105,-64,-0.012987,-0.007876,39349.17,HIGH,CENTER,CENTER,38.1,49.1,23.21,0.248,5.76,1500,34,-0.39,-0.236
2026-09-10 16:17:10,1952343,-0.901014,-0.43379,262.157,29.369,262.157,29.369,4018,4095,4095,4006,-89,-77,-0.010986,-0.009491,39331.67,HIGH,CENTER,CENTER,38.1,49.1,22.05,0.41,9.04,1500,34,-0.33,-0.285
2026-09-10 16:17:11,1953027,-0.901045,-0.433725,262.159,29.366,262.159,29.366,4025,4095,4095,3984,-111,-70,-0.013739,-0.008621,39307.5,HIGH,CENTER,CENTER,38.1,49.1,22.45,0.766,17.2,1500,34,-0.412,-0.259
2026-09-10 16:17:11,1953710,-0.901045,-0.433725,262.16,29.364,262.16,29.364,4027,4095,4095,3995,-100,-68,-0.012361,-0.008372,39268.33,HIGH,CENTER,CENTER,38.1,49.1,22.08,0.816,18.02,1500,34,-0.371,-0.251
2026-09-10 16:17:12,1954398,-0.901077,-0.433659,262.161,29.361,262.161,29.361,4026,4095,4095,3995,-100,-69,-0.012361,-0.008496,39292.5,HIGH,CENTER,CENTER,38.1,49.1,20.12,0.24,4.83,1500,34,-0.371,-0.255
2026-09-10 16:17:13,1955082,-0.901109,-0.433594,262.163,29.359,262.163,29.359,4033,4095,4095,3991,-104,-62,-0.012862,-0.007628,39316.67,HIGH,CENTER,CENTER,38.1,49.1,21.68,0.603,13.07,1500,34,-0.386,-0.229
2026-09-10 16:17:13,1955765,-0.901109,-0.433594,262.164,29.356,262.164,29.356,4023,4095,4095,4007,-88,-72,-0.010862,-0.008869,39290.0,HIGH,CENTER,CENTER,38.1,49.1,20.89,0.849,17.74,1500,34,-0.326,-0.266
2026-09-10 16:17:14,1956453,-0.90114,-0.433528,262.165,29.353,262.165,29.353,4010,4095,4095,3984,-111,-85,-0.013739,-0.010487,39296.67,HIGH,CENTER,CENTER,38.1,49.0,20.49,0.898,18.4,1500,34,-0.412,-0.315
2026-09-10 16:17:15,1957137,-0.901172,-0.433462,262.167,29.351,262.167,29.351,4027,4095,4095,3988,-107,-68,-0.013238,-0.008372,39322.5,HIGH,CENTER,CENTER,38.1,49.0,24.78,0.838,20.77,1500,34,-0.397,-0.251
2026-09-10 16:17:15,1957820,-0.901172,-0.433462,262.168,29.348,262.168,29.348,4034,4095,4095,4032,-63,-61,-0.007752,-0.007504,39320.83,HIGH,CENTER,CENTER,38.1,49.0,23.0,0.521,11.98,1500,34,-0.233,-0.225
2026-09-10 16:17:16,1958508,-0.901203,-0.433397,262.169,29.346,262.169,29.346,4025,4095,4095,3987,-108,-70,-0.013363,-0.008621,39347.5,HIGH,CENTER,CENTER,38.0,49.0,23.64,0.294,6.95,1500,34,-0.401,-0.259
2026-09-10 16:17:17,1959192,-0.901235,-0.433331,262.171,29.343,262.171,29.343,4030,4095,4095,4033,-62,-65,-0.007628,-0.008,39355.0,HIGH,CENTER,CENTER,38.0,49.0,21.58,0.627,13.53,1500,34,-0.229,-0.24
2026-09-10 16:17:17,1959875,-0.901235,-0.433331,262.172,29.34,262.172,29.34,4031,4095,4095,3995,-100,-64,-0.012361,-0.007876,39402.5,HIGH,CENTER,CENTER,38.0,49.0,21.97,0.329,7.23,1500,34,-0.371,-0.236
2026-09-10 16:17:18,1960563,-0.901266,-0.433266,262.173,29.338,262.173,29.338,4031,4095,4095,3991,-104,-64,-0.012862,-0.007876,39414.17,HIGH,CENTER,CENTER,38.0,49.0,21.18,1.148,24.31,1500,34,-0.386,-0.236
2026-09-10 16:17:19,1961247,-0.901298,-0.4332,262.175,29.335,262.175,29.335,4022,4095,4095,3980,-115,-73,-0.014241,-0.008993,39460.83,HIGH,CENTER,CENTER,38.0,49.0,20.48,0.675,13.82,1500,34,-0.427,-0.27
2026-09-10 16:17:19,1961930,-0.901298,-0.4332,262.176,29.333,262.176,29.333,4032,4095,4095,3986,-109,-63,-0.013488,-0.007752,39501.67,HIGH,CENTER,CENTER,38.0,49.0,20.9,0.517,10.81,1500,34,-0.405,-0.233
2026-09-10 16:17:20,1962618,-0.901329,-0.433135,262.177,29.33,262.177,29.33,4027,4095,4095,3977,-118,-68,-0.014618,-0.008372,39515.83,HIGH,CENTER,CENTER,38.0,49.0,23.99,0.966,23.17,1500,34,-0.439,-0.251
2026-09-10 16:17:21,1963302,-0.901361,-0.433069,262.179,29.327,262.179,29.327,4031,4095,4095,4003,-92,-64,-0.011361,-0.007876,39590.83,HIGH,CENTER,CENTER,38.0,49.0,23.39,0.698,16.33,1500,34,-0.341,-0.236
2026-09-10 16:17:22,1963985,-0.901392,-0.433004,262.18,29.325,262.18,29.325,4029,4095,4095,3973,-122,-66,-0.015121,-0.008124,39611.67,HIGH,CENTER,CENTER,38.0,49.0,22.73,0.51,11.59,1500,34,-0.454,-0.244
2026-09-10 16:17:22,1964673,-0.901392,-0.433004,262.181,29.322,262.181,29.322,4028,4095,4095,3985,-110,-67,-0.013614,-0.008248,39692.5,HIGH,CENTER,CENTER,38.0,48.8,22.38,1.012,22.65,1500,34,-0.408,-0.247
2026-09-10 16:17:23,1965357,-0.901424,-0.432938,262.183,29.32,262.183,29.32,4031,4095,4095,3984,-111,-64,-0.013739,-0.007876,39703.33,HIGH,CENTER,CENTER,38.0,48.8,24.61,1.067,26.26,1500,34,-0.412,-0.236
2026-09-10 16:17:24,1966040,-0.901455,-0.432873,262.184,29.317,262.184,29.317,4032,4095,4095,4029,-66,-63,-0.008124,-0.007752,39755.0,HIGH,CENTER,CENTER,38.0,48.8,20.36,0.873,17.77,1500,34,-0.244,-0.233
2026-09-10 16:17:24,1966728,-0.901455,-0.432873,262.185,29.314,262.185,29.314,4034,4095,4095,3987,-108,-61,-0.013363,-0.007504,39800.83,HIGH,CENTER,CENTER,38.0,48.9,21.4,0.247,5.29,1500,34,-0.401,-0.225
2026-09-10 16:17:25,1967412,-0.901487,-0.432807,262.186,29.312,262.186,29.312,4044,4095,4095,3986,-109,-51,-0.013488,-0.006266,39834.17,HIGH,CENTER,CENTER,38.0,48.9,21.75,0.766,16.66,1500,34,-0.405,-0.188
2026-09-10 16:17:26,1968095,-0.901518,-0.432741,262.188,29.309,262.188,29.309,4031,4095,4095,4028,-67,-64,-0.008248,-0.007876,39863.33,HIGH,CENTER,CENTER,38.0,48.9,23.91,0.963,23.03,1500,34,-0.247,-0.236
2026-09-10 16:17:26,1968783,-0.901518,-0.432741,262.189,29.307,262.189,29.307,4038,4095,4095,4008,-87,-57,-0.010737,-0.007008,39870.0,HIGH,CENTER,CENTER,38.0,48.8,24.96,0.337,8.41,1500,34,-0.322,-0.21
2026-09-10 16:17:27,1969467,-0.90155,-0.432676,262.19,29.304,262.19,29.304,4035,4095,4095,3984,-111,-60,-0.013739,-0.00738,39885.0,HIGH,CENTER,CENTER,38.0,48.8,21.2,0.429,9.09,1500,34,-0.412,-0.221
2026-09-10 16:17:28,1970150,-0.901581,-0.43261,262.192,29.301,262.192,29.301,4031,4095,4095,3981,-114,-64,-0.014116,-0.007876,39915.0,HIGH,CENTER,CENTER,38.0,48.8,24.37,1.082,26.37,1500,34,-0.423,-0.236
2026-09-10 16:17:28,1970838,-0.901581,-0.43261,262.193,29.299,262.193,29.299,4029,4095,4095,3979,-116,-66,-0.014367,-0.008124,39915.83,HIGH,CENTER,CENTER,38.0,48.7,24.15,0.22,5.31,1500,34,-0.431,-0.244
2026-09-10 16:17:29,1971522,-0.901612,-0.432545,262.194,29.296,262.194,29.296,4030,4095,4095,3988,-107,-65,-0.013238,-0.008,39936.67,HIGH,CENTER,CENTER,38.0,48.7,21.12,0.953,20.13,1500,34,-0.397,-0.24
2026-09-10 16:17:30,1972205,-0.901644,-0.432479,262.196,29.294,262.196,29.294,4020,4095,4095,3975,-120,-75,-0.01487,-0.009242,39983.33,HIGH,CENTER,CENTER,38.0,48.7,22.0,0.674,14.83,1500,34,-0.446,-0.277
2026-09-10 16:17:30,1972893,-0.901644,-0.432479,262.197,29.291,262.197,29.291,4023,4095,4095,4021,-74,-72,-0.009118,-0.008869,39982.5,HIGH,CENTER,CENTER,38.0,48.7,22.05,0.647,14.27,1500,34,-0.274,-0.266
2026-09-10 16:17:31,1973577,-0.901675,-0.432414,262.198,29.288,262.198,29.288,4029,4095,4095,3987,-108,-66,-0.013363,-0.008124,39960.0,HIGH,CENTER,CENTER,38.0,48.7,24.89,0.207,5.15,1500,34,-0.401,-0.244
2026-09-10 16:17:32,1974260,-0.901707,-0.432348,262.2,29.286,262.2,29.286,4029,4095,4095,3984,-111,-66,-0.013739,-0.008124,39943.33,HIGH,CENTER,CENTER,38.0,48.7,20.9,1.019,21.3,1500,34,-0.412,-0.244
2026-09-10 16:17:33,1974948,-0.901738,-0.432282,262.201,29.283,262.201,29.283,4028,4095,4095,3984,-111,-67,-0.013739,-0.008248,39957.5,HIGH,CENTER,CENTER,38.0,48.6,24.0,0.56,13.44,1500,34,-0.412,-0.247
2026-09-10 16:17:33,1975632,-0.901738,-0.432282,262.202,29.281,262.202,29.281,4029,4095,4095,3987,-108,-66,-0.013363,-0.008124,39960.0,HIGH,CENTER,CENTER,38.0,48.6,21.67,0.741,16.06,1500,34,-0.401,-0.244
2026-09-10 16:17:34,1976315,-0.90177,-0.432217,262.204,29.278,262.204,29.278,4031,4095,4095,3975,-120,-64,-0.01487,-0.007876,39994.17,HIGH,CENTER,CENTER,38.0,48.6,23.65,0.877,20.74,1500,34,-0.446,-0.236
2026-09-10 16:17:35,1977003,-0.901801,-0.432151,262.205,29.275,262.205,29.275,4034,4095,4095,3983,-112,-61,-0.013865,-0.007504,40000.0,HIGH,CENTER,CENTER,38.0,48.5,22.1,0.903,19.96,1500,34,-0.416,-0.225
2026-09-10 16:17:35,1977687,-0.901801,-0.432151,262.206,29.273,262.206,29.273,4030,4095,4095,3973,-122,-65,-0.015121,-0.008,39995.83,HIGH,CENTER,CENTER,38.0,48.5,22.89,1.156,26.46,1500,34,-0.454,-0.24
2026-09-10 16:17:36,1978370,-0.901833,-0.432086,262.208,29.27,262.208,29.27,4027,4095,4095,3984,-111,-68,-0.013739,-0.008372,40020.0,HIGH,CENTER,CENTER,38.0,48.5,24.16,0.731,17.66,1500,34,-0.412,-0.251
2026-09-10 16:17:37,1979058,-0.901864,-0.43202,262.209,29.268,262.209,29.268,4028,4095,4095,3984,-111,-67,-0.013739,-0.008248,40065.0,HIGH,CENTER,CENTER,38.0,48.8,24.02,0.6,14.41,1500,34,-0.412,-0.247
2026-09-10 16:17:37,1979742,-0.901864,-0.43202,262.21,29.265,262.21,29.265,4029,4095,4095,3979,-116,-66,-0.014367,-0.008124,40107.5,HIGH,CENTER,CENTER,38.0,48.8,24.33,1.154,28.08,1500,34,-0.431,-0.244
2026-09-10 16:17:38,1980425,-0.901895,-0.431955,262.212,29.262,262.212,29.262,4031,4095,4095,3984,-111,-64,-0.013739,-0.007876,40094.17,HIGH,CENTER,CENTER,38.0,48.8,20.3,0.842,17.09,1500,34,-0.412,-0.236
2026-09-10 16:17:39,1981113,-0.901927,-0.431889,262.213,29.26,262.213,29.26,4027,4095,4095,3983,-112,-68,-0.013865,-0.008372,40082.5,HIGH,CENTER,CENTER,37.9,49.0,23.46,0.498,11.68,1500,34,-0.416,-0.251
2026-09-10 16:17:39,1981797,-0.901927,-0.431889,262.214,29.257,262.214,29.257,4023,4095,4095,3981,-114,-72,-0.014116,-0.008869,40088.33,HIGH,CENTER,CENTER,37.9,49.0,20.7,0.326,6.75,1500,34,-0.423,-0.266
2026-09-10 16:17:40,1982480,-0.901958,-0.431823,262.216,29.255,262.216,29.255,4016,4095,4095,3973,-122,-79,-0.015121,-0.00974,40133.33,HIGH,CENTER,CENTER,37.9,49.0,22.08,1.043,23.03,1500,34,-0.454,-0.292
2026-09-10 16:17:41,1983168,-0.90199,-0.431758,262.217,29.252,262.217,29.252,4015,4095,4095,3975,-120,-80,-0.01487,-0.009864,40127.5,HIGH,CENTER,CENTER,37.9,49.0,22.74,0.562,12.78,1500,34,-0.446,-0.296
2026-09-10 16:17:41,1983852,-0.90199,-0.431758,262.218,29.249,262.218,29.249,4019,4095,4095,3979,-116,-76,-0.014367,-0.009367,40171.67,HIGH,CENTER,CENTER,37.9,49.0,22.01,0.86,18.93,1500,34,-0.431,-0.281
2026-09-10 16:17:42,1984535,-0.902021,-0.431692,262.22,29.247,262.22,29.247,4027,4095,4095,4000,-95,-68,-0.011736,-0.008372,40150.83,HIGH,CENTER,CENTER,37.9,49.0,22.6,0.671,15.16,1500,34,-0.352,-0.251
2026-09-10 16:17:43,1985223,-0.902052,-0.431627,262.221,29.244,262.221,29.244,4026,4095,4095,3970,-125,-69,-0.015499,-0.008496,40143.33,HIGH,CENTER,CENTER,37.9,49.0,24.98,0.399,9.97,1500,34,-0.465,-0.255
2026-09-10 16:17:43,1985907,-0.902052,-0.431627,262.222,29.242,262.222,29.242,4027,4095,4095,3968,-127,-68,-0.015751,-0.008372,40160.0,HIGH,CENTER,CENTER,37.9,49.0,20.68,0.802,16.59,1500,34,-0.473,-0.251
2026-09-10 16:17:44,1986590,-0.902084,-0.431561,262.224,29.239,262.224,29.239,4029,4095,4095,3969,-126,-66,-0.015625,-0.008124,40146.67,HIGH,CENTER,CENTER,37.9,49.0,23.38,0.261,6.1,1500,34,-0.469,-0.244
2026-09-10 16:17:45,1987278,-0.902115,-0.431495,262.225,29.236,262.225,29.236,4021,4095,4095,3968,-127,-74,-0.015751,-0.009118,40127.5,HIGH,CENTER,CENTER,37.9,48.9,21.98,0.613,13.47,1500,34,-0.473,-0.274
2026-09-10 16:17:46,1987962,-0.902147,-0.43143,262.226,29.234,262.226,29.234,4037,4095,4095,3969,-126,-58,-0.015625,-0.007132,40128.33,HIGH,CENTER,CENTER,37.9,48.9,20.67,0.747,15.44,1500,34,-0.469,-0.214
2026-09-10 16:17:46,1988645,-0.902147,-0.43143,262.228,29.231,262.228,29.231,4030,4095,4095,3971,-124,-65,-0.015373,-0.008,40113.33,HIGH,CENTER,CENTER,37.9,48.9,20.79,0.636,13.22,1500,34,-0.461,-0.24
2026-09-10 16:17:47,1989333,-0.902178,-0.431364,262.229,29.229,262.229,29.229,4030,4095,4095,4017,-78,-65,-0.009615,-0.008,40055.0,HIGH,CENTER,CENTER,37.9,48.9,24.75,0.949,23.49,1500,34,-0.288,-0.24
2026-09-10 16:17:48,1990017,-0.902209,-0.431299,262.23,29.226,262.23,29.226,4005,4095,4095,3990,-105,-90,-0.012987,-0.011111,40065.0,HIGH,CENTER,CENTER,37.9,48.9,24.4,1.028,25.08,1500,34,-0.39,-0.333
2026-09-10 16:17:48,1990700,-0.902209,-0.431299,262.231,29.223,262.231,29.223,4017,4095,4095,3975,-120,-78,-0.01487,-0.009615,40093.33,HIGH,CENTER,CENTER,37.9,48.9,24.54,0.971,23.83,1500,34,-0.446,-0.288
2026-09-10 16:17:49,1991388,-0.902241,-0.431233,262.233,29.221,262.233,29.221,4021,4095,4095,3982,-113,-74,-0.01399,-0.009118,40055.0,HIGH,CENTER,CENTER,37.9,48.8,24.96,0.239,5.97,1500,34,-0.42,-0.274
2026-09-10 16:17:50,1992072,-0.902272,-0.431167,262.234,29.218,262.234,29.218,4017,4095,4095,3987,-108,-78,-0.013363,-0.009615,40029.17,HIGH,CENTER,CENTER,37.9,48.8,21.04,0.394,8.29,1500,34,-0.401,-0.288
2026-09-10 16:17:50,1992755,-0.902272,-0.431167,262.235,29.216,262.235,29.216,4029,4095,4095,3975,-120,-66,-0.01487,-0.008124,40030.0,HIGH,CENTER,CENTER,37.9,48.8,21.78,0.737,16.05,1500,34,-0.446,-0.244
2026-09-10 16:17:51,1993443,-0.902303,-0.431102,262.237,29.213,262.237,29.213,4034,4095,4095,3999,-96,-61,-0.011861,-0.007504,40061.67,HIGH,CENTER,CENTER,37.9,48.7,23.35,1.135,26.5,1500,34,-0.356,-0.225
2026-09-10 16:17:52,1994127,-0.902335,-0.431036,262.238,29.21,262.238,29.21,4034,4095,4095,3975,-120,-61,-0.01487,-0.007504,40069.17,HIGH,CENTER,CENTER,37.9,48.7,22.42,1.035,23.2,1500,34,-0.446,-0.225
2026-09-10 16:17:52,1994810,-0.902335,-0.431036,262.239,29.208,262.239,29.208,4028,4095,4095,3975,-120,-67,-0.01487,-0.008248,40071.67,HIGH,CENTER,CENTER,37.9,48.7,22.09,1.043,23.04,1500,34,-0.446,-0.247
2026-09-10 16:17:53,1995498,-0.902366,-0.430971,262.241,29.205,262.241,29.205,4029,4095,4095,3975,-120,-66,-0.01487,-0.008124,40055.0,HIGH,CENTER,CENTER,37.9,48.8,21.79,0.503,10.96,1500,34,-0.446,-0.244
2026-09-10 16:17:54,1996182,-0.902397,-0.430905,262.242,29.203,262.242,29.203,4032,4095,4095,3969,-126,-63,-0.015625,-0.007752,40103.33,HIGH,CENTER,CENTER,37.9,48.8,22.97,0.629,14.45,1500,34,-0.469,-0.233
2026-09-10 16:17:54,1996865,-0.902397,-0.430905,262.243,29.2,262.243,29.2,4027,4095,4095,3973,-122,-68,-0.015121,-0.008372,40117.5,HIGH,CENTER,CENTER,37.9,48.8,22.88,0.671,15.35,1500,34,-0.454,-0.251
2026-09-10 16:17:55,1997553,-0.902429,-0.430839,262.245,29.197,262.245,29.197,4027,4095,4095,4002,-93,-68,-0.011486,-0.008372,40152.5,HIGH,CENTER,CENTER,37.8,48.9,20.81,0.357,7.43,1500,34,-0.345,-0.251
2026-09-10 16:17:56,1998237,-0.90246,-0.430774,262.246,29.195,262.246,29.195,4030,4095,4095,3973,-122,-65,-0.015121,-0.008,40211.67,HIGH,CENTER,CENTER,37.8,48.9,22.36,0.231,5.17,1500,34,-0.454,-0.24
2026-09-10 16:17:56,1998920,-0.90246,-0.430774,262.247,29.192,262.247,29.192,4031,4095,4095,3977,-118,-64,-0.014618,-0.007876,40231.67,HIGH,CENTER,CENTER,37.8,48.9,22.77,1.147,26.12,1500,34,-0.439,-0.236
2026-09-10 16:17:57,1999608,-0.902491,-0.430708,262.249,29.19,262.249,29.19,4031,4095,4095,3971,-124,-64,-0.015373,-0.007876,40240.83,HIGH,CENTER,CENTER,37.8,49.0,22.85,0.441,10.08,1500,34,-0.461,-0.236
2026-09-10 16:17:58,2000292,-0.902523,-0.430642,262.25,29.187,262.25,29.187,4051,4095,4095,3978,-117,-44,-0.014493,-0.005401,40275.83,HIGH,CENTER,CENTER,37.8,49.0,21.05,0.44,9.26,1500,34,-0.435,-0.162
2026-09-10 16:17:59,2000975,-0.902554,-0.430577,262.251,29.184,262.251,29.184,4027,4095,4095,3975,-120,-68,-0.01487,-0.008372,40305.83,HIGH,CENTER,CENTER,37.8,49.0,23.71,0.283,6.71,1500,34,-0.446,-0.251
2026-09-10 16:17:59,2001663,-0.902554,-0.430577,262.253,29.182,262.253,29.182,4023,4095,4095,3973,-122,-72,-0.015121,-0.008869,40361.67,HIGH,CENTER,CENTER,37.8,49.2,20.13,1.129,22.73,1500,34,-0.454,-0.266
2026-09-10 16:18:00,2002347,-0.902585,-0.430511,262.254,29.179,262.254,29.179,4032,4095,4095,4013,-82,-63,-0.010113,-0.007752,40384.17,HIGH,CENTER,CENTER,37.8,49.2,21.77,0.78,16.98,1500,34,-0.303,-0.233
2026-09-10 16:18:01,2003030,-0.902617,-0.430445,262.255,29.177,262.255,29.177,4030,4095,4095,4015,-80,-65,-0.009864,-0.008,40412.5,HIGH,CENTER,CENTER,37.8,49.2,23.9,0.867,20.72,1500,34,-0.296,-0.24
2026-09-10 16:18:01,2003718,-0.902617,-0.430445,262.257,29.174,262.257,29.174,4027,4095,4095,3971,-124,-68,-0.015373,-0.008372,40407.5,HIGH,CENTER,CENTER,37.8,49.4,22.82,1.112,25.38,1500,34,-0.461,-0.251
2026-09-10 16:18:02,2004402,-0.902648,-0.43038,262.258,29.171,262.258,29.171,4031,4095,4095,3997,-98,-64,-0.012111,-0.007876,40421.67,HIGH,CENTER,CENTER,37.8,49.4,21.31,0.546,11.64,1500,34,-0.363,-0.236
2026-09-10 16:18:03,2005085,-0.902679,-0.430314,262.259,29.169,262.259,29.169,4028,4095,4095,3966,-129,-67,-0.016003,-0.008248,40416.67,HIGH,CENTER,CENTER,37.8,49.4,23.47,0.822,19.29,1500,34,-0.48,-0.247
2026-09-10 16:18:03,2005773,-0.902679,-0.430314,262.261,29.166,262.261,29.166,4031,4095,4095,3968,-127,-64,-0.015751,-0.007876,40435.0,HIGH,CENTER,CENTER,37.8,49.6,22.84,0.239,5.46,1500,34,-0.473,-0.236
2026-09-10 16:18:04,2006457,-0.90271,-0.430249,262.262,29.164,262.262,29.164,4014,4095,4095,3973,-122,-81,-0.015121,-0.009989,40450.83,HIGH,CENTER,CENTER,37.8,49.6,23.98,0.387,9.28,1500,34,-0.454,-0.3
2026-09-10 16:18:05,2007140,-0.902742,-0.430183,262.263,29.161,262.263,29.161,4032,4095,4095,3966,-129,-63,-0.016003,-0.007752,40470.0,HIGH,CENTER,CENTER,37.8,49.6,23.68,1.031,24.41,1500,34,-0.48,-0.233
2026-09-10 16:18:05,2007828,-0.902742,-0.430183,262.265,29.158,262.265,29.158,4025,4095,4095,3957,-138,-70,-0.017139,-0.008621,40422.5,HIGH,CENTER,CENTER,37.8,49.8,23.05,0.967,22.29,1500,34,-0.514,-0.259
2026-09-10 16:18:06,2008512,-0.902773,-0.430117,262.266,29.156,262.266,29.156,4031,4095,4095,3969,-126,-64,-0.015625,-0.007876,40411.67,HIGH,CENTER,CENTER,37.8,49.8,22.44,0.551,12.36,1500,34,-0.469,-0.236
2026-09-10 16:18:07,2009195,-0.902804,-0.430052,262.267,29.153,262.267,29.153,4014,4095,4095,3962,-133,-81,-0.016507,-0.009989,40391.67,HIGH,CENTER,CENTER,37.8,49.8,20.67,0.577,11.93,1500,34,-0.495,-0.3
2026-09-10 16:18:07,2009883,-0.902804,-0.430052,262.268,29.151,262.268,29.151,4037,4095,4095,3967,-128,-58,-0.015877,-0.007132,40371.67,HIGH,CENTER,CENTER,37.8,50.0,21.31,0.734,15.64,1500,34,-0.476,-0.214
2026-09-10 16:18:08,2010567,-0.902836,-0.429986,262.27,29.148,262.27,29.148,4027,4095,4095,3957,-138,-68,-0.017139,-0.008372,40338.33,HIGH,CENTER,CENTER,37.8,50.0,22.1,0.2,4.42,1500,34,-0.514,-0.251
2026-09-10 16:18:09,2011250,-0.902867,-0.42992,262.271,29.145,262.271,29.145,4027,4095,4095,3966,-129,-68,-0.016003,-0.008372,40263.33,HIGH,CENTER,CENTER,37.8,50.0,23.0,0.441,10.14,1500,34,-0.48,-0.251
2026-09-10 16:18:09,2011939,-0.902867,-0.42992,262.272,29.143,262.272,29.143,4021,4095,4095,3957,-138,-74,-0.017139,-0.009118,40197.5,HIGH,CENTER,CENTER,37.8,49.9,22.57,0.408,9.21,1500,34,-0.514,-0.274
2026-09-10 16:18:10,2012622,-0.902898,-0.429855,262.274,29.14,262.274,29.14,4025,4095,4095,3955,-140,-70,-0.017391,-0.008621,40140.83,HIGH,CENTER,CENTER,37.8,49.9,21.44,0.45,9.65,1500,34,-0.522,-0.259
2026-09-10 16:18:11,2013305,-0.902929,-0.429789,262.275,29.138,262.275,29.138,4023,4095,4095,3970,-125,-72,-0.015499,-0.008869,40067.5,HIGH,CENTER,CENTER,37.8,49.9,20.03,1.006,20.15,1500,34,-0.465,-0.266
2026-09-10 16:18:12,2013993,-0.902961,-0.429723,262.276,29.135,262.276,29.135,4019,4095,4095,3963,-132,-76,-0.016381,-0.009367,39982.5,HIGH,CENTER,CENTER,37.7,49.9,22.48,0.48,10.79,1500,34,-0.491,-0.281
2026-09-10 16:18:12,2014677,-0.902961,-0.429723,262.278,29.132,262.278,29.132,4027,4095,4095,3957,-138,-68,-0.017139,-0.008372,39919.17,HIGH,CENTER,CENTER,37.7,49.9,21.43,0.392,8.4,1500,34,-0.514,-0.251
2026-09-10 16:18:13,2015360,-0.902992,-0.429658,262.279,29.13,262.279,29.13,4019,4095,4095,3957,-138,-76,-0.017139,-0.009367,39800.83,HIGH,CENTER,CENTER,37.7,49.9,23.67,0.704,16.66,1500,34,-0.514,-0.281
2026-09-10 16:18:14,2016048,-0.903023,-0.429592,262.28,29.127,262.28,29.127,4021,4095,4095,3946,-149,-74,-0.01853,-0.009118,39722.5,HIGH,CENTER,CENTER,37.7,49.7,20.12,1.066,21.45,1500,34,-0.556,-0.274
2026-09-10 16:18:14,2016732,-0.903023,-0.429592,262.282,29.125,262.282,29.125,4015,4095,4095,3952,-143,-80,-0.017771,-0.009864,39633.33,HIGH,CENTER,CENTER,37.7,49.7,22.92,0.441,10.11,1500,34,-0.533,-0.296
2026-09-10 16:18:15,2017415,-0.903054,-0.429526,262.283,29.122,262.283,29.122,4019,4095,4095,3958,-137,-76,-0.017012,-0.009367,39564.17,HIGH,CENTER,CENTER,37.7,49.7,24.71,0.279,6.89,1500,34,-0.51,-0.281
2026-09-10 16:18:16,2018103,-0.903086,-0.429461,262.284,29.119,262.284,29.119,4023,4095,4095,3963,-132,-72,-0.016381,-0.008869,39503.33,HIGH,CENTER,CENTER,37.7,49.9,20.87,0.556,11.6,1500,34,-0.491,-0.266
2026-09-10 16:18:16,2018787,-0.903086,-0.429461,262.286,29.117,262.286,29.117,4016,4095,4095,3962,-133,-79,-0.016507,-0.00974,39366.67,HIGH,CENTER,CENTER,37.7,49.9,22.36,0.948,21.2,1500,34,-0.495,-0.292
2026-09-10 16:18:17,2019470,-0.903117,-0.429395,262.287,29.114,262.287,29.114,4007,4095,4095,3953,-142,-88,-0.017644,-0.010862,39213.33,HIGH,CENTER,CENTER,37.7,49.9,20.46,0.751,15.37,1500,34,-0.529,-0.326
2026-09-10 16:18:18,2020158,-0.903148,-0.429329,262.288,29.112,262.288,29.112,4000,4095,4095,3952,-143,-95,-0.017771,-0.011736,39184.17,HIGH,CENTER,CENTER,37.7,50.2,23.13,1.017,23.52,1500,34,-0.533,-0.352
2026-09-10 16:18:18,2020842,-0.903148,-0.429329,262.29,29.109,262.29,29.109,4013,4095,4095,3975,-120,-82,-0.01487,-0.010113,39074.17,HIGH,CENTER,CENTER,37.7,50.2,22.75,1.16,26.39,1500,34,-0.446,-0.303
2026-09-10 16:18:19,2021525,-0.903179,-0.429264,262.291,29.106,262.291,29.106,4014,4095,4095,3958,-137,-81,-0.017012,-0.009989,38984.17,HIGH,CENTER,CENTER,37.7,50.2,22.04,0.993,21.89,1500,34,-0.51,-0.3
2026-09-10 16:18:20,2022213,-0.90321,-0.429198,262.292,29.104,262.292,29.104,4017,4095,4095,3969,-126,-78,-0.015625,-0.009615,38899.17,HIGH,CENTER,CENTER,37.7,50.6,22.61,0.804,18.18,1500,34,-0.469,-0.288
2026-09-10 16:18:20,2022897,-0.90321,-0.429198,262.294,29.101,262.294,29.101,4013,4095,4087,3952,-135,-82,-0.016793,-0.010113,38820.0,HIGH,CENTER,CENTER,37.7,50.6,24.48,0.693,16.96,1500,34,-0.504,-0.303
2026-09-10 16:18:21,2023580,-0.903242,-0.429132,262.295,29.099,262.295,29.099,4015,4095,4095,3958,-137,-80,-0.017012,-0.009864,38720.0,HIGH,CENTER,CENTER,37.7,50.6,20.98,0.24,5.04,1500,34,-0.51,-0.296
2026-09-10 16:18:22,2024269,-0.903273,-0.429067,262.296,29.096,262.296,29.096,4013,4095,4095,3955,-140,-82,-0.017391,-0.010113,38624.17,HIGH,CENTER,CENTER,37.7,50.7,20.11,1.184,23.81,1500,34,-0.522,-0.303
2026-09-10 16:18:23,2024952,-0.903304,-0.429001,262.298,29.093,262.298,29.093,4015,4095,4095,3961,-134,-80,-0.016634,-0.009864,38550.0,HIGH,CENTER,CENTER,37.7,50.7,24.31,0.583,14.17,1500,34,-0.499,-0.296
2026-09-10 16:18:23,2025635,-0.903304,-0.429001,262.299,29.091,262.299,29.091,4014,4095,4095,3971,-124,-81,-0.015373,-0.009989,38484.17,HIGH,CENTER,CENTER,37.7,50.7,22.89,0.352,8.06,1500,34,-0.461,-0.3
2026-09-10 16:18:24,2026324,-0.903335,-0.428935,262.3,29.088,262.3,29.088,4014,4095,4095,3959,-136,-81,-0.016886,-0.009989,38371.67,HIGH,CENTER,CENTER,37.7,50.7,24.45,0.867,21.2,1500,34,-0.507,-0.3
2026-09-10 16:18:25,2027007,-0.903366,-0.428869,262.301,29.085,262.301,29.085,4002,4095,4095,3957,-138,-93,-0.017139,-0.011486,38251.67,HIGH,CENTER,CENTER,37.7,50.7,22.98,0.484,11.12,1500,34,-0.514,-0.345
2026-09-10 16:18:25,2027690,-0.903366,-0.428869,262.303,29.083,262.303,29.083,4011,4095,4095,3954,-141,-84,-0.017518,-0.010363,38170.83,HIGH,CENTER,CENTER,37.7,50.7,24.05,0.786,18.9,1500,34,-0.526,-0.311
2026-09-10 16:18:26,2028378,-0.903398,-0.428804,262.304,29.08,262.304,29.08,4011,4095,4095,3969,-126,-84,-0.015625,-0.010363,38067.5,HIGH,CENTER,CENTER,37.7,50.6,22.15,0.787,17.43,1500,34,-0.469,-0.311
2026-09-10 16:18:27,2029062,-0.903429,-0.428738,262.305,29.078,262.305,29.078,4002,4095,4095,3951,-144,-93,-0.017897,-0.011486,37940.0,HIGH,CENTER,CENTER,37.7,50.6,23.75,0.646,15.34,1500,34,-0.537,-0.345
2026-09-10 16:18:27,2029745,-0.903429,-0.428738,262.307,29.075,262.307,29.075,4011,4095,4095,3962,-133,-84,-0.016507,-0.010363,37861.67,HIGH,CENTER,CENTER,37.7,50.6,24.57,1.036,25.45,1500,34,-0.495,-0.311
2026-09-10 16:18:28,2030433,-0.90346,-0.428672,262.308,29.072,262.308,29.072,4003,4095,4095,3952,-143,-92,-0.017771,-0.011361,37732.5,HIGH,CENTER,CENTER,37.7,50.4,22.86,0.465,10.63,1500,34,-0.533,-0.341
2026-09-10 16:18:29,2031117,-0.903491,-0.428607,262.309,29.07,262.309,29.07,4003,4095,4095,3952,-143,-92,-0.017771,-0.011361,37643.33,HIGH,CENTER,CENTER,37.7,50.4,20.9,0.649,13.56,1500,34,-0.533,-0.341
2026-09-10 16:18:29,2031800,-0.903491,-0.428607,262.311,29.067,262.311,29.067,4002,4095,4095,3950,-145,-93,-0.018024,-0.011486,37541.67,HIGH,CENTER,CENTER,37.7,50.4,21.34,0.738,15.75,1500,34,-0.541,-0.345
2026-09-10 16:18:30,2032488,-0.903522,-0.428541,262.312,29.065,262.312,29.065,4007,4095,4095,3954,-141,-88,-0.017518,-0.010862,37404.17,HIGH,CENTER,CENTER,37.7,50.3,20.99,0.864,18.14,1500,34,-0.526,-0.326
2026-09-10 16:18:31,2033172,-0.903554,-0.428475,262.313,29.062,262.313,29.062,4027,4095,4095,3986,-109,-68,-0.013488,-0.008372,37266.67,HIGH,CENTER,CENTER,37.7,50.3,21.23,0.984,20.89,1500,34,-0.405,-0.251
2026-09-10 16:18:31,2033855,-0.903554,-0.428475,262.315,29.059,262.315,29.059,4005,4095,4095,3952,-143,-90,-0.017771,-0.011111,37173.33,HIGH,CENTER,CENTER,37.7,50.3,21.53,0.595,12.81,1500,34,-0.533,-0.333
2026-09-10 16:18:32,2034543,-0.903585,-0.42841,262.316,29.057,262.316,29.057,4003,4095,4095,3953,-142,-92,-0.017644,-0.011361,37061.67,HIGH,CENTER,CENTER,37.7,50.1,22.78,0.846,19.27,1500,34,-0.529,-0.341
2026-09-10 16:18:33,2035227,-0.903616,-0.428344,262.317,29.054,262.317,29.054,3999,4095,4095,3937,-158,-96,-0.019671,-0.011861,37001.67,HIGH,LEFT,CENTER,37.7,50.1,22.94,0.351,8.05,1460,34,-0.59,-0.356
2026-09-10 16:18:33,2035910,-0.903616,-0.428344,262.319,29.052,262.319,29.052,3999,4095,4095,3952,-143,-96,-0.017771,-0.011861,36906.67,HIGH,CENTER,CENTER,37.7,50.1,22.13,1.133,25.07,1500,34,-0.533,-0.356
2026-09-10 16:18:34,2036598,-0.903647,-0.428278,262.32,29.049,262.32,29.049,4001,4095,4095,3952,-143,-94,-0.017771,-0.011611,36784.17,HIGH,CENTER,CENTER,37.6,49.7,23.08,0.583,13.46,1500,34,-0.533,-0.348
2026-09-10 16:18:35,2037282,-0.903678,-0.428212,262.321,29.046,262.321,29.046,3999,4095,4095,3952,-143,-96,-0.017771,-0.011861,36704.17,HIGH,CENTER,CENTER,37.6,49.7,20.41,0.93,18.98,1500,34,-0.533,-0.356
2026-09-10 16:18:36,2037965,-0.903709,-0.428147,262.323,29.044,262.323,29.044,3989,4095,4095,3955,-140,-106,-0.017391,-0.013112,36581.67,HIGH,CENTER,CENTER,37.6,49.7,20.44,0.22,4.5,1500,34,-0.522,-0.393
2026-09-10 16:18:36,2038653,-0.903709,-0.428147,262.324,29.041,262.324,29.041,3990,4095,4095,3952,-143,-105,-0.017771,-0.012987,36515.0,HIGH,CENTER,CENTER,37.6,49.5,20.86,0.405,8.45,1500,34,-0.533,-0.39
2026-09-10 16:18:37,2039337,-0.90374,-0.428081,262.325,29.039,262.325,29.039,3993,4095,4095,3947,-148,-102,-0.018403,-0.012611,36435.83,HIGH,CENTER,CENTER,37.6,49.5,22.59,0.687,15.52,1500,34,-0.552,-0.378
2026-09-10 16:18:38,2040020,-0.903772,-0.428015,262.327,29.036,262.327,29.036,3995,4095,4095,3946,-149,-100,-0.01853,-0.012361,36382.5,HIGH,CENTER,CENTER,37.6,49.5,21.07,1.078,22.71,1500,34,-0.556,-0.371
2026-09-10 16:18:38,2040708,-0.903772,-0.428015,262.328,29.033,262.328,29.033,3997,4095,4095,3951,-144,-98,-0.017897,-0.012111,36315.0,HIGH,CENTER,CENTER,37.6,49.3,21.42,0.727,15.57,1500,34,-0.537,-0.363
2026-09-10 16:18:39,2041392,-0.903803,-0.427949,262.329,29.031,262.329,29.031,4030,4095,4095,3952,-143,-65,-0.017771,-0.008,36240.83,HIGH,CENTER,CENTER,37.6,49.3,22.0,1.13,24.86,1500,34,-0.533,-0.24
2026-09-10 16:18:40,2042075,-0.903834,-0.427884,262.33,29.028,262.33,29.028,3996,4095,4095,3952,-143,-99,-0.017771,-0.012236,36149.17,HIGH,CENTER,CENTER,37.6,49.3,24.06,0.684,16.46,1500,34,-0.533,-0.367
2026-09-10 16:18:40,2042763,-0.903834,-0.427884,262.332,29.026,262.332,29.026,3989,4095,4095,3950,-145,-106,-0.018024,-0.013112,36038.33,HIGH,CENTER,CENTER,37.5,49.1,20.07,0.69,13.85,1500,34,-0.541,-0.393
2026-09-10 16:18:41,2043447,-0.903865,-0.427818,262.333,29.023,262.333,29.023,3999,4095,4095,3953,-142,-96,-0.017644,-0.011861,35976.67,HIGH,CENTER,CENTER,37.5,49.1,23.25,0.32,7.44,1500,34,-0.529,-0.356
2026-09-10 16:18:42,2044130,-0.903896,-0.427752,262.334,29.02,262.334,29.02,3987,4095,4095,3947,-148,-108,-0.018403,-0.013363,35884.17,HIGH,CENTER,CENTER,37.5,49.1,23.34,1.003,23.41,1500,34,-0.552,-0.401
2026-09-10 16:18:42,2044818,-0.903896,-0.427752,262.336,29.018,262.336,29.018,3967,4095,4095,3946,-149,-128,-0.01853,-0.015877,35804.17,HIGH,CENTER,CENTER,37.5,49.1,23.99,0.447,10.72,1500,34,-0.556,-0.476
2026-09-10 16:18:43,2045502,-0.903927,-0.427687,262.337,29.015,262.337,29.015,3987,4095,4095,3948,-147,-108,-0.018277,-0.013363,35695.0,HIGH,CENTER,CENTER,37.5,49.1,24.66,1.1,27.13,1500,34,-0.548,-0.401
2026-09-10 16:18:44,2046185,-0.903958,-0.427621,262.338,29.013,262.338,29.013,3991,4095,4095,3939,-156,-104,-0.019417,-0.012862,35633.33,HIGH,LEFT,CENTER,37.5,49.1,20.1,1.111,22.33,1460,34,-0.583,-0.386
2026-09-10 16:18:44,2046873,-0.903958,-0.427621,262.34,29.01,262.34,29.01,3989,4095,4095,3952,-143,-106,-0.017771,-0.013112,35542.5,HIGH,CENTER,CENTER,37.5,49.2,20.77,1.143,23.74,1500,34,-0.533,-0.393
2026-09-10 16:18:45,2047557,-0.903989,-0.427555,262.341,29.007,262.341,29.007,3985,4095,4095,3949,-146,-110,-0.01815,-0.013614,35430.0,HIGH,CENTER,CENTER,37.5,49.2,24.43,0.72,17.59,1500,34,-0.544,-0.408
2026-09-10 16:18:46,2048240,-0.90402,-0.427489,262.342,29.005,262.342,29.005,3981,4095,4095,3986,-109,-114,-0.013488,-0.014116,35319.17,HIGH,CENTER,CENTER,37.5,49.2,22.29,0.877,19.55,1500,34,-0.405,-0.423
2026-09-10 16:18:46,2048928,-0.90402,-0.427489,262.344,29.002,262.344,29.002,3981,4095,4095,3947,-148,-114,-0.018403,-0.014116,35226.67,HIGH,CENTER,CENTER,37.5,49.3,22.82,0.979,22.34,1500,34,-0.552,-0.423
2026-09-10 16:18:47,2049612,-0.904051,-0.427424,262.345,29.0,262.345,29.0,3982,4095,4095,3939,-156,-113,-0.019417,-0.01399,35115.0,HIGH,LEFT,CENTER,37.5,49.3,23.32,0.331,7.72,1460,34,-0.583,-0.42
2026-09-10 16:18:48,2050295,-0.904083,-0.427358,262.346,28.997,262.346,28.997,3980,4095,4095,3953,-142,-115,-0.017644,-0.014241,35003.33,HIGH,CENTER,CENTER,37.5,49.3,23.4,0.801,18.74,1500,34,-0.529,-0.427
2026-09-10 16:18:49,2050984,-0.904114,-0.427292,262.348,28.994,262.348,28.994,3969,4095,4095,3934,-161,-126,-0.020052,-0.015625,34878.33,HIGH,LEFT,CENTER,37.5,49.4,24.66,0.234,5.77,1460,34,-0.602,-0.469
2026-09-10 16:18:49,2051667,-0.904114,-0.427292,262.349,28.992,262.349,28.992,3979,4095,4095,3943,-152,-116,-0.01891,-0.014367,34763.33,HIGH,LEFT,CENTER,37.5,49.4,24.98,0.698,17.44,1460,34,-0.567,-0.431
2026-09-10 16:18:50,2052350,-0.904145,-0.427226,262.35,28.989,262.35,28.989,3982,4095,4095,3947,-148,-113,-0.018403,-0.01399,34624.17,HIGH,CENTER,CENTER,37.5,49.4,23.6,0.355,8.38,1500,34,-0.552,-0.42
2026-09-10 16:18:51,2053038,-0.904176,-0.427161,262.352,28.987,262.352,28.987,3972,4095,4095,3943,-152,-123,-0.01891,-0.015247,34477.5,HIGH,LEFT,CENTER,37.5,49.3,21.44,0.383,8.21,1460,34,-0.567,-0.457
2026-09-10 16:18:51,2053722,-0.904176,-0.427161,262.353,28.984,262.353,28.984,3970,4095,4095,3983,-112,-125,-0.013865,-0.015499,34332.5,HIGH,CENTER,CENTER,37.5,49.3,24.4,0.565,13.79,1500,34,-0.416,-0.465
2026-09-10 16:18:52,2054405,-0.904207,-0.427095,262.354,28.981,262.354,28.981,3967,4095,4095,3943,-152,-128,-0.01891,-0.015877,34167.5,HIGH,LEFT,CENTER,37.5,49.3,20.25,0.632,12.8,1460,34,-0.567,-0.476
2026-09-10 16:18:53,2055093,-0.904238,-0.427029,262.356,28.979,262.356,28.979,3969,4095,4095,3936,-159,-126,-0.019798,-0.015625,34038.33,HIGH,LEFT,CENTER,37.4,49.3,21.16,0.823,17.41,1460,34,-0.594,-0.469
2026-09-10 16:18:53,2055777,-0.904238,-0.427029,262.357,28.976,262.357,28.976,3965,4095,4095,3945,-150,-130,-0.018657,-0.016129,33881.67,HIGH,CENTER,CENTER,37.4,49.3,24.49,0.274,6.71,1500,34,-0.56,-0.484
2026-09-10 16:18:54,2056460,-0.904269,-0.426963,262.358,28.974,262.358,28.974,3966,4095,4095,3947,-148,-129,-0.018403,-0.016003,33693.33,HIGH,CENTER,CENTER,37.4,49.3,21.28,0.704,14.98,1500,34,-0.552,-0.48
2026-09-10 16:18:55,2057148,-0.9043,-0.426898,262.359,28.971,262.359,28.971,3968,4095,4095,3934,-161,-127,-0.020052,-0.015751,33568.33,HIGH,LEFT,CENTER,37.4,49.3,21.1,0.383,8.08,1460,34,-0.602,-0.473
2026-09-10 16:18:55,2057832,-0.9043,-0.426898,262.361,28.968,262.361,28.968,3961,4095,4095,3939,-156,-134,-0.019417,-0.016634,33416.67,HIGH,LEFT,CENTER,37.4,49.3,20.69,0.774,16.01,1460,34,-0.583,-0.499
2026-09-10 16:18:56,2058515,-0.904331,-0.426832,262.362,28.966,262.362,28.966,3953,4095,4095,3958,-137,-142,-0.017012,-0.017644,33237.5,HIGH,CENTER,CENTER,37.4,49.3,24.3,0.837,20.34,1500,34,-0.51,-0.529
2026-09-10 16:18:57,2059203,-0.904362,-0.426766,262.363,28.963,262.363,28.963,3943,4095,4095,3938,-157,-152,-0.019544,-0.01891,33080.0,HIGH,LEFT,BOTTOM,37.4,49.4,22.5,0.757,17.03,1460,33,-0.586,-0.567
2026-09-10 16:18:57,2059887,-0.904362,-0.426766,262.365,28.961,262.365,28.961,3953,4095,4095,3941,-154,-142,-0.019164,-0.017644,32915.83,HIGH,LEFT,CENTER,37.4,49.4,23.37,0.938,21.92,1460,33,-0.575,-0.529
2026-09-10 16:18:58,2060570,-0.904393,-0.4267,262.366,28.958,262.366,28.958,3951,4095,4095,3935,-160,-144,-0.019925,-0.017897,32775.83,HIGH,LEFT,CENTER,37.4,49.4,21.2,0.536,11.36,1460,33,-0.598,-0.537
2026-09-10 16:18:59,2061258,-0.904424,-0.426635,262.367,28.955,262.367,28.955,3945,4095,4095,3924,-171,-150,-0.021324,-0.018657,32607.5,HIGH,LEFT,CENTER,37.4,49.4,23.79,0.965,22.96,1460,33,-0.64,-0.56
2026-09-10 16:19:00,2061942,-0.904455,-0.426569,262.369,28.953,262.369,28.953,4011,4095,4095,3935,-160,-84,-0.019925,-0.010363,32453.33,HIGH,LEFT,CENTER,37.4,49.4,23.8,0.633,15.07,1460,33,-0.598,-0.311
2026-09-10 16:19:00,2062625,-0.904455,-0.426569,262.37,28.95,262.37,28.95,3950,4095,4095,3936,-159,-145,-0.019798,-0.018024,32276.67,HIGH,LEFT,CENTER,37.4,49.4,21.56,0.684,14.75,1460,33,-0.594,-0.541
2026-09-10 16:19:01,2063313,-0.904486,-0.426503,262.371,28.948,262.371,28.948,3939,4095,4095,3930,-165,-156,-0.020561,-0.019417,32135.83,HIGH,LEFT,BOTTOM,37.4,49.5,22.05,0.848,18.7,1460,32,-0.617,-0.583
2026-09-10 16:19:02,2063997,-0.904517,-0.426437,262.373,28.945,262.373,28.945,3941,4095,4095,3975,-120,-154,-0.01487,-0.019164,31969.17,HIGH,CENTER,BOTTOM,37.4,49.5,21.05,0.218,4.59,1500,31,-0.446,-0.575
2026-09-10 16:19:02,2064680,-0.904517,-0.426437,262.374,28.942,262.374,28.942,3920,4095,4095,3922,-173,-175,-0.021579,-0.021834,31813.33,HIGH,LEFT,BOTTOM,37.4,49.5,24.88,0.854,21.25,1460,30,-0.647,-0.655
2026-09-10 16:19:03,2065368,-0.904548,-0.426371,262.375,28.94,262.375,28.94,3942,4095,4095,3936,-159,-153,-0.019798,-0.019037,31651.67,HIGH,LEFT,BOTTOM,37.4,49.6,23.23,0.819,19.03,1460,29,-0.594,-0.571
2026-09-10 16:19:04,2066052,-0.904579,-0.426306,262.377,28.937,262.377,28.937,3939,4063,4095,3965,-130,-124,-0.016129,-0.015496,31515.0,HIGH,CENTER,CENTER,37.4,49.6,24.67,0.51,12.58,1500,29,-0.484,-0.465
2026-09-10 16:19:04,2066735,-0.904579,-0.426306,262.378,28.935,262.378,28.935,3931,4095,4095,3927,-168,-164,-0.020942,-0.020434,31334.17,HIGH,LEFT,BOTTOM,37.4,49.6,21.52,0.286,6.15,1460,28,-0.628,-0.613
2026-09-10 16:19:05,2067423,-0.90461,-0.42624,262.379,28.932,262.379,28.932,3926,4095,4095,3922,-173,-169,-0.021579,-0.02107,31200.0,HIGH,LEFT,BOTTOM,37.3,49.7,23.91,0.291,6.96,1460,27,-0.647,-0.632
2026-09-10 16:19:06,2068107,-0.904641,-0.426174,262.381,28.929,262.381,28.929,3936,4095,4095,3935,-160,-159,-0.019925,-0.019798,31025.83,HIGH,LEFT,BOTTOM,37.3,49.7,23.83,1.123,26.76,1460,26,-0.598,-0.594
2026-09-10 16:19:06,2068790,-0.904641,-0.426174,262.382,28.927,262.382,28.927,3926,4095,4095,3930,-165,-169,-0.020561,-0.02107,30870.83,HIGH,LEFT,BOTTOM,37.3,49.7,23.46,0.889,20.86,1460,25,-0.617,-0.632
2026-09-10 16:19:07,2069478,-0.904672,-0.426108,262.383,28.924,262.383,28.924,3926,4080,4095,3926,-169,-154,-0.02107,-0.019236,30715.0,HIGH,LEFT,BOTTOM,37.3,49.8,24.83,0.327,8.12,1460,24,-0.632,-0.577
2026-09-10 16:19:08,2070162,-0.904703,-0.426042,262.384,28.922,262.384,28.922,3925,4095,4095,3945,-150,-170,-0.018657,-0.021197,30561.67,HIGH,CENTER,BOTTOM,37.3,49.8,21.97,0.557,12.24,1500,23,-0.56,-0.636
2026-09-10 16:19:08,2070845,-0.904703,-0.426042,262.386,28.919,262.386,28.919,3915,4095,4095,3967,-128,-180,-0.015877,-0.022472,30420.0,HIGH,CENTER,BOTTOM,37.3,49.8,20.65,0.792,16.35,1500,22,-0.476,-0.674
2026-09-10 16:19:09,2071533,-0.904734,-0.425977,262.387,28.916,262.387,28.916,3923,4095,4095,3923,-172,-172,-0.021452,-0.021452,30252.5,HIGH,LEFT,BOTTOM,37.3,49.8,23.36,1.036,24.2,1460,21,-0.644,-0.644
2026-09-10 16:19:10,2072217,-0.904765,-0.425911,262.388,28.914,262.388,28.914,3920,4095,4095,3930,-165,-175,-0.020561,-0.021834,30108.33,HIGH,LEFT,BOTTOM,37.3,49.8,23.65,0.244,5.77,1460,20,-0.617,-0.655
2026-09-10 16:19:10,2072900,-0.904765,-0.425911,262.39,28.911,262.39,28.911,3918,4095,4095,3920,-175,-177,-0.021834,-0.022089,29949.17,HIGH,LEFT,BOTTOM,37.3,49.8,20.25,0.654,13.24,1460,19,-0.655,-0.663
2026-09-10 16:19:11,2073588,-0.904796,-0.425845,262.391,28.909,262.391,28.909,3911,4095,4095,3935,-160,-184,-0.019925,-0.022983,29795.0,HIGH,LEFT,BOTTOM,37.3,49.9,23.7,0.323,7.66,1460,18,-0.598,-0.689
2026-09-10 16:19:12,2074272,-0.904827,-0.425779,262.392,28.906,262.392,28.906,3913,4095,4095,3933,-162,-182,-0.020179,-0.022727,29654.17,HIGH,LEFT,BOTTOM,37.3,49.9,22.39,0.538,12.05,1460,17,-0.605,-0.682
2026-09-10 16:19:13,2074955,-0.904858,-0.425713,262.394,28.903,262.394,28.903,3920,4095,4095,3920,-175,-175,-0.021834,-0.021834,29520.0,HIGH,LEFT,BOTTOM,37.3,49.9,21.59,0.72,15.54,1460,16,-0.655,-0.655
2026-09-10 16:19:13,2075643,-0.904858,-0.425713,262.395,28.901,262.395,28.901,3911,4095,4095,3927,-168,-184,-0.020942,-0.022983,29360.0,HIGH,LEFT,BOTTOM,37.3,49.9,18.94,0.531,10.06,1460,15,-0.628,-0.689
2026-09-10 16:19:14,2076327,-0.904889,-0.425648,262.396,28.898,262.396,28.898,3915,4095,4095,3969,-126,-180,-0.015625,-0.022472,29218.33,HIGH,CENTER,BOTTOM,37.3,49.9,18.94,0.263,4.98,1500,14,-0.469,-0.674
2026-09-10 16:19:15,2077010,-0.90492,-0.425582,262.398,28.896,262.398,28.896,3907,4090,4095,3964,-131,-183,-0.016255,-0.022884,29044.17,HIGH,CENTER,BOTTOM,37.3,49.9,18.35,0.117,2.15,1500,13,-0.488,-0.687
2026-09-10 16:19:15,2077698,-0.90492,-0.425582,262.399,28.893,262.399,28.893,3897,4095,4095,3934,-161,-198,-0.020052,-0.024775,28918.33,HIGH,LEFT,BOTTOM,37.2,49.8,23.2,0.709,16.45,1460,12,-0.602,-0.743
2026-09-10 16:19:16,2078382,-0.904951,-0.425516,262.4,28.89,262.4,28.89,3903,4095,4095,3940,-155,-192,-0.019291,-0.024006,28796.67,HIGH,LEFT,BOTTOM,37.2,49.8,21.61,0.115,2.49,1460,11,-0.579,-0.72
2026-09-10 16:19:17,2079065,-0.904982,-0.42545,262.402,28.888,262.402,28.888,3903,4095,4095,3953,-142,-192,-0.017644,-0.024006,28664.17,HIGH,CENTER,BOTTOM,37.2,49.8,22.25,0.712,15.84,1500,10,-0.529,-0.72
2026-09-10 16:19:17,2079753,-0.904982,-0.42545,262.403,28.885,262.403,28.885,3865,4094,4095,3926,-169,-229,-0.02107,-0.028772,28505.0,HIGH,LEFT,BOTTOM,37.2,49.7,18.12,0.47,8.52,1460,10,-0.632,-0.863
2026-09-10 16:19:18,2080437,-0.905013,-0.425384,262.404,28.883,262.404,28.883,3888,4093,4095,3920,-175,-205,-0.021834,-0.025686,28382.5,HIGH,LEFT,BOTTOM,37.2,49.7,23.82,0.757,18.03,1460,10,-0.655,-0.771
2026-09-10 16:19:19,2081120,-0.905044,-0.425319,262.406,28.88,262.406,28.88,3891,4095,4095,3926,-169,-204,-0.02107,-0.025545,28244.17,HIGH,LEFT,BOTTOM,37.2,49.7,22.99,0.659,15.15,1460,10,-0.632,-0.766
2026-09-10 16:19:19,2081808,-0.905044,-0.425319,262.407,28.877,262.407,28.877,3890,4095,4095,3918,-177,-205,-0.022089,-0.025673,28136.67,HIGH,LEFT,BOTTOM,37.2,49.7,19.27,0.799,15.4,1460,10,-0.663,-0.77
2026-09-10 16:19:20,2082492,-0.905075,-0.425253,262.408,28.875,262.408,28.875,3910,4086,4095,3925,-170,-176,-0.021197,-0.022011,27980.83,HIGH,LEFT,BOTTOM,37.2,49.7,19.09,0.345,6.59,1460,10,-0.636,-0.66
2026-09-10 16:19:21,2083175,-0.905106,-0.425187,262.409,28.872,262.409,28.872,3881,4083,4095,3919,-176,-202,-0.021962,-0.025364,27865.83,HIGH,LEFT,BOTTOM,37.2,49.7,19.1,0.637,12.17,1460,10,-0.659,-0.761
2026-09-10 16:19:21,2083863,-0.905106,-0.425187,262.411,28.87,262.411,28.87,3888,4081,4095,3920,-175,-193,-0.021834,-0.024219,27748.33,HIGH,LEFT,BOTTOM,37.1,49.7,19.83,0.381,7.56,1460,10,-0.655,-0.727
2026-09-10 16:19:22,2084547,-0.905136,-0.425121,262.412,28.867,262.412,28.867,3865,4084,4095,3920,-175,-219,-0.021834,-0.027551,27608.33,HIGH,LEFT,BOTTOM,37.1,49.7,21.15,0.436,9.22,1460,10,-0.655,-0.827
2026-09-10 16:19:23,2085230,-0.905167,-0.425055,262.413,28.864,262.413,28.864,3883,4080,4095,3937,-158,-197,-0.019671,-0.024739,27510.83,HIGH,LEFT,BOTTOM,37.1,49.7,20.59,0.539,11.1,1460,10,-0.59,-0.742
2026-09-10 16:19:23,2085918,-0.905167,-0.425055,262.415,28.862,262.415,28.862,3882,4075,4095,3962,-133,-193,-0.016507,-0.024255,27407.5,HIGH,CENTER,BOTTOM,37.1,49.8,19.75,0.712,14.06,1500,10,-0.495,-0.728
2026-09-10 16:19:24,2086602,-0.905198,-0.42499,262.416,28.859,262.416,28.859,3873,4016,4095,3920,-175,-143,-0.021834,-0.018127,27280.0,HIGH,LEFT,CENTER,37.1,49.8,21.67,0.789,17.1,1460,10,-0.655,-0.544
2026-09-10 16:19:25,2087285,-0.905229,-0.424924,262.417,28.857,262.417,28.857,3877,4065,4095,3923,-172,-188,-0.021452,-0.023672,27166.67,HIGH,LEFT,BOTTOM,37.1,49.8,18.84,0.638,12.02,1460,10,-0.644,-0.71
2026-09-10 16:19:26,2087973,-0.90526,-0.424858,262.419,28.854,262.419,28.854,3884,4083,4095,3915,-180,-199,-0.022472,-0.024978,27078.33,HIGH,LEFT,BOTTOM,37.1,49.8,19.75,0.392,7.74,1460,10,-0.674,-0.749
2026-09-10 16:19:26,2088657,-0.90526,-0.424858,262.42,28.851,262.42,28.851,3868,4075,4095,3920,-175,-207,-0.021834,-0.026061,26968.33,HIGH,LEFT,BOTTOM,37.1,49.8,20.2,0.395,7.98,1460,10,-0.655,-0.782
2026-09-10 16:19:27,2089340,-0.905291,-0.424792,262.421,28.849,262.421,28.849,3867,4062,4095,3916,-179,-195,-0.022344,-0.024593,26855.83,HIGH,LEFT,BOTTOM,37.1,49.8,20.74,0.616,12.78,1460,10,-0.67,-0.738
2026-09-10 16:19:28,2090028,-0.905322,-0.424726,262.423,28.846,262.423,28.846,3869,4058,4087,3917,-170,-189,-0.021239,-0.023843,26715.0,HIGH,LEFT,BOTTOM,37.1,49.8,22.71,0.267,6.06,1460,10,-0.637,-0.715
2026-09-10 16:19:28,2090712,-0.905322,-0.424726,262.424,28.844,262.424,28.844,3859,4051,4095,3921,-174,-192,-0.021707,-0.024273,26608.33,HIGH,LEFT,BOTTOM,37.1,49.8,19.2,0.177,3.4,1460,10,-0.651,-0.728
2026-09-10 16:19:29,2091395,-0.905353,-0.42466,262.425,28.841,262.425,28.841,3858,4048,4095,3919,-176,-190,-0.021962,-0.024032,26475.0,HIGH,LEFT,BOTTOM,37.1,49.8,21.09,0.348,7.34,1460,10,-0.659,-0.721
2026-09-10 16:19:30,2092083,-0.905384,-0.424595,262.427,28.838,262.427,28.838,3856,4047,4095,3920,-175,-191,-0.021834,-0.024168,26332.5,HIGH,LEFT,BOTTOM,37.1,49.9,21.55,0.301,6.49,1460,10,-0.655,-0.725
2026-09-10 16:19:30,2092767,-0.905384,-0.424595,262.428,28.836,262.428,28.836,3847,4047,4095,3911,-184,-200,-0.022983,-0.025336,26185.0,HIGH,LEFT,BOTTOM,37.1,49.9,18.28,0.307,5.61,1460,10,-0.689,-0.76
2026-09-10 16:19:31,2093450,-0.905414,-0.424529,262.429,28.833,262.429,28.833,3853,4043,4095,3956,-139,-190,-0.017265,-0.024063,26026.67,HIGH,CENTER,BOTTOM,37.1,49.9,21.65,0.264,5.72,1500,10,-0.518,-0.722
2026-09-10 16:19:32,2094138,-0.905445,-0.424463,262.431,28.831,262.431,28.831,3858,4042,4095,3917,-178,-184,-0.022217,-0.023291,25905.83,HIGH,LEFT,BOTTOM,37.1,50.2,19.02,0.129,2.45,1460,10,-0.667,-0.699
2026-09-10 16:19:32,2094822,-0.905445,-0.424463,262.432,28.828,262.432,28.828,3883,4032,4095,3920,-175,-149,-0.021834,-0.018825,25747.5,HIGH,LEFT,CENTER,37.1,50.2,18.39,0.113,2.08,1460,10,-0.655,-0.565
2026-09-10 16:19:33,2095505,-0.905476,-0.424397,262.433,28.825,262.433,28.825,3837,4033,4095,3916,-179,-196,-0.022344,-0.024905,25595.0,HIGH,LEFT,BOTTOM,37.1,50.2,23.69,0.791,18.74,1460,10,-0.67,-0.747
2026-09-10 16:19:34,2096193,-0.905507,-0.424331,262.434,28.823,262.434,28.823,3842,4027,4095,3918,-177,-185,-0.022089,-0.02351,25438.33,HIGH,LEFT,BOTTOM,37.1,50.3,23.79,0.399,9.49,1460,10,-0.663,-0.705
2026-09-10 16:19:34,2096877,-0.905507,-0.424331,262.436,28.82,262.436,28.82,3837,4023,4091,3917,-174,-186,-0.021728,-0.023664,25291.67,HIGH,LEFT,BOTTOM,37.1,50.3,22.85,0.369,8.43,1460,10,-0.652,-0.71
2026-09-10 16:19:35,2097560,-0.905538,-0.424265,262.437,28.818,262.437,28.818,3827,4018,4095,3919,-176,-191,-0.021962,-0.024347,25137.5,HIGH,LEFT,BOTTOM,37.1,50.3,19.83,0.576,11.42,1460,10,-0.659,-0.73
2026-09-10 16:19:36,2098248,-0.905569,-0.424199,262.438,28.815,262.438,28.815,3825,4011,4095,3915,-180,-186,-0.022472,-0.023737,24997.5,HIGH,LEFT,BOTTOM,37.0,50.3,18.59,0.253,4.7,1460,10,-0.674,-0.712
2026-09-10 16:19:36,2098932,-0.905569,-0.424199,262.44,28.812,262.44,28.812,3825,4012,4095,3915,-180,-187,-0.022472,-0.023861,24882.5,HIGH,LEFT,BOTTOM,37.0,50.3,22.11,0.765,16.91,1460,10,-0.674,-0.716
2026-09-10 16:19:37,2099615,-0.9056,-0.424134,262.441,28.81,262.441,28.81,3824,4022,4095,3910,-185,-198,-0.023111,-0.025236,24706.67,HIGH,LEFT,BOTTOM,37.0,50.3,20.64,0.65,13.42,1460,10,-0.693,-0.757
2026-09-10 16:19:38,2100303,-0.90563,-0.424068,262.442,28.807,262.442,28.807,3813,4011,4091,3914,-177,-198,-0.022111,-0.025307,24542.5,HIGH,LEFT,BOTTOM,37.0,50.4,18.73,0.163,3.05,1460,10,-0.663,-0.759
2026-09-10 16:19:39,2100987,-0.905661,-0.424002,262.444,28.805,262.444,28.805,3793,3998,4095,3907,-188,-205,-0.023494,-0.026312,24418.33,HIGH,LEFT,BOTTOM,37.0,50.4,20.97,0.392,8.22,1460,10,-0.705,-0.789
2026-09-10 16:19:39,2101670,-0.905661,-0.424002,262.445,28.802,262.445,28.802,3786,3985,4095,3953,-142,-199,-0.017644,-0.025608,24288.33,HIGH,CENTER,BOTTOM,37.0,50.4,18.21,0.715,13.02,1500,10,-0.529,-0.768
2026-09-10 16:19:40,2102358,-0.905692,-0.423936,262.446,28.799,262.446,28.799,3806,3991,4095,3915,-180,-185,-0.022472,-0.023727,24167.5,HIGH,LEFT,BOTTOM,37.0,50.6,23.46,0.761,17.85,1460,10,-0.674,-0.712
2026-09-10 16:19:41,2103042,-0.905723,-0.42387,262.448,28.797,262.448,28.797,3812,3990,4095,3915,-180,-178,-0.022472,-0.022815,24031.67,HIGH,LEFT,BOTTOM,37.0,50.6,19.55,0.427,8.35,1460,10,-0.674,-0.684
2026-09-10 16:19:41,2103725,-0.905723,-0.42387,262.449,28.794,262.449,28.794,3799,3978,4095,3908,-187,-179,-0.023366,-0.023017,23911.67,HIGH,LEFT,BOTTOM,37.0,50.6,21.98,0.529,11.63,1460,10,-0.701,-0.691
2026-09-10 16:19:42,2104413,-0.905754,-0.423804,262.45,28.792,262.45,28.792,3797,3985,4095,3910,-185,-188,-0.023111,-0.024158,23771.67,HIGH,LEFT,BOTTOM,37.0,50.8,19.87,0.217,4.31,1460,10,-0.693,-0.725
2026-09-10 16:19:43,2105097,-0.905785,-0.423738,262.452,28.789,262.452,28.789,3792,3956,4095,3942,-153,-164,-0.019037,-0.021167,23643.33,HIGH,LEFT,BOTTOM,37.0,50.8,21.12,0.794,16.77,1460,10,-0.571,-0.635
2026-09-10 16:19:43,2105780,-0.905785,-0.423738,262.453,28.786,262.453,28.786,3781,3973,4095,3904,-191,-192,-0.023878,-0.024761,23483.33,HIGH,LEFT,BOTTOM,37.0,50.8,21.28,0.262,5.58,1460,10,-0.716,-0.743
2026-09-10 16:19:44,2106468,-0.905815,-0.423673,262.454,28.784,262.454,28.784,3771,3972,4095,3903,-192,-201,-0.024006,-0.025959,23342.5,HIGH,LEFT,BOTTOM,37.0,51.0,19.11,0.76,14.52,1460,10,-0.72,-0.779
2026-09-10 16:19:45,2107152,-0.905846,-0.423607,262.455,28.781,262.455,28.781,3787,3879,4095,3945,-150,-92,-0.018657,-0.012001,23250.83,HIGH,CENTER,CENTER,37.0,51.0,23.82,0.555,13.22,1500,10,-0.56,-0.36
2026-09-10 16:19:45,2107835,-0.905846,-0.423607,262.457,28.779,262.457,28.779,3781,3964,4095,3910,-185,-183,-0.023111,-0.023628,23117.5,HIGH,LEFT,BOTTOM,37.0,51.0,22.65,0.525,11.89,1460,10,-0.693,-0.709
2026-09-10 16:19:46,2108523,-0.905877,-0.423541,262.458,28.776,262.458,28.776,3773,3957,4095,3909,-186,-184,-0.023238,-0.023803,22967.5,HIGH,LEFT,BOTTOM,37.0,51.3,23.64,0.459,10.85,1460,10,-0.697,-0.714
2026-09-10 16:19:47,2109207,-0.905908,-0.423475,262.459,28.773,262.459,28.773,3770,3962,4095,3901,-194,-192,-0.024262,-0.024832,22846.67,HIGH,LEFT,BOTTOM,37.0,51.3,23.37,0.261,6.1,1460,10,-0.728,-0.745
2026-09-10 16:19:47,2109890,-0.905908,-0.423475,262.461,28.771,262.461,28.771,3760,3955,4095,3899,-196,-195,-0.024518,-0.025275,22700.0,HIGH,LEFT,BOTTOM,37.0,51.3,21.59,0.224,4.84,1460,10,-0.736,-0.758
2026-09-10 16:19:48,2110578,-0.905939,-0.423409,262.462,28.768,262.462,28.768,3760,3952,4095,3947,-148,-192,-0.018403,-0.024896,22551.67,HIGH,CENTER,BOTTOM,37.0,51.4,23.53,0.254,5.98,1500,10,-0.552,-0.747
2026-09-10 16:19:49,2111262,-0.905969,-0.423343,262.463,28.766,262.463,28.766,3762,3950,4095,3901,-194,-188,-0.024262,-0.024378,22441.67,HIGH,LEFT,BOTTOM,37.0,51.4,18.53,0.231,4.28,1460,10,-0.728,-0.731
2026-09-10 16:19:50,2111945,-0.906,-0.423277,262.465,28.763,262.465,28.763,3758,3943,4095,3938,-157,-185,-0.019544,-0.024023,22305.83,HIGH,LEFT,BOTTOM,37.0,51.4,19.18,0.646,12.39,1460,10,-0.586,-0.721
2026-09-10 16:19:50,2112633,-0.906,-0.423277,262.466,28.76,262.466,28.76,3757,3933,4095,3926,-169,-176,-0.02107,-0.022887,22199.17,HIGH,LEFT,BOTTOM,36.9,51.5,18.27,0.345,6.3,1460,10,-0.632,-0.687
2026-09-10 16:19:51,2113317,-0.906031,-0.423211,262.467,28.758,262.467,28.758,3755,3938,4080,3904,-176,-183,-0.022044,-0.023788,22081.67,HIGH,LEFT,BOTTOM,36.9,51.5,19.95,0.14,2.79,1460,10,-0.661,-0.714
2026-09-10 16:19:52,2114000,-0.906062,-0.423145,262.469,28.755,262.469,28.755,3755,3934,4095,3900,-195,-179,-0.02439,-0.02328,21964.17,HIGH,LEFT,BOTTOM,36.9,51.5,20.33,0.778,15.82,1460,10,-0.732,-0.698
2026-09-10 16:19:52,2114688,-0.906062,-0.423145,262.47,28.753,262.47,28.753,3745,3936,4095,3908,-187,-191,-0.023366,-0.024867,21854.17,HIGH,LEFT,BOTTOM,36.9,51.5,19.63,0.719,14.11,1460,10,-0.701,-0.746
2026-09-10 16:19:53,2115372,-0.906093,-0.42308,262.471,28.75,262.471,28.75,3725,3926,4095,3906,-189,-201,-0.023622,-0.026271,21740.0,HIGH,LEFT,BOTTOM,36.9,51.5,22.97,0.749,17.2,1460,10,-0.709,-0.788
2026-09-10 16:19:54,2116055,-0.906123,-0.423014,262.473,28.747,262.473,28.747,3747,3920,4095,3906,-189,-173,-0.023622,-0.022564,21624.17,HIGH,LEFT,BOTTOM,36.9,51.5,20.14,0.796,16.03,1460,10,-0.709,-0.677
2026-09-10 16:19:54,2116743,-0.906123,-0.423014,262.474,28.745,262.474,28.745,3738,3922,4095,3948,-147,-184,-0.018277,-0.024021,21515.0,HIGH,CENTER,BOTTOM,36.9,51.6,19.69,0.222,4.37,1500,10,-0.548,-0.721
2026-09-10 16:19:55,2117427,-0.906154,-0.422948,262.475,28.742,262.475,28.742,3741,3915,4095,3905,-190,-174,-0.02375,-0.022727,21416.67,HIGH,LEFT,BOTTOM,36.9,51.6,21.26,0.377,8.02,1460,10,-0.713,-0.682
2026-09-10 16:19:56,2118110,-0.906185,-0.422882,262.476,28.74,262.476,28.74,3735,3919,4095,3902,-193,-184,-0.024134,-0.02404,21327.5,HIGH,LEFT,BOTTOM,36.9,51.6,18.85,0.631,11.89,1460,10,-0.724,-0.721
2026-09-10 16:19:56,2118798,-0.906185,-0.422882,262.478,28.737,262.478,28.737,3730,3915,4095,3905,-190,-185,-0.02375,-0.024199,21235.0,HIGH,LEFT,BOTTOM,36.9,51.4,22.81,0.587,13.39,1460,10,-0.713,-0.726
2026-09-10 16:19:57,2119482,-0.906216,-0.422816,262.479,28.734,262.479,28.734,3737,3910,4095,3945,-150,-173,-0.018657,-0.022623,21144.17,HIGH,CENTER,BOTTOM,36.9,51.4,18.45,0.208,3.84,1500,10,-0.56,-0.679
2026-09-10 16:19:58,2120165,-0.906246,-0.42275,262.48,28.732,262.48,28.732,3735,3902,4095,3890,-205,-167,-0.025673,-0.021867,21057.5,HIGH,LEFT,BOTTOM,36.9,51.4,23.92,0.671,16.05,1460,10,-0.77,-0.656
2026-09-10 16:19:58,2120853,-0.906246,-0.42275,262.482,28.729,262.482,28.729,3730,3903,4095,3894,-201,-173,-0.02516,-0.022665,20966.67,HIGH,LEFT,BOTTOM,36.9,51.4,22.63,0.257,5.82,1460,10,-0.755,-0.68
2026-09-10 16:19:59,2121537,-0.906277,-0.422684,262.483,28.727,262.483,28.727,3718,3899,4095,3904,-191,-181,-0.023878,-0.023763,20884.17,HIGH,LEFT,BOTTOM,36.9,51.4,19.19,0.257,4.93,1460,10,-0.716,-0.713
2026-09-10 16:20:00,2122220,-0.906308,-0.422618,262.484,28.724,262.484,28.724,3726,3985,4085,3891,-194,-259,-0.024323,-0.033588,20809.17,HIGH,LEFT,BOTTOM,36.9,51.4,18.03,0.476,8.58,1460,10,-0.73,-1.008
2026-09-10 16:20:00,2122908,-0.906308,-0.422618,262.486,28.721,262.486,28.721,3723,3899,4095,3903,-192,-176,-0.024006,-0.023091,20741.67,HIGH,LEFT,BOTTOM,36.8,51.3,22.89,0.515,11.79,1460,10,-0.72,-0.693
2026-09-10 16:20:01,2123591,-0.906339,-0.422552,262.487,28.719,262.487,28.719,3723,3895,4095,3904,-191,-172,-0.023878,-0.022578,20685.83,HIGH,LEFT,BOTTOM,36.8,51.3,22.24,0.506,11.25,1460,10,-0.716,-0.677
2026-09-10 16:20:02,2124274,-0.906369,-0.422486,262.488,28.716,262.488,28.716,3719,3889,4095,3899,-196,-170,-0.024518,-0.022345,20630.0,HIGH,LEFT,BOTTOM,36.8,51.3,22.37,0.164,3.67,1460,10,-0.736,-0.67
2026-09-10 16:20:03,2124962,-0.9064,-0.422421,262.49,28.714,262.49,28.714,3721,3890,4095,3901,-194,-169,-0.024262,-0.022205,20572.5,HIGH,LEFT,BOTTOM,36.8,51.3,22.63,0.714,16.16,1460,10,-0.728,-0.666
2026-09-10 16:20:03,2125645,-0.9064,-0.422421,262.491,28.711,262.491,28.711,3715,3883,4095,3903,-192,-168,-0.024006,-0.022111,20529.17,HIGH,LEFT,BOTTOM,36.8,51.3,18.44,0.286,5.27,1460,10,-0.72,-0.663
2026-09-10 16:20:04,2126328,-0.906431,-0.422355,262.492,28.708,262.492,28.708,3715,3877,4095,3901,-194,-162,-0.024262,-0.021338,20465.0,HIGH,LEFT,BOTTOM,36.8,51.3,20.15,0.191,3.85,1460,10,-0.728,-0.64
2026-09-10 16:20:05,2127016,-0.906461,-0.422289,262.494,28.706,262.494,28.706,3708,3873,4095,3894,-201,-165,-0.02516,-0.021765,20424.17,HIGH,LEFT,BOTTOM,36.8,51.2,18.7,0.722,13.5,1460,10,-0.755,-0.653
2026-09-10 16:20:05,2127699,-0.906461,-0.422289,262.495,28.703,262.495,28.703,3699,3841,4093,3895,-198,-142,-0.024787,-0.018833,20371.67,HIGH,LEFT,CENTER,36.8,51.2,23.18,0.769,17.83,1460,10,-0.744,-0.565
2026-09-10 16:20:06,2128382,-0.906492,-0.422223,262.496,28.701,262.496,28.701,3701,3866,4095,3943,-152,-165,-0.01891,-0.021805,20320.83,HIGH,LEFT,BOTTOM,36.8,51.2,21.74,0.703,15.28,1460,10,-0.567,-0.654
2026-09-10 16:20:07,2129070,-0.906523,-0.422157,262.497,28.698,262.497,28.698,3705,3933,4095,3914,-181,-228,-0.0226,-0.029851,20255.83,HIGH,LEFT,BOTTOM,36.8,51.2,19.99,0.667,13.33,1460,10,-0.678,-0.896
2026-09-10 16:20:07,2129753,-0.906523,-0.422157,262.499,28.695,262.499,28.695,3690,3859,4093,3938,-155,-169,-0.0193,-0.022387,20205.0,HIGH,LEFT,BOTTOM,36.8,51.2,18.38,0.559,10.27,1460,10,-0.579,-0.672
2026-09-10 16:20:08,2130436,-0.906554,-0.422091,262.5,28.693,262.5,28.693,3697,3850,4094,3893,-201,-153,-0.025166,-0.020273,20160.0,HIGH,LEFT,BOTTOM,36.8,51.2,19.87,0.486,9.66,1460,10,-0.755,-0.608
2026-09-10 16:20:09,2131124,-0.906584,-0.422025,262.501,28.69,262.501,28.69,3695,3853,4091,3922,-169,-158,-0.021091,-0.020933,20091.67,HIGH,LEFT,BOTTOM,36.8,51.2,19.95,0.161,3.21,1460,10,-0.633,-0.628
2026-09-10 16:20:09,2131807,-0.906584,-0.422025,262.503,28.688,262.503,28.688,3642,3851,4095,3895,-200,-209,-0.025031,-0.027893,20035.83,HIGH,LEFT,BOTTOM,36.8,51.2,22.38,0.386,8.64,1460,10,-0.751,-0.837
2026-09-10 16:20:10,2132490,-0.906615,-0.421959,262.504,28.685,262.504,28.685,3690,3846,4095,3893,-202,-156,-0.025288,-0.020701,19980.0,HIGH,LEFT,BOTTOM,36.8,51.2,21.83,0.361,7.88,1460,10,-0.759,-0.621
2026-09-10 16:20:11,2133178,-0.906646,-0.421893,262.505,28.682,262.505,28.682,3711,3845,4095,3894,-201,-134,-0.02516,-0.017734,19914.17,HIGH,LEFT,CENTER,36.8,51.1,23.32,0.282,6.58,1460,10,-0.755,-0.532
2026-09-10 16:20:11,2133862,-0.906646,-0.421893,262.507,28.68,262.507,28.68,3671,3847,4095,3895,-200,-176,-0.025031,-0.02341,19839.17,HIGH,LEFT,BOTTOM,36.8,51.1,20.83,0.606,12.62,1460,10,-0.751,-0.702
2026-09-10 16:20:12,2134545,-0.906676,-0.421827,262.508,28.677,262.508,28.677,3681,3851,4086,3895,-191,-170,-0.023932,-0.02257,19770.83,HIGH,LEFT,BOTTOM,36.8,51.1,18.72,0.447,8.37,1460,10,-0.718,-0.677
2026-09-10 16:20:13,2135233,-0.906707,-0.421761,262.509,28.675,262.509,28.675,3683,3835,4095,3893,-202,-152,-0.025288,-0.020218,19684.17,HIGH,LEFT,BOTTOM,36.8,51.1,22.28,0.157,3.5,1460,10,-0.759,-0.607
2026-09-10 16:20:13,2135917,-0.906707,-0.421761,262.511,28.672,262.511,28.672,3681,3841,4095,3885,-210,-160,-0.026316,-0.021271,19603.33,HIGH,LEFT,BOTTOM,36.8,51.1,22.56,0.254,5.73,1460,10,-0.789,-0.638
2026-09-10 16:20:14,2136600,-0.906738,-0.421695,262.512,28.669,262.512,28.669,3677,3817,4095,3895,-200,-140,-0.025031,-0.018682,19541.67,HIGH,LEFT,CENTER,36.8,51.1,21.37,0.578,12.35,1460,10,-0.751,-0.56
2026-09-10 16:20:15,2137288,-0.906768,-0.421629,262.513,28.667,262.513,28.667,3679,3835,4095,3894,-201,-156,-0.02516,-0.020761,19470.83,HIGH,LEFT,BOTTOM,36.8,51.2,22.63,0.153,3.46,1460,10,-0.755,-0.623
2026-09-10 16:20:16,2137971,-0.906799,-0.421563,262.514,28.664,262.514,28.664,3669,3834,4095,3902,-193,-165,-0.024134,-0.021991,19407.5,HIGH,LEFT,BOTTOM,36.8,51.2,20.96,0.696,14.59,1460,10,-0.724,-0.66
2026-09-10 16:20:16,2138654,-0.906799,-0.421563,262.516,28.662,262.516,28.662,3675,3837,4087,3902,-185,-162,-0.023157,-0.021565,19345.0,HIGH,LEFT,BOTTOM,36.8,51.2,21.14,0.447,9.45,1460,10,-0.695,-0.647
2026-09-10 16:20:17,2139342,-0.90683,-0.421497,262.517,28.659,262.517,28.659,3674,3839,4095,3895,-200,-165,-0.025031,-0.021962,19301.67,HIGH,LEFT,BOTTOM,36.8,51.3,20.57,0.436,8.97,1460,10,-0.751,-0.659
2026-09-10 16:20:18,2140025,-0.90686,-0.421432,262.518,28.656,262.518,28.656,3681,3837,4094,3901,-193,-156,-0.02414,-0.02075,19245.0,HIGH,LEFT,BOTTOM,36.8,51.3,18.15,0.515,9.35,1460,10,-0.724,-0.623
2026-09-10 16:20:18,2140708,-0.90686,-0.421432,262.52,28.654,262.52,28.654,3676,3835,4095,3900,-195,-159,-0.02439,-0.021169,19194.17,HIGH,LEFT,BOTTOM,36.8,51.3,18.65,0.677,12.63,1460,10,-0.732,-0.635
2026-09-10 16:20:19,2141396,-0.906891,-0.421366,262.521,28.651,262.521,28.651,3680,3839,4095,3902,-193,-159,-0.024134,-0.021146,19146.67,HIGH,LEFT,BOTTOM,36.8,51.7,18.19,0.343,6.24,1460,10,-0.724,-0.634
2026-09-10 16:20:20,2142080,-0.906922,-0.4213,262.522,28.648,262.522,28.648,3659,3839,4095,3903,-192,-180,-0.024006,-0.024006,19120.0,HIGH,LEFT,BOTTOM,36.8,51.7,21.82,0.575,12.55,1460,10,-0.72,-0.72
2026-09-10 16:20:20,2142763,-0.906922,-0.4213,262.524,28.646,262.524,28.646,3674,3833,4095,3897,-198,-159,-0.024775,-0.02118,19086.67,HIGH,LEFT,BOTTOM,36.8,51.7,19.89,0.496,9.87,1460,10,-0.743,-0.635
2026-09-10 16:20:21,2143451,-0.906952,-0.421234,262.525,28.643,262.525,28.643,3682,3840,4095,3890,-205,-158,-0.025673,-0.021005,19062.5,HIGH,LEFT,BOTTOM,36.7,51.7,21.05,0.287,6.04,1460,10,-0.77,-0.63
2026-09-10 16:20:22,2144135,-0.906983,-0.421168,262.526,28.641,262.526,28.641,3665,3835,4095,3894,-201,-170,-0.02516,-0.022667,19040.0,HIGH,LEFT,BOTTOM,36.7,51.7,23.45,0.715,16.77,1460,10,-0.755,-0.68
2026-09-10 16:20:22,2144818,-0.906983,-0.421168,262.528,28.638,262.528,28.638,3671,3839,4095,3905,-190,-168,-0.02375,-0.02237,19027.5,HIGH,LEFT,BOTTOM,36.7,51.7,19.5,0.658,12.83,1460,10,-0.713,-0.671
2026-09-10 16:20:23,2145506,-0.907013,-0.421102,262.529,28.635,262.529,28.635,3675,3833,4095,3931,-164,-158,-0.020434,-0.021044,19023.33,HIGH,LEFT,BOTTOM,36.7,51.6,20.46,0.561,11.48,1460,10,-0.613,-0.631
2026-09-10 16:20:24,2146190,-0.907044,-0.421036,262.53,28.633,262.53,28.633,3675,3837,4095,3899,-196,-162,-0.024518,-0.021565,19020.0,HIGH,LEFT,BOTTOM,36.7,51.6,22.53,0.695,15.66,1460,10,-0.736,-0.647
2026-09-10 16:20:24,2146873,-0.907044,-0.421036,262.532,28.63,262.532,28.63,3671,3760,4094,3903,-191,-89,-0.023884,-0.011977,19018.33,HIGH,LEFT,CENTER,36.7,51.6,19.37,0.707,13.69,1460,10,-0.717,-0.359
2026-09-10 16:20:25,2147561,-0.907075,-0.42097,262.533,28.628,262.533,28.628,3671,3829,4095,3903,-192,-158,-0.024006,-0.021067,19020.0,HIGH,LEFT,BOTTOM,36.7,51.6,18.46,0.596,11.0,1460,10,-0.72,-0.632
2026-09-10 16:20:26,2148245,-0.907105,-0.420904,262.534,28.625,262.534,28.625,3677,3834,4094,3897,-197,-157,-0.024653,-0.020903,19016.67,HIGH,LEFT,BOTTOM,36.7,51.6,19.74,0.686,13.54,1460,10,-0.74,-0.627
2026-09-10 16:20:26,2148928,-0.907105,-0.420904,262.535,28.622,262.535,28.622,3674,3833,4095,3900,-195,-159,-0.02439,-0.02118,19015.0,HIGH,LEFT,BOTTOM,36.7,51.6,18.97,0.588,11.15,1460,10,-0.732,-0.635
2026-09-10 16:20:27,2149616,-0.907136,-0.420838,262.537,28.62,262.537,28.62,3675,3830,4095,3894,-201,-155,-0.02516,-0.020653,19012.5,HIGH,LEFT,BOTTOM,36.7,51.6,23.58,0.576,13.58,1460,10,-0.755,-0.62
2026-09-10 16:20:28,2150300,-0.907166,-0.420772,262.538,28.617,262.538,28.617,3670,3833,4095,3898,-197,-163,-0.024647,-0.021725,19009.17,HIGH,LEFT,BOTTOM,36.7,51.6,22.85,0.533,12.18,1460,10,-0.739,-0.652
2026-09-10 16:20:29,2150983,-0.907197,-0.420706,262.539,28.615,262.539,28.615,3673,3833,4085,3930,-155,-160,-0.019339,-0.021316,19005.83,HIGH,LEFT,BOTTOM,36.7,51.6,21.8,0.627,13.67,1460,10,-0.58,-0.639
2026-09-10 16:20:29,2151671,-0.907197,-0.420706,262.541,28.612,262.541,28.612,3668,3837,4091,3898,-193,-169,-0.024158,-0.022518,19007.5,HIGH,LEFT,BOTTOM,36.6,51.6,23.23,0.211,4.9,1460,10,-0.725,-0.676
2026-09-10 16:20:30,2152355,-0.907228,-0.42064,262.542,28.609,262.542,28.609,3665,3835,4095,3897,-198,-170,-0.024775,-0.022667,19008.33,HIGH,LEFT,BOTTOM,36.6,51.6,22.82,0.717,16.36,1460,10,-0.743,-0.68
2026-09-10 16:20:31,2153038,-0.907258,-0.420574,262.543,28.607,262.543,28.607,3670,3831,4095,3901,-194,-161,-0.024262,-0.021464,19007.5,HIGH,LEFT,BOTTOM,36.6,51.6,19.12,0.71,13.58,1460,10,-0.728,-0.644
2026-09-10 16:20:31,2153726,-0.907258,-0.420574,262.545,28.604,262.545,28.604,3675,3829,4095,3904,-191,-154,-0.023878,-0.020522,19003.33,HIGH,LEFT,BOTTOM,36.6,51.6,23.36,0.12,2.8,1460,10,-0.716,-0.616
2026-09-10 16:20:32,2154410,-0.907289,-0.420508,262.546,28.602,262.546,28.602,3676,3833,4095,3884,-211,-157,-0.026444,-0.020908,19010.0,HIGH,LEFT,BOTTOM,36.6,51.6,21.24,0.678,14.4,1460,10,-0.793,-0.627
2026-09-10 16:20:33,2155093,-0.907319,-0.420442,262.547,28.599,262.547,28.599,3676,3831,4095,3889,-206,-155,-0.025802,-0.020647,19008.33,HIGH,LEFT,BOTTOM,36.6,51.6,22.84,0.19,4.34,1460,10,-0.774,-0.619
2026-09-10 16:20:33,2155781,-0.907319,-0.420442,262.549,28.596,262.549,28.596,3675,3833,4095,3906,-189,-158,-0.023622,-0.021044,19007.5,HIGH,LEFT,BOTTOM,36.6,51.6,23.38,0.335,7.83,1460,10,-0.709,-0.631
2026-09-10 16:20:34,2156465,-0.90735,-0.420376,262.55,28.594,262.55,28.594,3678,3831,4094,3898,-196,-153,-0.024525,-0.020376,19001.67,HIGH,LEFT,BOTTOM,36.6,51.6,19.91,0.62,12.34,1460,10,-0.736,-0.611
2026-09-10 16:20:35,2157148,-0.907381,-0.42031,262.551,28.591,262.551,28.591,3671,3857,4095,3896,-199,-186,-0.024903,-0.024708,19003.33,HIGH,LEFT,BOTTOM,36.6,51.6,18.66,0.213,3.97,1460,10,-0.747,-0.741
2026-09-10 16:20:35,2157836,-0.907381,-0.42031,262.552,28.589,262.552,28.589,3675,3828,4095,3897,-198,-153,-0.024775,-0.020392,19003.33,HIGH,LEFT,BOTTOM,36.6,51.7,19.37,0.673,13.04,1460,10,-0.743,-0.612
2026-09-10 16:20:36,2158520,-0.907411,-0.420244,262.554,28.586,262.554,28.586,3673,3837,4067,3937,-130,-164,-0.016242,-0.021838,18997.5,HIGH,CENTER,BOTTOM,36.6,51.7,20.56,0.682,14.02,1500,10,-0.487,-0.655
2026-09-10 16:20:37,2159203,-0.907442,-0.420178,262.555,28.583,262.555,28.583,3674,3875,4095,3895,-200,-201,-0.025031,-0.026626,19000.83,HIGH,LEFT,BOTTOM,36.6,51.7,22.91,0.455,10.42,1460,10,-0.751,-0.799
2026-09-10 16:20:37,2159891,-0.907442,-0.420178,262.556,28.581,262.556,28.581,3671,3826,4095,3899,-196,-155,-0.024518,-0.020675,18999.17,HIGH,LEFT,BOTTOM,36.5,51.8,23.16,0.104,2.41,1460,10,-0.736,-0.62
2026-09-10 16:20:38,2160575,-0.907472,-0.420112,262.558,28.578,262.558,28.578,3683,3831,4091,3901,-190,-148,-0.023774,-0.019697,18997.5,HIGH,LEFT,CENTER,36.5,51.8,18.04,0.301,5.43,1460,10,-0.713,-0.591
2026-09-10 16:20:39,2161258,-0.907503,-0.420046,262.559,28.576,262.559,28.576,3670,3830,4095,3895,-200,-160,-0.025031,-0.021333,18998.33,HIGH,LEFT,BOTTOM,36.5,51.8,21.06,0.532,11.2,1460,10,-0.751,-0.64
2026-09-10 16:20:40,2161946,-0.907533,-0.41998,262.56,28.573,262.56,28.573,3672,3829,4095,3899,-196,-157,-0.024518,-0.020931,18998.33,HIGH,LEFT,BOTTOM,36.5,51.7,20.5,0.787,16.13,1460,10,-0.736,-0.628
2026-09-10 16:20:40,2162630,-0.907533,-0.41998,262.562,28.57,262.562,28.57,3674,3828,4095,3890,-205,-154,-0.025673,-0.020528,18993.33,HIGH,LEFT,BOTTOM,36.5,51.7,19.33,0.542,10.48,1460,10,-0.77,-0.616
2026-09-10 16:20:41,2163313,-0.907564,-0.419914,262.563,28.568,262.563,28.568,3673,3829,4095,3919,-176,-156,-0.021962,-0.020794,18995.0,HIGH,LEFT,BOTTOM,36.5,51.7,18.72,0.282,5.28,1460,10,-0.659,-0.624
2026-09-10 16:20:42,2164001,-0.907594,-0.419848,262.564,28.565,262.564,28.565,3671,3824,4095,3895,-200,-153,-0.025031,-0.020414,18992.5,HIGH,LEFT,BOTTOM,36.5,51.5,20.03,0.544,10.9,1460,10,-0.751,-0.612
2026-09-10 16:20:42,2164685,-0.907594,-0.419848,262.566,28.563,262.566,28.563,3666,3830,4095,3888,-207,-164,-0.02593,-0.021878,18992.5,HIGH,LEFT,BOTTOM,36.5,51.5,23.66,0.478,11.31,1460,10,-0.778,-0.656
2026-09-10 16:20:43,2165368,-0.907625,-0.419782,262.567,28.56,262.567,28.56,3673,3841,4095,3889,-206,-168,-0.025802,-0.022358,18986.67,HIGH,LEFT,BOTTOM,36.5,51.5,19.94,0.646,12.88,1460,10,-0.774,-0.671
2026-09-10 16:20:44,2166056,-0.907655,-0.419716,262.568,28.557,262.568,28.557,3667,3857,4095,3901,-194,-190,-0.024262,-0.025253,18987.5,HIGH,LEFT,BOTTOM,36.5,51.5,21.11,0.175,3.69,1460,10,-0.728,-0.758
2026-09-10 16:20:44,2166740,-0.907655,-0.419716,262.569,28.555,262.569,28.555,3671,3833,4095,3926,-169,-162,-0.02107,-0.021588,18987.5,HIGH,LEFT,BOTTOM,36.5,51.5,22.22,0.633,14.07,1460,10,-0.632,-0.648
2026-09-10 16:20:45,2167423,-0.907686,-0.41965,262.571,28.552,262.571,28.552,3661,3827,4095,3888,-207,-166,-0.02593,-0.022169,18986.67,HIGH,LEFT,BOTTOM,36.5,51.5,20.18,0.479,9.67,1460,10,-0.778,-0.665
2026-09-10 16:20:46,2168111,-0.907716,-0.419584,262.572,28.55,262.572,28.55,3670,3823,4095,3899,-196,-153,-0.024518,-0.020419,18985.83,HIGH,LEFT,BOTTOM,36.5,51.5,23.83,0.774,18.44,1460,10,-0.736,-0.613
2026-09-10 16:20:46,2168795,-0.907716,-0.419584,262.573,28.547,262.573,28.547,3664,3825,4095,3894,-201,-161,-0.02516,-0.021498,18983.33,HIGH,LEFT,BOTTOM,36.5,51.5,23.77,0.339,8.06,1460,10,-0.755,-0.645
2026-09-10 16:20:47,2169478,-0.907747,-0.419518,262.575,28.544,262.575,28.544,3665,3827,4094,3901,-193,-162,-0.02414,-0.021623,18980.0,HIGH,LEFT,BOTTOM,36.5,51.5,19.51,0.543,10.59,1460,10,-0.724,-0.649
2026-09-10 16:20:48,2170166,-0.907777,-0.419452,262.576,28.542,262.576,28.542,3670,3829,4085,3892,-193,-159,-0.024195,-0.021203,18977.5,HIGH,LEFT,BOTTOM,36.4,51.6,20.98,0.752,15.78,1460,10,-0.726,-0.636
2026-09-10 16:20:48,2170850,-0.907777,-0.419452,262.577,28.539,262.577,28.539,3670,3825,4095,3893,-202,-155,-0.025288,-0.02068,18978.33,HIGH,LEFT,BOTTOM,36.4,51.6,19.81,0.172,3.41,1460,10,-0.759,-0.62
2026-09-10 16:20:49,2171533,-0.907808,-0.419386,262.579,28.537,262.579,28.537,3671,3826,4095,3909,-186,-155,-0.023238,-0.020675,18972.5,HIGH,LEFT,BOTTOM,36.4,51.6,19.71,0.756,14.9,1460,10,-0.697,-0.62
2026-09-10 16:20:50,2172221,-0.907838,-0.41932,262.58,28.534,262.58,28.534,3673,3824,4090,3891,-199,-151,-0.024934,-0.020141,18974.17,HIGH,LEFT,BOTTOM,36.4,51.7,18.22,0.582,10.6,1460,10,-0.748,-0.604
2026-09-10 16:20:50,2172905,-0.907838,-0.41932,262.581,28.531,262.581,28.531,3671,3826,4080,3922,-158,-155,-0.019745,-0.020675,18970.0,HIGH,LEFT,BOTTOM,36.4,51.7,21.66,0.147,3.18,1460,10,-0.592,-0.62
2026-09-10 16:20:51,2173588,-0.907869,-0.419254,262.583,28.529,262.583,28.529,3664,3829,4093,3889,-204,-165,-0.025558,-0.022021,18965.83,HIGH,LEFT,BOTTOM,36.4,51.7,21.02,0.311,6.54,1460,10,-0.767,-0.661
2026-09-10 16:20:52,2174276,-0.907899,-0.419188,262.584,28.526,262.584,28.526,3669,3824,4095,3893,-202,-155,-0.025288,-0.020686,18963.33,HIGH,LEFT,BOTTOM,36.4,51.8,18.31,0.596,10.91,1460,10,-0.759,-0.621
2026-09-10 16:20:53,2174960,-0.90793,-0.419122,262.585,28.524,262.585,28.524,3664,3824,4095,3894,-201,-160,-0.02516,-0.021368,18960.0,HIGH,LEFT,BOTTOM,36.4,51.8,19.67,0.147,2.89,1460,10,-0.755,-0.641
2026-09-10 16:20:53,2175643,-0.90793,-0.419122,262.586,28.521,262.586,28.521,3663,3827,4095,3898,-197,-164,-0.024647,-0.021896,18964.17,HIGH,LEFT,BOTTOM,36.4,51.8,23.45,0.508,11.91,1460,10,-0.739,-0.657
2026-09-10 16:20:54,2176331,-0.90796,-0.419056,262.588,28.518,262.588,28.518,3664,3826,4093,3898,-195,-162,-0.024402,-0.021629,18957.5,HIGH,LEFT,BOTTOM,36.4,51.8,19.44,0.342,6.65,1460,10,-0.732,-0.649
2026-09-10 16:20:55,2177015,-0.907991,-0.41899,262.589,28.516,262.589,28.516,3662,3828,4095,3888,-207,-166,-0.02593,-0.022163,18955.0,HIGH,LEFT,BOTTOM,36.4,51.8,18.87,0.535,10.1,1460,10,-0.778,-0.665
2026-09-10 16:20:55,2177698,-0.907991,-0.41899,262.59,28.513,262.59,28.513,3670,3826,4095,3899,-196,-156,-0.024518,-0.020811,18955.0,HIGH,LEFT,BOTTOM,36.4,51.8,20.94,0.132,2.76,1460,10,-0.736,-0.624
2026-09-10 16:20:56,2178386,-0.908021,-0.418924,262.592,28.511,262.592,28.511,3675,3826,4095,3888,-207,-151,-0.02593,-0.020131,18952.5,HIGH,LEFT,BOTTOM,36.4,51.8,23.91,0.71,16.98,1460,10,-0.778,-0.604
2026-09-10 16:20:57,2179070,-0.908052,-0.418858,262.593,28.508,262.593,28.508,3665,3826,4095,3933,-162,-161,-0.020179,-0.021492,18948.33,HIGH,LEFT,BOTTOM,36.4,51.8,19.45,0.781,15.19,1460,10,-0.605,-0.645
2026-09-10 16:20:57,2179753,-0.908052,-0.418858,262.594,28.505,262.594,28.505,3671,3824,4095,3895,-200,-153,-0.025031,-0.020414,18950.0,HIGH,LEFT,BOTTOM,36.4,51.8,22.03,0.778,17.14,1460,10,-0.751,-0.612
2026-09-10 16:20:58,2180441,-0.908082,-0.418792,262.596,28.503,262.596,28.503,3669,3824,4095,3888,-207,-155,-0.02593,-0.020686,18947.5,HIGH,LEFT,BOTTOM,36.4,52.0,22.57,0.625,14.11,1460,10,-0.778,-0.621
2026-09-10 16:20:59,2181125,-0.908113,-0.418726,262.597,28.5,262.597,28.5,3667,3824,4095,3888,-207,-157,-0.02593,-0.020958,18941.67,HIGH,LEFT,BOTTOM,36.4,52.0,19.43,0.191,3.71,1460,10,-0.778,-0.629
2026-09-10 16:20:59,2181808,-0.908113,-0.418726,262.598,28.498,262.598,28.498,3668,3825,4095,3881,-214,-157,-0.02683,-0.020953,18941.67,HIGH,LEFT,BOTTOM,36.4,52.0,22.37,0.631,14.12,1460,10,-0.805,-0.629
2026-09-10 16:21:00,2182496,-0.908143,-0.41866,262.6,28.495,262.6,28.495,3679,3824,4095,3886,-209,-145,-0.026187,-0.019326,18938.33,HIGH,LEFT,CENTER,36.4,52.3,20.21,0.117,2.36,1460,10,-0.786,-0.58
2026-09-10 16:21:01,2183180,-0.908174,-0.418594,262.601,28.492,262.601,28.492,3670,3829,4095,3892,-203,-159,-0.025416,-0.021203,18939.17,HIGH,LEFT,BOTTOM,36.4,52.3,21.79,0.115,2.51,1460,10,-0.762,-0.636
2026-09-10 16:21:01,2183863,-0.908174,-0.418594,262.602,28.49,262.602,28.49,3669,3837,4095,3895,-200,-168,-0.025031,-0.022382,18930.83,HIGH,LEFT,BOTTOM,36.4,52.3,21.8,0.327,7.13,1460,10,-0.751,-0.671
2026-09-10 16:21:02,2184551,-0.908204,-0.418528,262.603,28.487,262.603,28.487,3653,3821,4095,3905,-190,-168,-0.02375,-0.022478,18925.83,HIGH,LEFT,BOTTOM,36.4,52.4,21.21,0.442,9.37,1460,10,-0.713,-0.674
2026-09-10 16:21:03,2185235,-0.908234,-0.418462,262.605,28.485,262.605,28.485,3659,3819,4095,3893,-202,-160,-0.025288,-0.021396,18922.5,HIGH,LEFT,BOTTOM,36.4,52.4,18.54,0.639,11.85,1460,10,-0.759,-0.642
2026-09-10 16:21:03,2185918,-0.908234,-0.418462,262.606,28.482,262.606,28.482,3664,3823,4094,3895,-199,-159,-0.024909,-0.021237,18919.17,HIGH,LEFT,BOTTOM,36.4,52.4,23.01,0.578,13.3,1460,10,-0.747,-0.637
2026-09-10 16:21:04,2186606,-0.908265,-0.418396,262.607,28.479,262.607,28.479,3669,3833,4087,3895,-192,-164,-0.024054,-0.021861,18915.0,HIGH,LEFT,BOTTOM,36.3,52.5,19.92,0.412,8.21,1460,10,-0.722,-0.656
2026-09-10 16:21:05,2187290,-0.908295,-0.418329,262.609,28.477,262.609,28.477,3671,3824,4095,3908,-187,-153,-0.023366,-0.020414,18913.33,HIGH,LEFT,BOTTOM,36.3,52.5,19.12,0.292,5.58,1460,10,-0.701,-0.612
2026-09-10 16:21:06,2187973,-0.908326,-0.418263,262.61,28.474,262.61,28.474,3666,3827,4095,3873,-222,-161,-0.027861,-0.021487,18910.0,HIGH,LEFT,BOTTOM,36.3,52.5,18.24,0.798,14.56,1460,10,-0.836,-0.645
2026-09-10 16:21:06,2188661,-0.908326,-0.418263,262.611,28.472,262.611,28.472,3654,3824,4095,3889,-206,-170,-0.025802,-0.022733,18905.83,HIGH,LEFT,BOTTOM,36.4,52.8,21.55,0.398,8.58,1460,10,-0.774,-0.682
2026-09-10 16:21:07,2189345,-0.908356,-0.418197,262.613,28.469,262.613,28.469,3668,3826,4091,3894,-197,-158,-0.024671,-0.021084,18903.33,HIGH,LEFT,BOTTOM,36.4,52.8,22.07,0.416,9.18,1460,10,-0.74,-0.633
2026-09-10 16:21:08,2190028,-0.908387,-0.418131,262.614,28.466,262.614,28.466,3664,3822,4095,3918,-177,-158,-0.022089,-0.021106,18901.67,HIGH,LEFT,BOTTOM,36.4,52.8,18.1,0.215,3.89,1460,10,-0.663,-0.633
2026-09-10 16:21:08,2190716,-0.908387,-0.418131,262.615,28.464,262.615,28.464,3669,3824,4095,3879,-216,-155,-0.027088,-0.020686,18895.0,HIGH,LEFT,BOTTOM,36.4,52.9,21.07,0.656,13.82,1460,10,-0.813,-0.621
2026-09-10 16:21:09,2191399,-0.908417,-0.418065,262.617,28.461,262.617,28.461,3664,3839,4095,3889,-206,-175,-0.025802,-0.023324,18892.5,HIGH,LEFT,BOTTOM,36.4,52.9,19.36,0.586,11.34,1460,10,-0.774,-0.7
2026-09-10 16:21:10,2192082,-0.908447,-0.417999,262.618,28.459,262.618,28.459,3670,3822,4095,3890,-205,-152,-0.025673,-0.020288,18887.5,HIGH,LEFT,BOTTOM,36.4,52.9,21.87,0.255,5.58,1460,10,-0.77,-0.609
2026-09-10 16:21:10,2192770,-0.908447,-0.417999,262.619,28.456,262.619,28.456,3665,3823,4095,3888,-207,-158,-0.02593,-0.0211,18893.33,HIGH,LEFT,BOTTOM,36.4,52.9,19.05,0.158,3.01,1460,10,-0.778,-0.633
2026-09-10 16:21:11,2193453,-0.908478,-0.417933,262.62,28.453,262.62,28.453,3669,3820,4095,3905,-190,-151,-0.02375,-0.020163,18887.5,HIGH,LEFT,BOTTOM,36.4,52.9,22.15,0.576,12.76,1460,10,-0.713,-0.605
2026-09-10 16:21:12,2194136,-0.908508,-0.417867,262.622,28.451,262.622,28.451,3667,3822,4095,3894,-201,-155,-0.02516,-0.020697,18885.83,HIGH,LEFT,BOTTOM,36.4,52.9,20.32,0.558,11.34,1460,10,-0.755,-0.621
2026-09-10 16:21:12,2194824,-0.908508,-0.417867,262.623,28.448,262.623,28.448,3666,3823,4095,3893,-202,-157,-0.025288,-0.020964,18879.17,HIGH,LEFT,BOTTOM,36.3,53.0,23.62,0.291,6.87,1460,10,-0.759,-0.629
2026-09-10 16:21:13,2195507,-0.908539,-0.417801,262.624,28.446,262.624,28.446,3665,3798,4093,3899,-194,-133,-0.024274,-0.017821,18872.5,HIGH,LEFT,CENTER,36.3,53.0,18.83,0.766,14.42,1460,10,-0.728,-0.535
2026-09-10 16:21:14,2196190,-0.908569,-0.417735,262.626,28.443,262.626,28.443,3666,3823,4095,3898,-197,-157,-0.024647,-0.020964,18870.0,HIGH,LEFT,BOTTOM,36.3,53.0,20.05,0.206,4.13,1460,10,-0.739,-0.629
2026-09-10 16:21:14,2196878,-0.908569,-0.417735,262.627,28.44,262.627,28.44,3664,3826,4093,3898,-195,-162,-0.024402,-0.021629,18864.17,HIGH,LEFT,BOTTOM,36.3,53.2,18.68,0.403,7.53,1460,10,-0.732,-0.649
2026-09-10 16:21:15,2197562,-0.908599,-0.417669,262.628,28.438,262.628,28.438,3660,3825,4095,3899,-196,-165,-0.024518,-0.022044,18861.67,HIGH,LEFT,BOTTOM,36.3,53.2,23.55,0.761,17.92,1460,10,-0.736,-0.661
2026-09-10 16:21:16,2198245,-0.90863,-0.417603,262.63,28.435,262.63,28.435,3670,3869,4095,3883,-212,-199,-0.026573,-0.026396,18860.83,HIGH,LEFT,BOTTOM,36.3,53.2,23.26,0.394,9.16,1460,10,-0.797,-0.792
2026-09-10 16:21:16,2198933,-0.90863,-0.417603,262.631,28.433,262.631,28.433,3659,3824,4095,3889,-206,-165,-0.025802,-0.02205,18855.83,HIGH,LEFT,BOTTOM,36.3,53.1,19.55,0.547,10.69,1460,10,-0.774,-0.661
2026-09-10 16:21:17,2199617,-0.90866,-0.417537,262.632,28.43,262.632,28.43,3645,3823,4095,3899,-196,-178,-0.024518,-0.023835,18850.83,HIGH,LEFT,BOTTOM,36.3,53.1,21.96,0.378,8.3,1460,10,-0.736,-0.715
2026-09-10 16:21:18,2200300,-0.90869,-0.417471,262.634,28.427,262.634,28.427,3664,3823,4095,3929,-166,-159,-0.020688,-0.021237,18845.0,HIGH,LEFT,BOTTOM,36.3,53.1,22.9,0.292,6.69,1460,10,-0.621,-0.637
2026-09-10 16:21:19,2200988,-0.908721,-0.417405,262.635,28.425,262.635,28.425,3666,3824,4095,3891,-204,-158,-0.025545,-0.021095,18840.0,HIGH,LEFT,BOTTOM,36.3,53.0,21.33,0.789,16.83,1460,10,-0.766,-0.633
2026-09-10 16:21:19,2201671,-0.908721,-0.417405,262.636,28.422,262.636,28.422,3665,3824,4087,3899,-188,-159,-0.023541,-0.021231,18837.5,HIGH,LEFT,BOTTOM,36.3,53.0,21.18,0.387,8.2,1460,10,-0.706,-0.637
2026-09-10 16:21:20,2202354,-0.908751,-0.417338,262.637,28.42,262.637,28.42,3663,3824,4095,3894,-201,-161,-0.02516,-0.021504,18834.17,HIGH,LEFT,BOTTOM,36.3,53.0,19.45,0.726,14.12,1460,10,-0.755,-0.645
2026-09-10 16:21:21,2203042,-0.908781,-0.417272,262.639,28.417,262.639,28.417,3690,3771,4095,3894,-201,-81,-0.02516,-0.010856,18834.17,HIGH,LEFT,CENTER,36.2,52.8,18.56,0.261,4.84,1460,10,-0.755,-0.326
2026-09-10 16:21:21,2203726,-0.908781,-0.417272,262.64,28.414,262.64,28.414,3665,3820,4095,3883,-212,-155,-0.026573,-0.020708,18830.0,HIGH,LEFT,BOTTOM,36.2,52.8,23.38,0.249,5.82,1460,10,-0.797,-0.621
2026-09-10 16:21:22,2204409,-0.908812,-0.417206,262.641,28.412,262.641,28.412,3645,3821,4095,3901,-194,-176,-0.024262,-0.023574,18827.5,HIGH,LEFT,BOTTOM,36.2,52.8,23.4,0.122,2.85,1460,10,-0.728,-0.707
2026-09-10 16:21:23,2205097,-0.908842,-0.41714,262.643,28.409,262.643,28.409,3665,3820,4095,3927,-168,-155,-0.020942,-0.020708,18822.5,HIGH,LEFT,BOTTOM,36.2,52.7,21.8,0.556,12.12,1460,10,-0.628,-0.621
2026-09-10 16:21:23,2205781,-0.908842,-0.41714,262.644,28.406,262.644,28.406,3668,3814,4095,3891,-204,-146,-0.025545,-0.019513,18820.0,HIGH,LEFT,CENTER,36.2,52.7,20.03,0.358,7.17,1460,10,-0.766,-0.585
2026-09-10 16:21:24,2206464,-0.908872,-0.417074,262.645,28.404,262.645,28.404,3667,3818,4095,3923,-172,-151,-0.021452,-0.020174,18817.5,HIGH,LEFT,BOTTOM,36.2,52.7,20.1,0.705,14.17,1460,10,-0.644,-0.605
2026-09-10 16:21:25,2207152,-0.908903,-0.417008,262.647,28.401,262.647,28.401,3655,3824,4093,3920,-173,-169,-0.02159,-0.022597,18813.33,HIGH,LEFT,BOTTOM,36.2,52.7,22.36,0.431,9.64,1460,10,-0.648,-0.678
2026-09-10 16:21:25,2207836,-0.908903,-0.417008,262.648,28.399,262.648,28.399,3664,3889,4093,3920,-173,-225,-0.02159,-0.029789,18809.17,HIGH,LEFT,BOTTOM,36.2,52.7,23.38,0.778,18.19,1460,10,-0.648,-0.894
2026-09-10 16:21:26,2208519,-0.908933,-0.416942,262.649,28.396,262.649,28.396,3663,3819,4087,3895,-192,-156,-0.024054,-0.02085,18811.67,HIGH,LEFT,BOTTOM,36.2,52.7,23.32,0.23,5.36,1460,10,-0.722,-0.626
2026-09-10 16:21:27,2209207,-0.908963,-0.416876,262.651,28.393,262.651,28.393,3662,3819,4095,3889,-206,-157,-0.025802,-0.020986,18803.33,HIGH,LEFT,BOTTOM,36.1,52.7,22.68,0.708,16.06,1460,10,-0.774,-0.63
2026-09-10 16:21:27,2209891,-0.908963,-0.416876,262.652,28.391,262.652,28.391,3665,3782,4095,3890,-205,-117,-0.025673,-0.015711,18797.5,HIGH,LEFT,CENTER,36.1,52.7,21.85,0.644,14.07,1460,10,-0.77,-0.471
2026-09-10 16:21:28,2210574,-0.908994,-0.41681,262.653,28.388,262.653,28.388,3653,3822,4095,3902,-193,-169,-0.024134,-0.022609,18798.33,HIGH,LEFT,BOTTOM,36.1,52.7,18.5,0.64,11.84,1460,10,-0.724,-0.678
2026-09-10 16:21:29,2211262,-0.909024,-0.416744,262.654,28.386,262.654,28.386,3661,3819,4095,3893,-202,-158,-0.025288,-0.021123,18794.17,HIGH,LEFT,BOTTOM,36.1,52.7,18.97,0.691,13.11,1460,10,-0.759,-0.634
2026-09-10 16:21:30,2211946,-0.909054,-0.416677,262.656,28.383,262.656,28.383,3666,3856,4089,3893,-196,-190,-0.024555,-0.025259,18791.67,HIGH,LEFT,BOTTOM,36.1,52.7,23.39,0.633,14.81,1460,10,-0.737,-0.758
2026-09-10 16:21:30,2212629,-0.909054,-0.416677,262.657,28.38,262.657,28.38,3662,3823,4087,3898,-189,-161,-0.023669,-0.02151,18785.0,HIGH,LEFT,BOTTOM,36.1,52.7,21.64,0.538,11.64,1460,10,-0.71,-0.645
2026-09-10 16:21:31,2213317,-0.909085,-0.416611,262.658,28.378,262.658,28.378,3666,3825,4095,3868,-227,-159,-0.028507,-0.021225,18781.67,HIGH,LEFT,BOTTOM,36.1,52.8,18.06,0.192,3.47,1460,10,-0.855,-0.637
2026-09-10 16:21:32,2214001,-0.909115,-0.416545,262.66,28.375,262.66,28.375,3664,3813,4085,3893,-192,-149,-0.024066,-0.019928,18780.0,HIGH,LEFT,CENTER,36.1,52.8,18.61,0.123,2.29,1460,10,-0.722,-0.598
2026-09-10 16:21:32,2214684,-0.909115,-0.416545,262.661,28.373,262.661,28.373,3663,3819,4063,3892,-171,-156,-0.021496,-0.02085,18770.83,HIGH,LEFT,BOTTOM,36.1,52.8,21.98,0.745,16.38,1460,10,-0.645,-0.626
2026-09-10 16:21:33,2215372,-0.909145,-0.416479,262.662,28.37,262.662,28.37,3664,3819,4095,3897,-198,-155,-0.024775,-0.020714,18770.0,HIGH,LEFT,BOTTOM,36.0,52.8,18.03,0.532,9.59,1460,10,-0.743,-0.621
2026-09-10 16:21:34,2216056,-0.909176,-0.416413,262.664,28.367,262.664,28.367,3650,3815,4063,3887,-176,-165,-0.022138,-0.022103,18766.67,HIGH,LEFT,BOTTOM,36.0,52.8,18.96,0.658,12.48,1460,10,-0.664,-0.663
2026-09-10 16:21:34,2216739,-0.909176,-0.416413,262.665,28.365,262.665,28.365,3664,3802,4095,3890,-205,-138,-0.025673,-0.018484,18762.5,HIGH,LEFT,CENTER,36.0,52.8,21.29,0.437,9.3,1460,10,-0.77,-0.555
2026-09-10 16:21:35,2217427,-0.909206,-0.416347,262.666,28.362,262.666,28.362,3664,3818,4095,3894,-201,-154,-0.02516,-0.020583,18760.83,HIGH,LEFT,BOTTOM,36.0,52.7,22.15,0.182,4.03,1460,10,-0.755,-0.617
2026-09-10 16:21:36,2218111,-0.909236,-0.416281,262.667,28.36,262.667,28.36,3661,3824,4091,3911,-180,-163,-0.022494,-0.021777,18758.33,HIGH,LEFT,BOTTOM,36.0,52.7,21.91,0.188,4.12,1460,10,-0.675,-0.653
2026-09-10 16:21:36,2218794,-0.909236,-0.416281,262.669,28.357,262.669,28.357,3665,3817,4093,3888,-205,-152,-0.025686,-0.020315,18752.5,HIGH,LEFT,BOTTOM,36.0,52.7,19.35,0.58,11.22,1460,10,-0.771,-0.609
2026-09-10 16:21:37,2219482,-0.909266,-0.416215,262.67,28.354,262.67,28.354,3669,3810,4095,3888,-207,-141,-0.02593,-0.018853,18748.33,HIGH,LEFT,CENTER,36.0,52.6,22.27,0.401,8.93,1460,10,-0.778,-0.566
2026-09-10 16:21:38,2220166,-0.909297,-0.416149,262.671,28.352,262.671,28.352,3664,3819,4087,3889,-198,-155,-0.024824,-0.020714,18746.67,HIGH,LEFT,BOTTOM,36.0,52.6,19.42,0.24,4.66,1460,10,-0.745,-0.621
2026-09-10 16:21:38,2220849,-0.909297,-0.416149,262.673,28.349,262.673,28.349,3663,3827,4095,3895,-200,-164,-0.025031,-0.021896,18740.83,HIGH,LEFT,BOTTOM,36.0,52.6,19.95,0.444,8.86,1460,10,-0.751,-0.657
2026-09-10 16:21:39,2221537,-0.909327,-0.416082,262.674,28.347,262.674,28.347,3658,3818,4095,3884,-211,-160,-0.026444,-0.021402,18734.17,HIGH,LEFT,BOTTOM,36.0,52.7,22.48,0.145,3.26,1460,10,-0.793,-0.642
2026-09-10 16:21:40,2222221,-0.909357,-0.416016,262.675,28.344,262.675,28.344,3664,3815,4095,3881,-214,-151,-0.02683,-0.02019,18730.83,HIGH,LEFT,BOTTOM,36.0,52.7,21.9,0.507,11.1,1460,10,-0.805,-0.606
2026-09-10 16:21:40,2222904,-0.909357,-0.416016,262.677,28.341,262.677,28.341,3661,3821,4092,3893,-199,-160,-0.024922,-0.021385,18728.33,HIGH,LEFT,BOTTOM,36.0,52.7,23.1,0.288,6.65,1460,10,-0.748,-0.642
2026-09-10 16:21:41,2223592,-0.909387,-0.41595,262.678,28.339,262.678,28.339,3665,3811,4095,3890,-205,-146,-0.025673,-0.019529,18723.33,HIGH,LEFT,CENTER,35.9,52.7,21.95,0.658,14.44,1460,10,-0.77,-0.586
2026-09-10 16:21:42,2224276,-0.909418,-0.415884,262.679,28.336,262.679,28.336,3664,3820,4091,3888,-203,-156,-0.025442,-0.020844,18716.67,HIGH,LEFT,BOTTOM,35.9,52.7,21.41,0.317,6.79,1460,10,-0.763,-0.625
2026-09-10 16:21:43,2224959,-0.909448,-0.415818,262.681,28.334,262.681,28.334,3655,3824,4091,3890,-201,-169,-0.025185,-0.022597,18711.67,HIGH,LEFT,BOTTOM,35.9,52.7,18.56,0.419,7.78,1460,10,-0.756,-0.678
2026-09-10 16:21:43,2225647,-0.909448,-0.415818,262.682,28.331,262.682,28.331,3659,3814,4071,3888,-183,-155,-0.022993,-0.020741,18709.17,HIGH,LEFT,BOTTOM,35.9,52.5,20.21,0.108,2.18,1460,10,-0.69,-0.622
2026-09-10 16:21:44,2226331,-0.909478,-0.415752,262.683,28.328,262.683,28.328,3664,3813,4095,3891,-204,-149,-0.025545,-0.019928,18701.67,HIGH,LEFT,CENTER,35.9,52.5,19.59,0.151,2.96,1460,10,-0.766,-0.598
2026-09-10 16:21:45,2227014,-0.909508,-0.415686,262.684,28.326,262.684,28.326,3659,3811,4083,3925,-158,-152,-0.01973,-0.020348,18695.83,HIGH,LEFT,BOTTOM,35.9,52.5,19.46,0.375,7.3,1460,10,-0.592,-0.61
2026-09-10 16:21:45,2227702,-0.909508,-0.415686,262.686,28.323,262.686,28.323,3663,3813,4095,3913,-182,-150,-0.022727,-0.020064,18695.83,HIGH,LEFT,CENTER,35.9,52.6,23.84,0.436,10.39,1460,10,-0.682,-0.602
2026-09-10 16:21:46,2228386,-0.909539,-0.415619,262.687,28.321,262.687,28.321,3661,3812,4081,3884,-197,-151,-0.024733,-0.020206,18682.5,HIGH,LEFT,BOTTOM,35.9,52.6,20.36,0.52,10.59,1460,10,-0.742,-0.606
2026-09-10 16:21:47,2229069,-0.909569,-0.415553,262.688,28.318,262.688,28.318,3637,3815,4095,3920,-175,-178,-0.021834,-0.023886,18678.33,HIGH,LEFT,BOTTOM,35.9,52.6,23.35,0.304,7.1,1460,10,-0.655,-0.717
2026-09-10 16:21:47,2229757,-0.909569,-0.415553,262.69,28.315,262.69,28.315,3651,3771,4095,3878,-217,-120,-0.027217,-0.016168,18672.5,HIGH,LEFT,CENTER,35.8,52.8,21.79,0.586,12.77,1460,10,-0.817,-0.485
2026-09-10 16:21:48,2230441,-0.909599,-0.415487,262.691,28.313,262.691,28.313,3648,3811,4095,3887,-208,-163,-0.026059,-0.021853,18666.67,HIGH,LEFT,BOTTOM,35.8,52.8,22.77,0.702,15.98,1460,10,-0.782,-0.656
2026-09-10 16:21:49,2231124,-0.909629,-0.415421,262.692,28.31,262.692,28.31,3664,3813,4094,3886,-208,-149,-0.026065,-0.019928,18660.0,HIGH,LEFT,CENTER,35.8,52.8,21.02,0.646,13.58,1460,10,-0.782,-0.598
2026-09-10 16:21:49,2231812,-0.909629,-0.415421,262.694,28.308,262.694,28.308,3659,3815,4087,3892,-195,-156,-0.024439,-0.020872,18658.33,HIGH,LEFT,BOTTOM,35.8,53.0,21.46,0.128,2.75,1460,10,-0.733,-0.626
2026-09-10 16:21:50,2232496,-0.909659,-0.415355,262.695,28.305,262.695,28.305,3664,3817,4095,3884,-211,-153,-0.026444,-0.020452,18649.17,HIGH,LEFT,BOTTOM,35.8,53.0,20.96,0.436,9.14,1460,10,-0.793,-0.614
2026-09-10 16:21:51,2233179,-0.90969,-0.415289,262.696,28.302,262.696,28.302,3650,3818,4093,3879,-214,-168,-0.026844,-0.022496,18648.33,HIGH,LEFT,BOTTOM,35.8,53.0,19.17,0.173,3.32,1460,10,-0.805,-0.675
2026-09-10 16:21:51,2233867,-0.90969,-0.415289,262.697,28.3,262.697,28.3,3661,3803,4087,3888,-199,-142,-0.024953,-0.019025,18640.83,HIGH,LEFT,CENTER,35.7,52.9,22.33,0.269,6.01,1460,10,-0.749,-0.571
2026-09-10 16:21:52,2234551,-0.90972,-0.415223,262.699,28.297,262.699,28.297,3699,3813,4086,3890,-196,-114,-0.024574,-0.015176,18632.5,HIGH,LEFT,CENTER,35.7,52.9,19.68,0.791,15.57,1460,10,-0.737,-0.455
2026-09-10 16:21:53,2235234,-0.90975,-0.415156,262.7,28.295,262.7,28.295,3659,3814,4095,3888,-207,-155,-0.02593,-0.020741,18625.0,HIGH,LEFT,BOTTOM,35.7,52.9,18.15,0.2,3.63,1460,10,-0.778,-0.622
2026-09-10 16:21:53,2235922,-0.90975,-0.415156,262.701,28.292,262.701,28.292,3650,3822,4095,3875,-220,-172,-0.027604,-0.023019,18620.83,HIGH,LEFT,BOTTOM,35.7,52.8,21.87,0.449,9.82,1460,10,-0.828,-0.691
2026-09-10 16:21:54,2236606,-0.90978,-0.41509,262.703,28.289,262.703,28.289,3654,3815,4083,3888,-195,-161,-0.024464,-0.021556,18634.17,HIGH,LEFT,BOTTOM,35.7,52.8,19.06,0.533,10.16,1460,10,-0.734,-0.647
2026-09-10 16:21:55,2237289,-0.90981,-0.415024,262.704,28.287,262.704,28.287,3663,3825,4091,3890,-201,-162,-0.025185,-0.021635,18623.33,HIGH,LEFT,BOTTOM,35.7,52.8,23.64,0.592,13.99,1460,10,-0.756,-0.649
2026-09-10 16:21:56,2237977,-0.909841,-0.414958,262.705,28.284,262.705,28.284,3663,3820,4095,3887,-208,-157,-0.026059,-0.020981,18619.17,HIGH,LEFT,BOTTOM,35.6,52.9,23.72,0.492,11.67,1460,10,-0.782,-0.629
2026-09-10 16:21:56,2238661,-0.909841,-0.414958,262.707,28.282,262.707,28.282,3661,3811,4095,3890,-205,-150,-0.025673,-0.020075,18616.67,HIGH,LEFT,CENTER,35.6,52.9,23.49,0.107,2.51,1460,10,-0.77,-0.602
2026-09-10 16:21:57,2239344,-0.909871,-0.414892,262.708,28.279,262.708,28.279,3662,3817,4089,3885,-204,-155,-0.025583,-0.020725,18613.33,HIGH,LEFT,BOTTOM,35.6,52.9,20.22,0.329,6.65,1460,10,-0.767,-0.622
2026-09-10 16:21:58,2240032,-0.909901,-0.414826,262.709,28.276,262.709,28.276,3661,3809,4095,3889,-206,-148,-0.025802,-0.019813,18606.67,HIGH,LEFT,CENTER,35.6,52.9,18.09,0.462,8.36,1460,10,-0.774,-0.594
2026-09-10 16:21:58,2240716,-0.909901,-0.414826,262.71,28.274,262.71,28.274,3659,3824,4085,3888,-197,-165,-0.024708,-0.02205,18606.67,HIGH,LEFT,BOTTOM,35.6,52.9,23.57,0.162,3.82,1460,10,-0.741,-0.661
2026-09-10 16:21:59,2241399,-0.909931,-0.414759,262.712,28.271,262.712,28.271,3655,3810,4084,3887,-197,-155,-0.024715,-0.020764,18599.17,HIGH,LEFT,BOTTOM,35.6,52.9,20.57,0.345,7.1,1460,10,-0.741,-0.623
2026-09-10 16:22:00,2242087,-0.909961,-0.414693,262.713,28.269,262.713,28.269,3655,3810,4095,3889,-206,-155,-0.025802,-0.020764,18601.67,HIGH,LEFT,BOTTOM,35.6,53.0,23.8,0.123,2.93,1460,10,-0.774,-0.623
2026-09-10 16:22:00,2242771,-0.909961,-0.414693,262.714,28.266,262.714,28.266,3659,3806,4095,3888,-207,-147,-0.02593,-0.019692,18591.67,HIGH,LEFT,CENTER,35.6,53.0,23.78,0.155,3.69,1460,10,-0.778,-0.591
2026-09-10 16:22:01,2243454,-0.909991,-0.414627,262.716,28.263,262.716,28.263,3663,3809,4087,3881,-206,-146,-0.025853,-0.01954,18587.5,HIGH,LEFT,CENTER,35.6,53.0,23.12,0.378,8.74,1460,10,-0.776,-0.586
2026-09-10 16:22:02,2244142,-0.910022,-0.414561,262.717,28.261,262.717,28.261,3646,3807,4087,3877,-210,-161,-0.026369,-0.021602,18587.5,HIGH,LEFT,BOTTOM,35.6,53.1,19.77,0.193,3.82,1460,10,-0.791,-0.648
2026-09-10 16:22:02,2244826,-0.910022,-0.414561,262.718,28.258,262.718,28.258,3617,3812,4093,3877,-216,-195,-0.027102,-0.026248,18581.67,HIGH,LEFT,BOTTOM,35.6,53.1,20.31,0.497,10.09,1460,10,-0.813,-0.787
2026-09-10 16:22:03,2245509,-0.910052,-0.414495,262.72,28.256,262.72,28.256,3657,3808,4095,3888,-207,-151,-0.02593,-0.020228,18579.17,HIGH,LEFT,BOTTOM,35.6,53.1,23.11,0.583,13.47,1460,10,-0.778,-0.607
2026-09-10 16:22:04,2246197,-0.910082,-0.414429,262.721,28.253,262.721,28.253,3661,3809,4080,3926,-154,-148,-0.019236,-0.019813,18580.83,HIGH,LEFT,CENTER,35.6,53.2,19.9,0.66,13.13,1460,10,-0.577,-0.594
2026-09-10 16:22:04,2246881,-0.910082,-0.414429,262.722,28.25,262.722,28.25,3637,3763,4093,3885,-208,-126,-0.026072,-0.017027,18574.17,HIGH,LEFT,CENTER,35.6,53.2,19.02,0.24,4.56,1460,10,-0.782,-0.511
2026-09-10 16:22:05,2247564,-0.910112,-0.414362,262.724,28.248,262.724,28.248,3661,3807,4091,3887,-204,-146,-0.02557,-0.01955,18565.83,HIGH,LEFT,CENTER,35.6,53.2,21.34,0.217,4.63,1460,10,-0.767,-0.587
2026-09-10 16:22:06,2248252,-0.910142,-0.414296,262.725,28.245,262.725,28.245,3656,3807,4095,3884,-211,-151,-0.026444,-0.020233,18563.33,HIGH,LEFT,BOTTOM,35.6,53.5,23.62,0.173,4.09,1460,10,-0.793,-0.607
2026-09-10 16:22:06,2248936,-0.910142,-0.414296,262.726,28.243,262.726,28.243,3661,3808,4089,3881,-208,-147,-0.026098,-0.019681,18555.83,HIGH,LEFT,CENTER,35.6,53.5,22.18,0.546,12.11,1460,10,-0.783,-0.59
2026-09-10 16:22:07,2249619,-0.910172,-0.41423,262.727,28.24,262.727,28.24,3632,3808,4095,3888,-207,-176,-0.02593,-0.023656,18553.33,HIGH,LEFT,BOTTOM,35.6,53.5,21.42,0.595,12.74,1460,10,-0.778,-0.71
2026-09-10 16:22:08,2250307,-0.910202,-0.414164,262.729,28.237,262.729,28.237,3659,3812,4089,3888,-201,-153,-0.025197,-0.020479,18547.5,HIGH,LEFT,BOTTOM,35.5,53.7,18.58,0.122,2.27,1460,10,-0.756,-0.614
2026-09-10 16:22:09,2250991,-0.910232,-0.414098,262.73,28.235,262.73,28.235,3653,3809,4095,3888,-207,-156,-0.02593,-0.020906,18540.83,HIGH,LEFT,BOTTOM,35.5,53.7,21.69,0.755,16.38,1460,10,-0.778,-0.627
2026-09-10 16:22:09,2251674,-0.910232,-0.414098,262.731,28.232,262.731,28.232,3655,3810,4095,3888,-207,-155,-0.02593,-0.020764,18535.83,HIGH,LEFT,BOTTOM,35.5,53.7,23.94,0.136,3.26,1460,10,-0.778,-0.623
2026-09-10 16:22:10,2252362,-0.910263,-0.414031,262.733,28.229,262.733,28.229,3645,3807,4086,3871,-215,-162,-0.02702,-0.021739,18532.5,HIGH,LEFT,BOTTOM,35.5,53.9,18.84,0.479,9.02,1460,10,-0.811,-0.652
2026-09-10 16:22:11,2253046,-0.910293,-0.413965,262.734,28.227,262.734,28.227,3662,3807,4091,3888,-203,-145,-0.025442,-0.019414,18529.17,HIGH,LEFT,CENTER,35.5,53.9,21.11,0.596,12.58,1460,10,-0.763,-0.582
2026-09-10 16:22:11,2253729,-0.910293,-0.413965,262.735,28.224,262.735,28.224,3653,3811,4086,3875,-211,-158,-0.026504,-0.021168,18522.5,HIGH,LEFT,BOTTOM,35.5,53.9,23.26,0.71,16.51,1460,10,-0.795,-0.635
2026-09-10 16:22:12,2254417,-0.910323,-0.413899,262.737,28.222,262.737,28.222,3662,3814,4095,3886,-209,-152,-0.026187,-0.020332,18516.67,HIGH,LEFT,BOTTOM,35.5,53.7,22.44,0.6,13.46,1460,10,-0.786,-0.61
2026-09-10 16:22:13,2255101,-0.910353,-0.413833,262.738,28.219,262.738,28.219,3657,3811,4095,3886,-209,-154,-0.026187,-0.020621,18515.83,HIGH,LEFT,BOTTOM,35.5,53.7,22.18,0.661,14.66,1460,10,-0.786,-0.619
2026-09-10 16:22:13,2255784,-0.910353,-0.413833,262.739,28.216,262.739,28.216,3649,3808,4073,3883,-190,-159,-0.023881,-0.021322,18504.17,HIGH,LEFT,BOTTOM,35.5,53.7,22.21,0.338,7.51,1460,10,-0.716,-0.64
2026-09-10 16:22:14,2256472,-0.910383,-0.413767,262.74,28.214,262.74,28.214,3652,3811,4081,3885,-196,-159,-0.024605,-0.021305,18494.17,HIGH,LEFT,BOTTOM,35.5,53.7,20.16,0.67,13.51,1460,10,-0.738,-0.639
2026-09-10 16:22:15,2257156,-0.910413,-0.4137,262.742,28.211,262.742,28.211,3655,3849,4091,3878,-213,-194,-0.026729,-0.025853,18495.0,HIGH,LEFT,BOTTOM,35.5,53.7,19.76,0.156,3.08,1460,10,-0.802,-0.776
2026-09-10 16:22:15,2257839,-0.910413,-0.4137,262.743,28.209,262.743,28.209,3653,3808,4095,3886,-209,-155,-0.026187,-0.020775,18496.67,HIGH,LEFT,BOTTOM,35.5,53.7,22.86,0.726,16.6,1460,10,-0.786,-0.623
2026-09-10 16:22:16,2258527,-0.910443,-0.413634,262.744,28.206,262.744,28.206,3651,3803,4091,3884,-207,-152,-0.025956,-0.020392,18484.17,HIGH,LEFT,BOTTOM,35.4,53.6,22.86,0.483,11.04,1460,10,-0.779,-0.612
2026-09-10 16:22:17,2259211,-0.910473,-0.413568,262.746,28.203,262.746,28.203,3655,3810,4095,3887,-208,-155,-0.026059,-0.020764,18477.5,HIGH,LEFT,BOTTOM,35.4,53.6,23.2,0.672,15.59,1460,10,-0.782,-0.623
2026-09-10 16:22:17,2259894,-0.910473,-0.413568,262.747,28.201,262.747,28.201,3655,3805,4084,3883,-201,-150,-0.025229,-0.020107,18475.0,HIGH,LEFT,CENTER,35.4,53.6,23.48,0.417,9.79,1460,10,-0.757,-0.603
2026-09-10 16:22:18,2260582,-0.910503,-0.413502,262.748,28.198,262.748,28.198,3654,3804,4087,3877,-210,-150,-0.026369,-0.020113,18477.5,HIGH,LEFT,CENTER,35.4,53.7,21.07,0.551,11.61,1460,10,-0.791,-0.603
2026-09-10 16:22:19,2261266,-0.910533,-0.413436,262.75,28.196,262.75,28.196,3648,3808,4087,3882,-205,-160,-0.025725,-0.021459,18473.33,HIGH,LEFT,BOTTOM,35.4,53.7,21.01,0.468,9.83,1460,10,-0.772,-0.644
2026-09-10 16:22:20,2261949,-0.910563,-0.413369,262.751,28.193,262.751,28.193,3646,3804,4087,3903,-184,-158,-0.023029,-0.021208,18462.5,HIGH,LEFT,BOTTOM,35.4,53.7,22.79,0.612,13.95,1460,10,-0.691,-0.636
2026-09-10 16:22:20,2262637,-0.910563,-0.413369,262.752,28.19,262.752,28.19,3653,3800,4058,3886,-172,-147,-0.021652,-0.019724,18458.33,HIGH,LEFT,CENTER,35.4,53.9,21.9,0.157,3.44,1460,10,-0.65,-0.592
2026-09-10 16:22:21,2263320,-0.910594,-0.413303,262.753,28.188,262.753,28.188,3651,3808,4087,3915,-172,-157,-0.021495,-0.021048,18449.17,HIGH,LEFT,BOTTOM,35.4,53.9,22.21,0.142,3.15,1460,10,-0.645,-0.631
2026-09-10 16:22:22,2264003,-0.910624,-0.413237,262.755,28.185,262.755,28.185,3655,3813,4095,3885,-210,-158,-0.026316,-0.021157,18447.5,HIGH,LEFT,BOTTOM,35.4,53.9,22.77,0.273,6.22,1460,10,-0.789,-0.635
2026-09-10 16:22:22,2264691,-0.910624,-0.413237,262.756,28.183,262.756,28.183,3652,3806,4095,3873,-222,-154,-0.027861,-0.020649,18445.83,HIGH,LEFT,BOTTOM,35.4,53.9,23.34,0.212,4.95,1460,10,-0.836,-0.619
2026-09-10 16:22:23,2265374,-0.910654,-0.413171,262.757,28.18,262.757,28.18,3655,3805,4084,3858,-226,-150,-0.028456,-0.020107,18441.67,HIGH,LEFT,CENTER,35.4,53.9,20.03,0.71,14.22,1460,10,-0.854,-0.603
2026-09-10 16:22:24,2266057,-0.910684,-0.413104,262.759,28.177,262.759,28.177,3654,3808,4090,3919,-171,-154,-0.021351,-0.020638,18434.17,HIGH,LEFT,BOTTOM,35.4,53.9,20.25,0.253,5.12,1460,10,-0.641,-0.619
2026-09-10 16:22:24,2266745,-0.910684,-0.413104,262.76,28.175,262.76,28.175,3649,3806,4094,3882,-212,-157,-0.02658,-0.02106,18430.0,HIGH,LEFT,BOTTOM,35.4,53.7,18.56,0.783,14.53,1460,10,-0.797,-0.632
2026-09-10 16:22:25,2267429,-0.910714,-0.413038,262.761,28.172,262.761,28.172,3655,3801,4093,3877,-216,-146,-0.027102,-0.019582,18424.17,HIGH,LEFT,CENTER,35.4,53.7,21.47,0.336,7.21,1460,10,-0.813,-0.587
2026-09-10 16:22:26,2268112,-0.910744,-0.412972,262.763,28.17,262.763,28.17,3644,3805,4083,3871,-212,-161,-0.026653,-0.021614,18419.17,HIGH,LEFT,BOTTOM,35.4,53.7,18.22,0.227,4.14,1460,10,-0.8,-0.648
2026-09-10 16:22:26,2268800,-0.910744,-0.412972,262.764,28.167,262.764,28.167,3653,3804,4089,3920,-169,-151,-0.021101,-0.020249,18416.67,HIGH,LEFT,BOTTOM,35.4,53.6,20.79,0.653,13.58,1460,10,-0.633,-0.607
2026-09-10 16:22:27,2269484,-0.910774,-0.412906,262.765,28.164,262.765,28.164,3649,3807,4094,3874,-220,-158,-0.02761,-0.021191,18410.0,HIGH,LEFT,BOTTOM,35.4,53.6,21.26,0.561,11.93,1460,10,-0.828,-0.636
2026-09-10 16:22:28,2270167,-0.910804,-0.41284,262.766,28.162,262.766,28.162,3658,3798,4095,3881,-214,-140,-0.02683,-0.018777,18409.17,HIGH,LEFT,CENTER,35.4,53.6,19.72,0.449,8.85,1460,10,-0.805,-0.563
2026-09-10 16:22:28,2270855,-0.910804,-0.41284,262.768,28.159,262.768,28.159,3651,3803,4087,3887,-200,-152,-0.025082,-0.020392,18400.0,HIGH,LEFT,BOTTOM,35.4,53.7,21.54,0.489,10.53,1460,10,-0.752,-0.612
2026-09-10 16:22:29,2271539,-0.910834,-0.412773,262.769,28.157,262.769,28.157,3651,3803,4095,3870,-225,-152,-0.028249,-0.020392,18399.17,HIGH,LEFT,BOTTOM,35.4,53.7,18.18,0.603,10.96,1460,10,-0.847,-0.612
2026-09-10 16:22:30,2272222,-0.910864,-0.412707,262.77,28.154,262.77,28.154,3652,3799,4095,3883,-212,-147,-0.026573,-0.019729,18392.5,HIGH,LEFT,CENTER,35.4,53.7,18.22,0.26,4.74,1460,10,-0.797,-0.592
2026-09-10 16:22:30,2272910,-0.910864,-0.412707,262.772,28.151,262.772,28.151,3651,3802,4091,3875,-216,-151,-0.027115,-0.02026,18385.0,HIGH,LEFT,BOTTOM,35.4,53.6,22.94,0.797,18.28,1460,10,-0.813,-0.608
2026-09-10 16:22:31,2273594,-0.910894,-0.412641,262.773,28.149,262.773,28.149,3651,3790,4080,3894,-186,-139,-0.023326,-0.01868,18380.0,HIGH,LEFT,CENTER,35.4,53.6,20.16,0.782,15.77,1460,10,-0.7,-0.56
2026-09-10 16:22:32,2274277,-0.910924,-0.412575,262.774,28.146,262.774,28.146,3649,3802,4093,3885,-208,-153,-0.026072,-0.020534,18374.17,HIGH,LEFT,BOTTOM,35.4,53.6,18.76,0.555,10.41,1460,10,-0.782,-0.616
2026-09-10 16:22:33,2274965,-0.910954,-0.412508,262.776,28.144,262.776,28.144,3651,3801,4085,3909,-176,-150,-0.022017,-0.020129,18370.83,HIGH,LEFT,CENTER,35.4,53.7,21.13,0.24,5.07,1460,10,-0.661,-0.604
2026-09-10 16:22:33,2275649,-0.910954,-0.412508,262.777,28.141,262.777,28.141,3648,3802,4085,3898,-187,-154,-0.023425,-0.020671,18370.83,HIGH,LEFT,BOTTOM,35.4,53.7,22.62,0.576,13.03,1460,10,-0.703,-0.62
2026-09-10 16:22:34,2276332,-0.910984,-0.412442,262.778,28.138,262.778,28.138,3648,3787,4090,3887,-203,-139,-0.025448,-0.018695,18364.17,HIGH,LEFT,CENTER,35.4,53.7,19.29,0.151,2.91,1460,10,-0.763,-0.561
2026-09-10 16:22:35,2277020,-0.911014,-0.412376,262.779,28.136,262.779,28.136,3648,3760,4092,3887,-205,-112,-0.025692,-0.015119,18355.0,HIGH,LEFT,CENTER,35.4,53.7,21.74,0.121,2.63,1460,10,-0.771,-0.454
2026-09-10 16:22:35,2277704,-0.911014,-0.412376,262.781,28.133,262.781,28.133,3651,3798,4090,3879,-211,-147,-0.026478,-0.019734,18346.67,HIGH,LEFT,CENTER,35.4,53.7,18.51,0.28,5.18,1460,10,-0.794,-0.592
2026-09-10 16:22:36,2278387,-0.911044,-0.41231,262.782,28.131,262.782,28.131,3651,3801,4095,3875,-220,-150,-0.027604,-0.020129,18345.83,HIGH,LEFT,CENTER,35.4,53.7,18.31,0.424,7.76,1460,10,-0.828,-0.604
2026-09-10 16:22:37,2279075,-0.911074,-0.412243,262.783,28.128,262.783,28.128,3651,3856,4095,3883,-212,-205,-0.026573,-0.027308,18334.17,HIGH,LEFT,BOTTOM,35.4,53.8,21.19,0.708,15.0,1460,10,-0.797,-0.819
2026-09-10 16:22:37,2279759,-0.911074,-0.412243,262.785,28.125,262.785,28.125,3653,3806,4090,3882,-208,-153,-0.026091,-0.020512,18332.5,HIGH,LEFT,BOTTOM,35.4,53.8,21.24,0.609,12.94,1460,10,-0.783,-0.615
2026-09-10 16:22:38,2280442,-0.911104,-0.412177,262.786,28.123,262.786,28.123,3638,3806,4091,3878,-213,-168,-0.026729,-0.022569,18329.17,HIGH,LEFT,BOTTOM,35.4,53.8,21.82,0.62,13.53,1460,10,-0.802,-0.677
2026-09-10 16:22:39,2281130,-0.911134,-0.412111,262.787,28.12,262.787,28.12,3651,3802,4095,3871,-224,-151,-0.02812,-0.02026,18322.5,HIGH,LEFT,BOTTOM,35.4,53.8,22.36,0.398,8.9,1460,10,-0.844,-0.608
2026-09-10 16:22:39,2281814,-0.911134,-0.412111,262.789,28.118,262.789,28.118,3669,3797,4093,3885,-208,-128,-0.026072,-0.017144,18320.0,HIGH,LEFT,CENTER,35.4,53.8,23.86,0.342,8.16,1460,10,-0.782,-0.514
2026-09-10 16:22:40,2282497,-0.911164,-0.412045,262.79,28.115,262.79,28.115,3646,3798,4095,3885,-210,-152,-0.026316,-0.020419,18314.17,HIGH,LEFT,BOTTOM,35.4,53.8,21.1,0.36,7.6,1460,10,-0.789,-0.613
2026-09-10 16:22:41,2283185,-0.911194,-0.411978,262.791,28.112,262.791,28.112,3648,3797,4081,3884,-197,-149,-0.024733,-0.020013,18305.83,HIGH,LEFT,CENTER,35.4,53.9,19.94,0.791,15.77,1460,10,-0.742,-0.6
2026-09-10 16:22:41,2283868,-0.911194,-0.411978,262.792,28.11,262.792,28.11,3651,3814,4080,3885,-195,-163,-0.024482,-0.021835,18307.5,HIGH,LEFT,BOTTOM,35.4,53.9,22.77,0.128,2.91,1460,10,-0.734,-0.655
2026-09-10 16:22:42,2284551,-0.911224,-0.411912,262.794,28.107,262.794,28.107,3649,3793,4093,3876,-217,-144,-0.027231,-0.01935,18298.33,HIGH,LEFT,CENTER,35.4,53.9,19.62,0.707,13.87,1460,10,-0.817,-0.581
2026-09-10 16:22:43,2285239,-0.911254,-0.411846,262.795,28.105,262.795,28.105,3646,3799,4085,3888,-197,-153,-0.024708,-0.020551,18292.5,HIGH,LEFT,BOTTOM,35.4,54.1,20.63,0.505,10.42,1460,10,-0.741,-0.617
2026-09-10 16:22:43,2285923,-0.911254,-0.411846,262.796,28.102,262.796,28.102,3649,3798,4087,3869,-218,-149,-0.027401,-0.020008,18284.17,HIGH,LEFT,CENTER,35.4,54.1,18.47,0.407,7.52,1460,10,-0.822,-0.6
2026-09-10 16:22:44,2286606,-0.911284,-0.411779,262.798,28.099,262.798,28.099,3635,3794,4090,3872,-218,-159,-0.02738,-0.021403,18285.0,HIGH,LEFT,BOTTOM,35.4,54.1,18.15,0.608,11.04,1460,10,-0.821,-0.642
2026-09-10 16:22:45,2287294,-0.911313,-0.411713,262.799,28.097,262.799,28.097,3615,3799,4083,3876,-207,-184,-0.026008,-0.024818,18275.0,HIGH,LEFT,BOTTOM,35.3,54.3,23.78,0.441,10.49,1460,10,-0.78,-0.745
2026-09-10 16:22:46,2287978,-0.911343,-0.411647,262.8,28.094,262.8,28.094,3647,3797,4085,3879,-206,-150,-0.025866,-0.02015,18274.17,HIGH,LEFT,CENTER,35.3,54.3,23.02,0.711,16.37,1460,10,-0.776,-0.605
2026-09-10 16:22:46,2288661,-0.911343,-0.411647,262.802,28.092,262.802,28.092,3650,3799,4092,3877,-215,-149,-0.02698,-0.020003,18270.83,HIGH,LEFT,CENTER,35.3,54.3,22.18,0.73,16.19,1460,10,-0.809,-0.6
2026-09-10 16:22:47,2289349,-0.911373,-0.411581,262.803,28.089,262.803,28.089,3648,3882,4087,3885,-202,-234,-0.025339,-0.031076,18262.5,HIGH,LEFT,BOTTOM,35.3,54.1,20.45,0.395,8.08,1460,10,-0.76,-0.932
2026-09-10 16:22:48,2290033,-0.911403,-0.411514,262.804,28.086,262.804,28.086,3650,3809,4082,3885,-197,-159,-0.024727,-0.021317,18255.83,HIGH,LEFT,BOTTOM,35.3,54.1,19.04,0.294,5.6,1460,10,-0.742,-0.64
2026-09-10 16:22:48,2290716,-0.911403,-0.411514,262.805,28.084,262.805,28.084,3642,3855,4090,3873,-217,-213,-0.027251,-0.028411,18255.83,HIGH,LEFT,BOTTOM,35.3,54.1,18.94,0.515,9.75,1460,10,-0.818,-0.852
2026-09-10 16:22:49,2291404,-0.911433,-0.411448,262.807,28.081,262.807,28.081,3648,3802,4093,3874,-219,-154,-0.027488,-0.020671,18250.0,HIGH,LEFT,BOTTOM,35.3,54.3,19.5,0.739,14.41,1460,10,-0.825,-0.62
2026-09-10 16:22:50,2292088,-0.911463,-0.411382,262.808,28.079,262.808,28.079,3671,3794,4091,3870,-221,-123,-0.02776,-0.016477,18240.0,HIGH,LEFT,CENTER,35.3,54.3,21.3,0.247,5.26,1460,10,-0.833,-0.494
2026-09-10 16:22:50,2292771,-0.911463,-0.411382,262.809,28.076,262.809,28.076,3648,3793,4093,3875,-218,-145,-0.027359,-0.019487,18240.0,HIGH,LEFT,CENTER,35.3,54.3,22.29,0.536,11.95,1460,10,-0.821,-0.585
2026-09-10 16:22:51,2293459,-0.911493,-0.411316,262.811,28.073,262.811,28.073,3652,3792,4079,3886,-193,-140,-0.024231,-0.018807,18235.83,HIGH,LEFT,CENTER,35.3,54.6,21.96,0.542,11.9,1460,10,-0.727,-0.564
2026-09-10 16:22:52,2294142,-0.911523,-0.411249,262.812,28.071,262.812,28.071,3648,3791,4080,3885,-195,-143,-0.024482,-0.019223,18226.67,HIGH,LEFT,CENTER,35.3,54.6,19.68,0.613,12.06,1460,10,-0.734,-0.577
2026-09-10 16:22:52,2294825,-0.911523,-0.411249,262.813,28.068,262.813,28.068,3639,3797,4086,3871,-215,-158,-0.02702,-0.021248,18225.83,HIGH,LEFT,BOTTOM,35.3,54.6,23.73,0.192,4.56,1460,10,-0.811,-0.637
2026-09-10 16:22:53,2295513,-0.911553,-0.411183,262.815,28.065,262.815,28.065,3655,3797,4095,3877,-218,-142,-0.027346,-0.019055,18212.5,HIGH,LEFT,CENTER,35.3,54.9,22.43,0.601,13.48,1460,10,-0.82,-0.572
2026-09-10 16:22:54,2296197,-0.911583,-0.411117,262.816,28.063,262.816,28.063,3638,3792,4093,3877,-216,-154,-0.027102,-0.020727,18212.5,HIGH,LEFT,BOTTOM,35.3,54.9,21.33,0.736,15.7,1460,10,-0.813,-0.622
2026-09-10 16:22:54,2296880,-0.911583,-0.411117,262.817,28.06,262.817,28.06,3648,3795,4095,3877,-218,-147,-0.027346,-0.01975,18210.83,HIGH,LEFT,CENTER,35.3,54.9,21.67,0.226,4.9,1460,10,-0.82,-0.593
2026-09-10 16:22:55,2297568,-0.911613,-0.41105,262.818,28.058,262.818,28.058,3649,3802,4079,3874,-205,-153,-0.025776,-0.020534,18198.33,HIGH,LEFT,BOTTOM,35.3,55.1,20.52,0.266,5.46,1460,10,-0.773,-0.616
2026-09-10 16:22:56,2298252,-0.911643,-0.410984,262.82,28.055,262.82,28.055,3649,3793,4092,3875,-217,-144,-0.027237,-0.01935,18198.33,HIGH,LEFT,CENTER,35.3,55.1,19.49,0.78,15.2,1460,10,-0.817,-0.581
2026-09-10 16:22:56,2298935,-0.911643,-0.410984,262.821,28.052,262.821,28.052,3650,3794,4095,3871,-224,-144,-0.02812,-0.019344,18190.83,HIGH,LEFT,CENTER,35.3,55.1,20.14,0.227,4.57,1460,10,-0.844,-0.58
2026-09-10 16:22:57,2299623,-0.911672,-0.410918,262.822,28.05,262.822,28.05,3619,3797,4084,3909,-175,-178,-0.021894,-0.024002,18185.0,HIGH,LEFT,BOTTOM,35.3,54.9,22.55,0.698,15.74,1460,10,-0.657,-0.72
2026-09-10 16:22:58,2300307,-0.911702,-0.410851,262.824,28.047,262.824,28.047,3643,3797,4081,3883,-198,-154,-0.024862,-0.020699,18181.67,HIGH,LEFT,BOTTOM,35.3,54.9,18.09,0.445,8.05,1460,10,-0.746,-0.621
2026-09-10 16:22:59,2300990,-0.911732,-0.410785,262.825,28.045,262.825,28.045,3647,3794,4083,3875,-208,-147,-0.026137,-0.019755,18177.5,HIGH,LEFT,CENTER,35.3,54.9,18.7,0.273,5.11,1460,10,-0.784,-0.593
2026-09-10 16:22:59,2301678,-0.911732,-0.410785,262.826,28.042,262.826,28.042,3651,3793,4087,3872,-215,-142,-0.027013,-0.019076,18172.5,HIGH,LEFT,CENTER,35.2,54.8,18.28,0.71,12.98,1460,10,-0.81,-0.572
2026-09-10 16:23:00,2302361,-0.911762,-0.410719,262.828,28.039,262.828,28.039,3644,3802,4080,3894,-186,-158,-0.023326,-0.021219,18170.83,HIGH,LEFT,BOTTOM,35.2,54.8,18.24,0.412,7.51,1460,10,-0.7,-0.637
2026-09-10 16:23:01,2303044,-0.911792,-0.410653,262.829,28.037,262.829,28.037,3664,3797,4089,3873,-216,-133,-0.027129,-0.017826,18168.33,HIGH,LEFT,CENTER,35.2,54.8,23.13,0.46,10.64,1460,10,-0.814,-0.535
2026-09-10 16:23:01,2303732,-0.911792,-0.410653,262.83,28.034,262.83,28.034,3646,3795,4065,3905,-160,-149,-0.020075,-0.020024,18160.83,HIGH,LEFT,CENTER,35.2,54.8,22.22,0.351,7.8,1460,10,-0.602,-0.601
2026-09-10 16:23:02,2304415,-0.911822,-0.410586,262.831,28.032,262.831,28.032,3646,3786,4086,3911,-175,-140,-0.021883,-0.018837,18153.33,HIGH,LEFT,CENTER,35.2,54.8,20.85,0.515,10.74,1460,10,-0.656,-0.565
2026-09-10 16:23:03,2305098,-0.911852,-0.41052,262.833,28.029,262.833,28.029,3643,3806,4095,3875,-220,-163,-0.027604,-0.021882,18145.0,HIGH,LEFT,BOTTOM,35.2,54.8,18.59,0.214,3.98,1460,10,-0.828,-0.656
2026-09-10 16:23:03,2305786,-0.911852,-0.41052,262.834,28.026,262.834,28.026,3647,3794,4076,3877,-199,-147,-0.025022,-0.019755,18147.5,HIGH,LEFT,CENTER,35.2,54.9,20.95,0.374,7.84,1460,10,-0.751,-0.593
2026-09-10 16:23:04,2306469,-0.911881,-0.410454,262.835,28.024,262.835,28.024,3646,3794,4081,3907,-174,-148,-0.021783,-0.019892,18143.33,HIGH,LEFT,CENTER,35.2,54.9,20.84,0.779,16.23,1460,10,-0.653,-0.597
2026-09-10 16:23:05,2307152,-0.911911,-0.410387,262.837,28.021,262.837,28.021,3653,3793,4095,3874,-221,-140,-0.027732,-0.018802,18137.5,HIGH,LEFT,CENTER,35.2,54.9,19.04,0.281,5.35,1460,10,-0.832,-0.564
2026-09-10 16:23:05,2307840,-0.911911,-0.410387,262.838,28.019,262.838,28.019,3639,3793,4086,3911,-175,-154,-0.021883,-0.020721,18131.67,HIGH,LEFT,BOTTOM,35.2,54.8,20.6,0.56,11.54,1460,10,-0.656,-0.622
2026-09-10 16:23:06,2308523,-0.911941,-0.410321,262.839,28.016,262.839,28.016,3646,3794,4087,3874,-213,-148,-0.026755,-0.019892,18128.33,HIGH,LEFT,CENTER,35.2,54.8,20.39,0.328,6.69,1460,10,-0.803,-0.597
2026-09-10 16:23:07,2309206,-0.911971,-0.410255,262.841,28.013,262.841,28.013,3645,3793,4087,3875,-212,-148,-0.026626,-0.019898,18122.5,HIGH,LEFT,CENTER,35.2,54.8,21.7,0.641,13.91,1460,10,-0.799,-0.597
2026-09-10 16:23:07,2309894,-0.911971,-0.410255,262.842,28.011,262.842,28.011,3643,3795,4083,3875,-208,-152,-0.026137,-0.020436,18118.33,HIGH,LEFT,BOTTOM,35.2,54.7,21.81,0.192,4.19,1460,10,-0.784,-0.613
2026-09-10 16:23:08,2310577,-0.912001,-0.410188,262.843,28.008,262.843,28.008,3647,3795,4081,3877,-204,-148,-0.025635,-0.019887,18112.5,HIGH,LEFT,CENTER,35.2,54.7,18.27,0.779,14.23,1460,10,-0.769,-0.597
2026-09-10 16:23:09,2311260,-0.912031,-0.410122,262.844,28.006,262.844,28.006,3642,3754,4095,3872,-223,-112,-0.02799,-0.015143,18109.17,HIGH,LEFT,CENTER,35.2,54.7,20.25,0.418,8.46,1460,10,-0.84,-0.454
2026-09-10 16:23:10,2311948,-0.91206,-0.410056,262.846,28.003,262.846,28.003,3642,3803,4087,3876,-211,-161,-0.026498,-0.021625,18101.67,HIGH,LEFT,BOTTOM,35.2,54.7,21.76,0.265,5.77,1460,10,-0.795,-0.649
2026-09-10 16:23:10,2312631,-0.91206,-0.410056,262.847,28.0,262.847,28.0,3634,3790,4090,3872,-218,-156,-0.02738,-0.021013,18095.0,HIGH,LEFT,BOTTOM,35.2,54.7,21.02,0.151,3.17,1460,10,-0.821,-0.63
2026-09-10 16:23:11,2313314,-0.91209,-0.409989,262.848,27.998,262.848,27.998,3647,3790,4086,3870,-216,-143,-0.027149,-0.019228,18098.33,HIGH,LEFT,CENTER,35.2,54.7,23.14,0.219,5.07,1460,10,-0.814,-0.577
2026-09-10 16:23:12,2314002,-0.91212,-0.409923,262.85,27.995,262.85,27.995,3638,3793,4088,3867,-221,-155,-0.027781,-0.020859,18094.17,HIGH,LEFT,BOTTOM,35.2,54.8,21.95,0.464,10.18,1460,10,-0.833,-0.626
2026-09-10 16:23:12,2314685,-0.91212,-0.409923,262.851,27.993,262.851,27.993,3648,3792,4086,3875,-211,-144,-0.026504,-0.019355,18085.83,HIGH,LEFT,CENTER,35.2,54.8,18.98,0.336,6.38,1460,10,-0.795,-0.581
2026-09-10 16:23:13,2315368,-0.91215,-0.409857,262.852,27.99,262.852,27.99,3647,3794,4095,3873,-222,-147,-0.027861,-0.019755,18080.0,HIGH,LEFT,CENTER,35.2,54.8,18.42,0.68,12.53,1460,10,-0.836,-0.593
2026-09-10 16:23:14,2316056,-0.91218,-0.40979,262.853,27.987,262.853,27.987,3642,3791,4091,3888,-203,-149,-0.025442,-0.020046,18079.17,HIGH,LEFT,CENTER,35.2,54.7,21.85,0.402,8.78,1460,10,-0.763,-0.601
2026-09-10 16:23:14,2316739,-0.91218,-0.40979,262.855,27.985,262.855,27.985,3648,3794,4087,3876,-211,-146,-0.026498,-0.019618,18073.33,HIGH,LEFT,CENTER,35.2,54.7,18.16,0.274,4.98,1460,10,-0.795,-0.589
2026-09-10 16:23:15,2317422,-0.91221,-0.409724,262.856,27.982,262.856,27.982,3644,3838,4090,3909,-181,-194,-0.022628,-0.025929,18073.33,HIGH,LEFT,BOTTOM,35.2,54.7,21.51,0.532,11.44,1460,10,-0.679,-0.778
2026-09-10 16:23:16,2318110,-0.912239,-0.409658,262.857,27.98,262.857,27.98,3629,3793,4086,3883,-203,-164,-0.025474,-0.022096,18066.67,HIGH,LEFT,BOTTOM,35.2,54.6,23.64,0.595,14.07,1460,10,-0.764,-0.663
2026-09-10 16:23:16,2318793,-0.912239,-0.409658,262.859,27.977,262.859,27.977,3641,3792,4091,3863,-228,-151,-0.028665,-0.020315,18064.17,HIGH,LEFT,BOTTOM,35.2,54.6,21.45,0.217,4.65,1460,10,-0.86,-0.609
2026-09-10 16:23:17,2319476,-0.912269,-0.409591,262.86,27.974,262.86,27.974,3645,3791,4082,3877,-205,-146,-0.025757,-0.019634,18068.33,HIGH,LEFT,CENTER,35.2,54.6,20.33,0.217,4.41,1460,10,-0.773,-0.589
2026-09-10 16:23:18,2320164,-0.912299,-0.409525,262.861,27.972,262.861,27.972,3650,3792,4087,3871,-216,-142,-0.027142,-0.019081,18070.83,HIGH,LEFT,CENTER,35.2,54.5,21.86,0.126,2.75,1460,10,-0.814,-0.572
2026-09-10 16:23:18,2320847,-0.912299,-0.409525,262.863,27.969,262.863,27.969,3645,3791,4091,3879,-212,-146,-0.0266,-0.019634,18080.0,HIGH,LEFT,CENTER,35.2,54.5,20.75,0.615,12.76,1460,10,-0.798,-0.589
2026-09-10 16:23:19,2321530,-0.912329,-0.409459,262.864,27.967,262.864,27.967,3647,3793,4077,3873,-204,-146,-0.02566,-0.019624,18019.17,HIGH,LEFT,CENTER,35.2,54.5,21.27,0.565,12.02,1460,10,-0.77,-0.589
2026-09-10 16:23:20,2322218,-0.912358,-0.409392,262.865,27.964,262.865,27.964,3642,3790,4086,3873,-213,-148,-0.026762,-0.019914,17954.17,HIGH,LEFT,CENTER,35.2,54.8,23.65,0.432,10.22,1460,10,-0.803,-0.597
2026-09-10 16:23:20,2322901,-0.912358,-0.409392,262.866,27.961,262.866,27.961,3644,3793,4095,3873,-222,-149,-0.027861,-0.020035,17961.67,HIGH,LEFT,CENTER,35.2,54.8,20.32,0.691,14.04,1460,10,-0.836,-0.601
2026-09-10 16:23:21,2323584,-0.912388,-0.409326,262.868,27.959,262.868,27.959,3652,3792,4083,3854,-229,-140,-0.028852,-0.018807,18071.67,HIGH,LEFT,CENTER,35.2,54.8,23.77,0.664,15.78,1460,10,-0.866,-0.564
2026-09-10 16:23:22,2324272,-0.912418,-0.40926,262.869,27.956,262.869,27.956,3643,3793,4082,3873,-209,-150,-0.026273,-0.020172,18023.33,HIGH,LEFT,CENTER,35.2,55.0,23.43,0.51,11.95,1460,10,-0.788,-0.605
2026-09-10 16:23:23,2324955,-0.912448,-0.409193,262.87,27.954,262.87,27.954,3645,3791,4080,3873,-207,-146,-0.026028,-0.019634,17919.17,HIGH,LEFT,CENTER,35.2,55.0,19.17,0.708,13.57,1460,10,-0.781,-0.589
2026-09-10 16:23:23,2325638,-0.912448,-0.409193,262.872,27.951,262.872,27.951,3638,3792,4095,3872,-223,-154,-0.02799,-0.020727,17835.0,HIGH,LEFT,BOTTOM,35.2,55.0,18.42,0.244,4.49,1460,10,-0.84,-0.622
2026-09-10 16:23:24,2326326,-0.912477,-0.409127,262.873,27.948,262.873,27.948,3637,3790,4086,3870,-216,-153,-0.027149,-0.020601,17982.5,HIGH,LEFT,BOTTOM,35.2,55.4,18.6,0.178,3.31,1460,10,-0.814,-0.618
2026-09-10 16:23:25,2327010,-0.912507,-0.409061,262.874,27.946,262.874,27.946,3642,3792,4082,3891,-191,-150,-0.023956,-0.020178,18021.67,HIGH,LEFT,CENTER,35.2,55.4,18.11,0.289,5.23,1460,10,-0.719,-0.605
2026-09-10 16:23:25,2327693,-0.912507,-0.409061,262.876,27.943,262.876,27.943,3645,3831,4087,3857,-230,-186,-0.028953,-0.02488,18017.5,HIGH,LEFT,BOTTOM,35.2,55.4,18.57,0.14,2.6,1460,10,-0.869,-0.746
2026-09-10 16:23:26,2328381,-0.912537,-0.408994,262.877,27.941,262.877,27.941,3629,3789,4082,3875,-207,-160,-0.026015,-0.021569,18014.17,HIGH,LEFT,BOTTOM,35.2,55.5,22.1,0.472,10.43,1460,10,-0.78,-0.647
2026-09-10 16:23:27,2329065,-0.912567,-0.408928,262.878,27.938,262.878,27.938,3637,3789,4085,3877,-208,-152,-0.026124,-0.020469,18011.67,HIGH,LEFT,BOTTOM,35.2,55.5,18.43,0.756,13.93,1460,10,-0.784,-0.614
2026-09-10 16:23:27,2329748,-0.912567,-0.408928,262.879,27.935,262.879,27.935,3637,3786,4080,3869,-211,-149,-0.026544,-0.020073,18010.0,HIGH,LEFT,CENTER,35.2,55.5,19.91,0.128,2.55,1460,10,-0.796,-0.602
2026-09-10 16:23:28,2330436,-0.912596,-0.408861,262.881,27.933,262.881,27.933,3668,3789,4087,3867,-220,-121,-0.027659,-0.016226,18007.5,HIGH,LEFT,CENTER,35.2,55.4,23.07,0.185,4.27,1460,10,-0.83,-0.487
2026-09-10 16:23:29,2331120,-0.912626,-0.408795,262.882,27.93,262.882,27.93,3642,3839,4083,3906,-177,-197,-0.022155,-0.026333,18003.33,HIGH,LEFT,BOTTOM,35.2,55.4,18.14,0.417,7.56,1460,10,-0.665,-0.79
2026-09-10 16:23:29,2331803,-0.912626,-0.408795,262.883,27.928,262.883,27.928,3644,3783,4085,3873,-212,-139,-0.02664,-0.018715,17999.17,HIGH,LEFT,CENTER,35.2,55.4,22.89,0.754,17.26,1460,10,-0.799,-0.561
2026-09-10 16:23:30,2332491,-0.912656,-0.408729,262.885,27.925,262.885,27.925,3632,3792,4081,3867,-214,-160,-0.026925,-0.021552,17997.5,HIGH,LEFT,BOTTOM,35.2,55.7,19.69,0.321,6.32,1460,10,-0.808,-0.647
2026-09-10 16:23:31,2333174,-0.912686,-0.408662,262.886,27.922,262.886,27.922,3642,3792,4087,3873,-214,-150,-0.026884,-0.020178,17995.0,HIGH,LEFT,CENTER,35.2,55.7,18.71,0.455,8.51,1460,10,-0.807,-0.605
2026-09-10 16:23:31,2333857,-0.912686,-0.408662,262.887,27.92,262.887,27.92,3644,3794,4090,3859,-231,-150,-0.02906,-0.020167,17991.67,HIGH,LEFT,CENTER,35.2,55.7,22.18,0.129,2.86,1460,10,-0.872,-0.605
2026-09-10 16:23:32,2334545,-0.912715,-0.408596,262.888,27.917,262.888,27.917,3639,3792,4095,3870,-225,-153,-0.028249,-0.020589,17995.0,HIGH,LEFT,BOTTOM,35.2,55.7,21.77,0.204,4.44,1460,10,-0.847,-0.618
2026-09-10 16:23:33,2335228,-0.912745,-0.40853,262.89,27.915,262.89,27.915,3639,3789,4083,3865,-218,-150,-0.027428,-0.020194,17985.0,HIGH,LEFT,CENTER,35.2,55.7,23.26,0.791,18.4,1460,10,-0.823,-0.606
2026-09-10 16:23:33,2335911,-0.912745,-0.40853,262.891,27.912,262.891,27.912,3634,3789,4095,3877,-218,-155,-0.027346,-0.020881,17950.0,HIGH,LEFT,BOTTOM,35.2,55.7,22.41,0.776,17.39,1460,10,-0.82,-0.626
2026-09-10 16:23:34,2336599,-0.912775,-0.408463,262.892,27.909,262.892,27.909,3646,3803,4087,3871,-216,-157,-0.027142,-0.021077,17965.83,HIGH,LEFT,BOTTOM,35.2,55.7,22.82,0.103,2.35,1460,10,-0.814,-0.632
2026-09-10 16:23:35,2337282,-0.912804,-0.408397,262.894,27.907,262.894,27.907,3646,3792,4087,3877,-210,-146,-0.026369,-0.019629,17966.67,HIGH,LEFT,CENTER,35.2,55.7,19.69,0.766,15.08,1460,10,-0.791,-0.589
2026-09-10 16:23:36,2337965,-0.912834,-0.40833,262.895,27.904,262.895,27.904,3643,3793,4086,3870,-216,-150,-0.027149,-0.020172,17965.83,HIGH,LEFT,CENTER,35.2,55.7,19.06,0.547,10.43,1460,10,-0.814,-0.605
2026-09-10 16:23:36,2338653,-0.912834,-0.40833,262.896,27.901,262.896,27.901,3642,3785,4080,3871,-209,-143,-0.026286,-0.019254,17963.33,HIGH,LEFT,CENTER,35.2,55.8,22.5,0.708,15.93,1460,10,-0.789,-0.578
2026-09-10 16:23:37,2339337,-0.912864,-0.408264,262.898,27.899,262.898,27.899,3641,3792,4085,3869,-216,-151,-0.027156,-0.020315,17962.5,HIGH,LEFT,BOTTOM,35.2,55.8,22.84,0.418,9.55,1460,10,-0.815,-0.609
2026-09-10 16:23:38,2340020,-0.912894,-0.408198,262.899,27.896,262.899,27.896,3662,3790,4095,3863,-232,-128,-0.029153,-0.017177,17960.0,HIGH,LEFT,CENTER,35.2,55.8,23.94,0.461,11.04,1460,10,-0.875,-0.515
2026-09-10 16:23:38,2340708,-0.912894,-0.408198,262.9,27.894,262.9,27.894,3639,3792,4082,3867,-215,-153,-0.027047,-0.020589,17955.0,HIGH,LEFT,BOTTOM,35.1,55.9,20.48,0.442,9.05,1460,10,-0.811,-0.618
2026-09-10 16:23:39,2341392,-0.912923,-0.408131,262.901,27.891,262.901,27.891,3641,3803,4080,3881,-199,-162,-0.024997,-0.021762,17951.67,HIGH,LEFT,BOTTOM,35.1,55.9,20.23,0.567,11.47,1460,10,-0.75,-0.653
2026-09-10 16:23:40,2342075,-0.912953,-0.408065,262.903,27.888,262.903,27.888,3643,3787,4086,3904,-182,-144,-0.022778,-0.019381,17947.5,HIGH,LEFT,CENTER,35.1,55.9,22.66,0.198,4.49,1460,10,-0.683,-0.581
2026-09-10 16:23:40,2342763,-0.912953,-0.408065,262.904,27.886,262.904,27.886,3655,3786,4081,3911,-170,-131,-0.021271,-0.017605,17945.0,HIGH,LEFT,CENTER,35.2,56.1,20.04,0.121,2.42,1460,10,-0.638,-0.528
2026-09-10 16:23:41,2343446,-0.912983,-0.407999,262.905,27.883,262.905,27.883,3647,3781,4083,3878,-205,-134,-0.025751,-0.01804,17939.17,HIGH,LEFT,CENTER,35.2,56.1,23.58,0.316,7.45,1460,10,-0.773,-0.541
2026-09-10 16:23:42,2344129,-0.913012,-0.407932,262.907,27.881,262.907,27.881,3648,3792,4094,3871,-223,-144,-0.027997,-0.019355,17935.83,HIGH,LEFT,CENTER,35.2,56.1,23.15,0.593,13.73,1460,10,-0.84,-0.581
2026-09-10 16:23:42,2344817,-0.913012,-0.407932,262.908,27.878,262.908,27.878,3642,3791,4086,3905,-181,-149,-0.02265,-0.020046,17931.67,HIGH,LEFT,CENTER,35.2,56.1,20.57,0.241,4.96,1460,10,-0.679,-0.601
2026-09-10 16:23:43,2345500,-0.913042,-0.407866,262.909,27.875,262.909,27.875,3648,3792,4094,3906,-188,-144,-0.0235,-0.019355,17933.33,HIGH,LEFT,CENTER,35.2,56.1,22.51,0.571,12.85,1460,10,-0.705,-0.581
2026-09-10 16:23:44,2346183,-0.913072,-0.407799,262.91,27.873,262.91,27.873,3632,3791,4080,3866,-214,-159,-0.026932,-0.02142,17932.5,HIGH,LEFT,BOTTOM,35.2,56.1,22.53,0.779,17.55,1460,10,-0.808,-0.643
2026-09-10 16:23:44,2346871,-0.913072,-0.407799,262.912,27.87,262.912,27.87,3642,3785,4077,3903,-174,-143,-0.021805,-0.019254,17925.83,HIGH,LEFT,CENTER,35.1,55.7,18.62,0.166,3.09,1460,10,-0.654,-0.578
2026-09-10 16:23:45,2347555,-0.913101,-0.407733,262.913,27.868,262.913,27.868,3632,3767,4095,3872,-223,-135,-0.02799,-0.018246,17927.5,HIGH,LEFT,CENTER,35.1,55.7,23.42,0.571,13.37,1460,10,-0.84,-0.547
2026-09-10 16:23:46,2348238,-0.913131,-0.407667,262.914,27.865,262.914,27.865,3643,3797,4085,3887,-198,-154,-0.024837,-0.020699,17929.17,HIGH,LEFT,BOTTOM,35.1,55.7,21.03,0.411,8.64,1460,10,-0.745,-0.621
2026-09-10 16:23:46,2348926,-0.913131,-0.407667,262.916,27.862,262.916,27.862,3637,3788,4085,3869,-216,-151,-0.027156,-0.020337,17916.67,HIGH,LEFT,BOTTOM,35.2,55.7,22.96,0.708,16.26,1460,10,-0.815,-0.61
2026-09-10 16:23:47,2349609,-0.913161,-0.4076,262.917,27.86,262.917,27.86,3626,3789,4090,3876,-214,-163,-0.026864,-0.021982,17913.33,HIGH,LEFT,BOTTOM,35.2,55.7,19.92,0.224,4.46,1460,10,-0.806,-0.659
2026-09-10 16:23:48,2350292,-0.91319,-0.407534,262.918,27.857,262.918,27.857,3638,3791,4085,3887,-198,-153,-0.024837,-0.020595,17913.33,HIGH,LEFT,BOTTOM,35.2,55.7,23.37,0.585,13.67,1460,10,-0.745,-0.618
2026-09-10 16:23:49,2350980,-0.91322,-0.407467,262.92,27.855,262.92,27.855,3632,3785,4082,3863,-219,-153,-0.027565,-0.020628,17906.67,HIGH,LEFT,BOTTOM,35.1,55.9,20.34,0.687,13.97,1460,10,-0.827,-0.619
2026-09-10 16:23:49,2351664,-0.91322,-0.407467,262.921,27.852,262.921,27.852,3639,3715,4081,3865,-216,-76,-0.027183,-0.010335,17903.33,HIGH,LEFT,CENTER,35.1,55.9,18.07,0.761,13.75,1460,10,-0.815,-0.31
2026-09-10 16:23:50,2352347,-0.913249,-0.407401,262.922,27.849,262.922,27.849,3635,3788,4083,3909,-174,-153,-0.021772,-0.020612,17900.0,HIGH,LEFT,BOTTOM,35.1,55.9,23.43,0.578,13.54,1460,10,-0.653,-0.618
2026-09-10 16:23:51,2353035,-0.913279,-0.407334,262.923,27.847,262.923,27.847,3643,3787,4083,3870,-213,-144,-0.026782,-0.019381,17890.0,HIGH,LEFT,CENTER,35.1,55.4,18.55,0.448,8.31,1460,10,-0.803,-0.581
2026-09-10 16:23:51,2353719,-0.913279,-0.407334,262.925,27.844,262.925,27.844,3643,3787,4095,3869,-226,-144,-0.028378,-0.019381,17883.33,HIGH,LEFT,CENTER,35.1,55.4,19.92,0.532,10.6,1460,10,-0.851,-0.581
2026-09-10 16:23:52,2354402,-0.913309,-0.407268,262.926,27.842,262.926,27.842,3643,3787,4095,3872,-223,-144,-0.02799,-0.019381,17885.83,HIGH,LEFT,CENTER,35.1,55.4,23.7,0.708,16.78,1460,10,-0.84,-0.581
2026-09-10 16:23:53,2355090,-0.913338,-0.407202,262.927,27.839,262.927,27.839,3639,3786,4092,3871,-221,-147,-0.027753,-0.019798,17887.5,HIGH,LEFT,CENTER,35.1,55.2,23.7,0.499,11.83,1460,10,-0.833,-0.594
2026-09-10 16:23:53,2355774,-0.913338,-0.407202,262.929,27.836,262.929,27.836,3641,3789,4082,3897,-185,-148,-0.023186,-0.019919,17884.17,HIGH,LEFT,CENTER,35.1,55.2,21.44,0.121,2.59,1460,10,-0.696,-0.598
2026-09-10 16:23:54,2356457,-0.913368,-0.407135,262.93,27.834,262.93,27.834,3643,3787,4083,3903,-180,-144,-0.022539,-0.019381,17887.5,HIGH,LEFT,CENTER,35.1,55.2,21.79,0.752,16.39,1460,10,-0.676,-0.581
2026-09-10 16:23:55,2357145,-0.913398,-0.407069,262.931,27.831,262.931,27.831,3635,3787,4080,3870,-210,-152,-0.026415,-0.02048,17887.5,HIGH,LEFT,BOTTOM,35.0,55.1,20.69,0.583,12.06,1460,10,-0.792,-0.614
2026-09-10 16:23:55,2357829,-0.913398,-0.407069,262.932,27.829,262.932,27.829,3642,3781,4081,3872,-209,-139,-0.026279,-0.018726,17883.33,HIGH,LEFT,CENTER,35.0,55.1,19.76,0.574,11.34,1460,10,-0.788,-0.562
2026-09-10 16:23:56,2358512,-0.913427,-0.407002,262.934,27.826,262.934,27.826,3638,3786,4084,3849,-235,-148,-0.029623,-0.019935,17880.83,HIGH,LEFT,CENTER,35.0,55.1,19.97,0.251,5.01,1460,10,-0.889,-0.598
2026-09-10 16:23:57,2359200,-0.913457,-0.406936,262.935,27.823,262.935,27.823,3639,3787,4080,3905,-175,-148,-0.021916,-0.01993,17876.67,HIGH,LEFT,CENTER,35.0,55.2,22.04,0.561,12.36,1460,10,-0.657,-0.598
2026-09-10 16:23:57,2359884,-0.913457,-0.406936,262.936,27.821,262.936,27.821,3639,3792,4083,3905,-178,-153,-0.022283,-0.020589,17875.83,HIGH,LEFT,BOTTOM,35.0,55.2,22.51,0.376,8.46,1460,10,-0.668,-0.618
2026-09-10 16:23:58,2360567,-0.913486,-0.40687,262.938,27.818,262.938,27.818,3639,3787,4080,3872,-208,-148,-0.026157,-0.01993,17865.83,HIGH,LEFT,CENTER,35.0,55.2,22.75,0.556,12.65,1460,10,-0.785,-0.598
2026-09-10 16:23:59,2361255,-0.913516,-0.406803,262.939,27.816,262.939,27.816,3637,3787,4087,3871,-216,-150,-0.027142,-0.020205,17842.5,HIGH,LEFT,CENTER,35.0,55.2,22.74,0.175,3.98,1460,10,-0.814,-0.606
2026-09-10 16:24:00,2361939,-0.913545,-0.406737,262.94,27.813,262.94,27.813,3642,3786,4090,3867,-223,-144,-0.028026,-0.019386,17795.83,HIGH,LEFT,CENTER,35.0,55.2,18.55,0.56,10.39,1460,10,-0.841,-0.582
2026-09-10 16:24:00,2362622,-0.913545,-0.406737,262.942,27.81,262.942,27.81,3641,3790,4073,3864,-209,-149,-0.026332,-0.020051,17562.5,HIGH,LEFT,CENTER,35.0,55.2,20.97,0.8,16.78,1460,10,-0.79,-0.602
2026-09-10 16:24:01,2363310,-0.913575,-0.40667,262.943,27.808,262.943,27.808,3633,3791,4080,3862,-218,-158,-0.027449,-0.021282,17316.67,HIGH,LEFT,BOTTOM,35.0,55.2,18.35,0.134,2.46,1460,10,-0.823,-0.638
2026-09-10 16:24:02,2363994,-0.913605,-0.406604,262.944,27.805,262.944,27.805,3632,3783,4086,3861,-225,-151,-0.028313,-0.020364,17545.0,HIGH,LEFT,BOTTOM,35.0,55.2,21.3,0.784,16.7,1460,10,-0.849,-0.611
2026-09-10 16:24:02,2364677,-0.913605,-0.406604,262.945,27.803,262.945,27.803,3646,3783,4085,3906,-179,-137,-0.0224,-0.018441,17703.33,HIGH,LEFT,CENTER,35.0,55.2,20.65,0.385,7.95,1460,10,-0.672,-0.553
2026-09-10 16:24:03,2365365,-0.913634,-0.406537,262.947,27.8,262.947,27.8,3642,3782,4062,3863,-199,-140,-0.02511,-0.018858,17750.0,HIGH,LEFT,CENTER,35.0,55.2,23.33,0.71,16.56,1460,10,-0.753,-0.566
2026-09-10 16:24:04,2366049,-0.913664,-0.406471,262.948,27.797,262.948,27.797,3637,3780,4082,3859,-223,-143,-0.028082,-0.01928,17724.17,HIGH,LEFT,CENTER,35.0,55.2,20.11,0.648,13.03,1460,10,-0.842,-0.578
2026-09-10 16:24:04,2366732,-0.913664,-0.406471,262.949,27.795,262.949,27.795,3638,3787,4080,3873,-207,-149,-0.026028,-0.020067,17642.5,HIGH,LEFT,CENTER,35.0,55.2,18.7,0.497,9.29,1460,10,-0.781,-0.602
2026-09-10 16:24:05,2367420,-0.913693,-0.406404,262.951,27.792,262.951,27.792,3641,3792,4082,3869,-213,-151,-0.026789,-0.020315,17642.5,HIGH,LEFT,BOTTOM,35.0,55.0,18.86,0.617,11.64,1460,10,-0.804,-0.609
2026-09-10 16:24:06,2368104,-0.913723,-0.406338,262.952,27.79,262.952,27.79,3644,3786,4080,3872,-208,-142,-0.026157,-0.019112,17565.83,HIGH,LEFT,CENTER,35.0,55.0,22.57,0.715,16.14,1460,10,-0.785,-0.573
2026-09-10 16:24:06,2368787,-0.913723,-0.406338,262.953,27.787,262.953,27.787,3629,3787,4080,3856,-224,-158,-0.028226,-0.021305,17505.83,HIGH,LEFT,BOTTOM,35.0,55.0,21.71,0.383,8.31,1460,10,-0.847,-0.639
2026-09-10 16:24:07,2369475,-0.913752,-0.406272,262.954,27.784,262.954,27.784,3641,3788,4095,3869,-226,-147,-0.028378,-0.019787,17557.5,HIGH,LEFT,CENTER,35.0,54.9,18.61,0.329,6.12,1460,10,-0.851,-0.594
2026-09-10 16:24:08,2370159,-0.913782,-0.406205,262.956,27.782,262.956,27.782,3632,3786,4080,3885,-195,-154,-0.024482,-0.02076,17382.5,HIGH,LEFT,BOTTOM,35.0,54.9,18.5,0.567,10.49,1460,10,-0.734,-0.623
2026-09-10 16:24:08,2370842,-0.913782,-0.406205,262.957,27.779,262.957,27.779,3625,3775,4081,3863,-218,-150,-0.027442,-0.02027,17279.17,HIGH,LEFT,CENTER,35.0,54.9,22.21,0.665,14.77,1460,10,-0.823,-0.608
2026-09-10 16:24:09,2371530,-0.913811,-0.406139,262.958,27.776,262.958,27.776,3632,3719,4095,3869,-226,-87,-0.028378,-0.011835,17519.17,HIGH,LEFT,CENTER,35.0,54.9,18.44,0.634,11.69,1460,10,-0.851,-0.355
2026-09-10 16:24:10,2372214,-0.913841,-0.406072,262.96,27.774,262.96,27.774,3643,3786,4093,3869,-224,-143,-0.028134,-0.019249,17786.67,HIGH,LEFT,CENTER,35.0,54.9,22.93,0.658,15.09,1460,10,-0.844,-0.577
2026-09-10 16:24:10,2372897,-0.913841,-0.406072,262.961,27.771,262.961,27.771,3644,3787,4080,3866,-214,-143,-0.026932,-0.019244,17765.83,HIGH,LEFT,CENTER,35.0,54.9,22.24,0.405,9.01,1460,10,-0.808,-0.577
2026-09-10 16:24:11,2373585,-0.913871,-0.406006,262.962,27.769,262.962,27.769,3643,3783,4087,3887,-200,-140,-0.025082,-0.018853,17802.5,HIGH,LEFT,CENTER,35.0,54.9,18.49,0.672,12.43,1460,10,-0.752,-0.566
2026-09-10 16:24:12,2374269,-0.9139,-0.405939,262.964,27.766,262.964,27.766,3638,3789,4085,3858,-227,-151,-0.028579,-0.020331,17855.0,HIGH,LEFT,BOTTOM,35.0,54.9,18.51,0.184,3.41,1460,10,-0.857,-0.61
2026-09-10 16:24:13,2374952,-0.91393,-0.405873,262.965,27.763,262.965,27.763,3633,3783,4075,3863,-212,-150,-0.026707,-0.020227,17855.0,HIGH,LEFT,CENTER,35.0,54.9,23.92,0.481,11.51,1460,10,-0.801,-0.607
2026-09-10 16:24:13,2375640,-0.91393,-0.405873,262.966,27.761,262.966,27.761,3630,3787,4082,3857,-225,-157,-0.028341,-0.021168,17840.0,HIGH,LEFT,BOTTOM,35.0,55.1,20.25,0.104,2.11,1460,10,-0.85,-0.635
2026-09-10 16:24:14,2376324,-0.913959,-0.405806,262.967,27.758,262.967,27.758,3643,3819,4057,3868,-189,-176,-0.023849,-0.023586,17830.0,HIGH,LEFT,BOTTOM,35.0,55.1,20.22,0.327,6.61,1460,10,-0.715,-0.708
2026-09-10 16:24:15,2377007,-0.913989,-0.40574,262.969,27.756,262.969,27.756,3638,3781,4080,3870,-210,-143,-0.026415,-0.019275,17820.83,HIGH,LEFT,CENTER,35.0,55.1,22.88,0.357,8.17,1460,10,-0.792,-0.578
2026-09-10 16:24:15,2377695,-0.913989,-0.40574,262.97,27.753,262.97,27.753,3646,3782,4084,3861,-223,-136,-0.028068,-0.018309,17809.17,HIGH,LEFT,CENTER,35.0,55.2,23.68,0.377,8.93,1460,10,-0.842,-0.549
2026-09-10 16:24:16,2378379,-0.914018,-0.405673,262.971,27.75,262.971,27.75,3633,3795,4085,3865,-220,-162,-0.027673,-0.021809,17808.33,HIGH,LEFT,BOTTOM,35.0,55.2,23.92,0.587,14.04,1460,10,-0.83,-0.654
2026-09-10 16:24:17,2379062,-0.914048,-0.405607,262.973,27.748,262.973,27.748,3643,3779,4080,3863,-217,-136,-0.02732,-0.018324,17800.0,HIGH,LEFT,CENTER,35.0,55.2,22.52,0.372,8.38,1460,10,-0.82,-0.55
2026-09-10 16:24:17,2379750,-0.914048,-0.405607,262.974,27.745,262.974,27.745,3643,3830,4083,3866,-217,-187,-0.027299,-0.025023,17792.5,HIGH,LEFT,BOTTOM,35.0,55.4,20.26,0.414,8.39,1460,10,-0.819,-0.751
2026-09-10 16:24:18,2380434,-0.914077,-0.40554,262.975,27.743,262.975,27.743,3643,3783,4085,3873,-212,-140,-0.02664,-0.018853,17791.67,HIGH,LEFT,CENTER,35.0,55.4,18.5,0.266,4.92,1460,10,-0.799,-0.566
2026-09-10 16:24:19,2381117,-0.914107,-0.405474,262.976,27.74,262.976,27.74,3639,3781,4095,3882,-213,-142,-0.026702,-0.019137,17786.67,HIGH,LEFT,CENTER,35.0,55.4,22.66,0.361,8.18,1460,10,-0.801,-0.574
2026-09-10 16:24:19,2381805,-0.914107,-0.405474,262.978,27.737,262.978,27.737,3638,3776,4080,3866,-214,-138,-0.026932,-0.018613,17783.33,HIGH,LEFT,CENTER,35.0,55.4,21.35,0.259,5.53,1460,10,-0.808,-0.558
2026-09-10 16:24:20,2382489,-0.914136,-0.405408,262.979,27.735,262.979,27.735,3639,3787,4084,3871,-213,-148,-0.026776,-0.01993,17780.0,HIGH,LEFT,CENTER,35.0,55.4,20.55,0.151,3.1,1460,10,-0.803,-0.598
2026-09-10 16:24:21,2383172,-0.914166,-0.405341,262.98,27.732,262.98,27.732,3638,3786,4079,3873,-206,-148,-0.025905,-0.019935,17780.0,HIGH,LEFT,CENTER,35.0,55.4,23.44,0.522,12.24,1460,10,-0.777,-0.598
2026-09-10 16:24:21,2383860,-0.914166,-0.405341,262.982,27.73,262.982,27.73,3642,3786,4083,3867,-216,-144,-0.02717,-0.019386,17776.67,HIGH,LEFT,CENTER,35.0,55.5,18.67,0.568,10.6,1460,10,-0.815,-0.582
2026-09-10 16:24:22,2384544,-0.914195,-0.405275,262.983,27.727,262.983,27.727,3635,3786,4090,3866,-224,-151,-0.028155,-0.020348,17770.0,HIGH,LEFT,BOTTOM,35.0,55.5,20.96,0.534,11.19,1460,10,-0.845,-0.61
2026-09-10 16:24:23,2385227,-0.914224,-0.405208,262.984,27.724,262.984,27.724,3643,3782,4085,3862,-223,-139,-0.028061,-0.018721,17768.33,HIGH,LEFT,CENTER,35.0,55.5,18.07,0.424,7.66,1460,10,-0.842,-0.562
2026-09-10 16:24:23,2385915,-0.914224,-0.405208,262.986,27.722,262.986,27.722,3643,3783,4080,3859,-221,-140,-0.027837,-0.018853,17765.0,HIGH,LEFT,CENTER,35.0,55.7,20.81,0.366,7.62,1460,10,-0.835,-0.566
2026-09-10 16:24:24,2386599,-0.914254,-0.405142,262.987,27.719,262.987,27.719,3643,3779,4080,3861,-219,-136,-0.027578,-0.018324,17755.83,HIGH,LEFT,CENTER,35.0,55.7,18.34,0.704,12.91,1460,10,-0.827,-0.55
2026-09-10 16:24:25,2387282,-0.914283,-0.405075,262.988,27.717,262.988,27.717,3638,3786,4080,3876,-204,-148,-0.025641,-0.019935,17756.67,HIGH,LEFT,CENTER,35.0,55.7,18.71,0.463,8.66,1460,10,-0.769,-0.598
2026-09-10 16:24:26,2387970,-0.914313,-0.405009,262.989,27.714,262.989,27.714,3637,3788,4095,3871,-224,-151,-0.02812,-0.020337,17752.5,HIGH,LEFT,BOTTOM,35.0,55.9,18.71,0.435,8.14,1460,10,-0.844,-0.61
2026-09-10 16:24:26,2388654,-0.914313,-0.405009,262.991,27.711,262.991,27.711,3637,3779,4080,3873,-207,-142,-0.026028,-0.019148,17751.67,HIGH,LEFT,CENTER,35.0,55.9,21.9,0.118,2.58,1460,10,-0.781,-0.574
2026-09-10 16:24:27,2389337,-0.914342,-0.404942,262.992,27.709,262.992,27.709,3639,3781,4086,3865,-221,-142,-0.027795,-0.019137,17746.67,HIGH,LEFT,CENTER,35.0,55.9,22.48,0.339,7.62,1460,10,-0.834,-0.574
2026-09-10 16:24:28,2390025,-0.914372,-0.404876,262.993,27.706,262.993,27.706,3642,3766,4080,3865,-215,-124,-0.027061,-0.016739,17743.33,HIGH,LEFT,CENTER,35.0,56.2,21.5,0.366,7.87,1460,10,-0.812,-0.502
2026-09-10 16:24:28,2390709,-0.914372,-0.404876,262.995,27.704,262.995,27.704,3637,3779,4075,3862,-213,-142,-0.026836,-0.019148,17740.0,HIGH,LEFT,CENTER,35.0,56.2,23.77,0.379,9.01,1460,10,-0.805,-0.574
2026-09-10 16:24:29,2391392,-0.914401,-0.404809,262.996,27.701,262.996,27.701,3632,3782,4082,3869,-213,-150,-0.026789,-0.020232,17736.67,HIGH,LEFT,CENTER,35.0,56.2,20.25,0.506,10.25,1460,10,-0.804,-0.607
2026-09-10 16:24:30,2392080,-0.914431,-0.404743,262.997,27.698,262.997,27.698,3638,3826,4095,3870,-225,-188,-0.028249,-0.025188,17732.5,HIGH,LEFT,BOTTOM,35.0,56.4,19.71,0.474,9.34,1460,10,-0.847,-0.756
2026-09-10 16:24:30,2392764,-0.914431,-0.404743,262.998,27.696,262.998,27.696,3648,3781,4080,3863,-217,-133,-0.02732,-0.017903,17733.33,HIGH,LEFT,CENTER,35.0,56.4,23.21,0.526,12.21,1460,10,-0.82,-0.537
2026-09-10 16:24:31,2393447,-0.91446,-0.404676,263.0,27.693,263.0,27.693,3639,3781,4080,3904,-176,-142,-0.022044,-0.019137,17730.83,HIGH,LEFT,CENTER,35.0,56.4,19.34,0.635,12.28,1460,10,-0.661,-0.574
2026-09-10 16:24:32,2394135,-0.91449,-0.40461,263.001,27.691,263.001,27.691,3641,3778,4078,3892,-186,-137,-0.023338,-0.018466,17725.0,HIGH,LEFT,CENTER,35.0,56.4,23.78,0.669,15.91,1460,10,-0.7,-0.554
2026-09-10 16:24:32,2394819,-0.91449,-0.40461,263.002,27.688,263.002,27.688,3634,3783,4080,3865,-215,-149,-0.027061,-0.020089,17722.5,HIGH,LEFT,CENTER,35.0,56.4,18.07,0.603,10.9,1460,10,-0.812,-0.603
2026-09-10 16:24:33,2395502,-0.914519,-0.404543,263.004,27.685,263.004,27.685,3638,3783,4075,3859,-216,-145,-0.027225,-0.019539,17721.67,HIGH,LEFT,CENTER,35.0,56.4,23.82,0.769,18.32,1460,10,-0.817,-0.586
2026-09-10 16:24:34,2396190,-0.914548,-0.404477,263.005,27.683,263.005,27.683,3632,3789,4067,3859,-208,-157,-0.026243,-0.021156,17718.33,HIGH,LEFT,BOTTOM,35.0,56.4,18.26,0.113,2.06,1460,10,-0.787,-0.635
2026-09-10 16:24:34,2396874,-0.914548,-0.404477,263.006,27.68,263.006,27.68,3633,3775,4091,3868,-223,-142,-0.028019,-0.019168,17716.67,HIGH,LEFT,CENTER,35.0,56.4,23.35,0.237,5.53,1460,10,-0.841,-0.575
2026-09-10 16:24:35,2397557,-0.914578,-0.40441,263.007,27.678,263.007,27.678,3636,3787,4080,3898,-182,-151,-0.022813,-0.020342,17710.83,HIGH,LEFT,BOTTOM,35.0,56.4,21.17,0.105,2.22,1460,10,-0.684,-0.61
2026-09-10 16:24:36,2398245,-0.914607,-0.404344,263.009,27.675,263.009,27.675,3632,3776,4081,3898,-183,-144,-0.022935,-0.019438,17706.67,HIGH,LEFT,CENTER,35.0,56.3,23.96,0.553,13.25,1460,10,-0.688,-0.583
2026-09-10 16:24:36,2398929,-0.914607,-0.404344,263.01,27.672,263.01,27.672,3642,3776,4087,3847,-240,-134,-0.03025,-0.018064,17705.83,HIGH,LEFT,CENTER,35.0,56.3,18.44,0.729,13.44,1460,10,-0.907,-0.542
2026-09-10 16:24:37,2399612,-0.914637,-0.404277,263.011,27.67,263.011,27.67,3636,3777,4087,3865,-222,-141,-0.027918,-0.019021,17703.33,HIGH,LEFT,CENTER,35.0,56.3,21.32,0.27,5.76,1460,10,-0.838,-0.571
2026-09-10 16:24:38,2400300,-0.914666,-0.404211,263.013,27.667,263.013,27.667,3632,3781,4080,3861,-219,-149,-0.027578,-0.0201,17701.67,HIGH,LEFT,CENTER,35.0,56.1,23.82,0.749,17.84,1460,10,-0.827,-0.603
2026-09-10 16:24:39,2400984,-0.914695,-0.404144,263.014,27.664,263.014,27.664,3638,3781,4078,3862,-216,-143,-0.027204,-0.019275,17703.33,HIGH,LEFT,CENTER,35.0,56.1,21.14,0.142,3.0,1460,10,-0.816,-0.578
2026-09-10 16:24:39,2401667,-0.914695,-0.404144,263.015,27.662,263.015,27.662,3637,3781,4077,3869,-208,-144,-0.026177,-0.019412,17693.33,HIGH,LEFT,CENTER,35.0,56.1,21.78,0.754,16.42,1460,10,-0.785,-0.582
2026-09-10 16:24:40,2402355,-0.914725,-0.404078,263.017,27.659,263.017,27.659,3637,3778,4095,3866,-229,-141,-0.028765,-0.019016,17695.0,HIGH,LEFT,CENTER,35.0,56.0,22.17,0.346,7.67,1460,10,-0.863,-0.57
2026-09-10 16:24:41,2403039,-0.914754,-0.404011,263.018,27.657,263.018,27.657,3648,3778,4080,3866,-214,-130,-0.026932,-0.017506,17690.83,HIGH,LEFT,CENTER,35.0,56.0,20.73,0.171,3.54,1460,10,-0.808,-0.525
2026-09-10 16:24:41,2403722,-0.914754,-0.404011,263.019,27.654,263.019,27.654,3638,3778,4070,3877,-193,-140,-0.024286,-0.018878,17692.5,HIGH,LEFT,CENTER,35.0,56.0,21.77,0.44,9.58,1460,10,-0.729,-0.566
2026-09-10 16:24:42,2404410,-0.914784,-0.403944,263.02,27.651,263.02,27.651,3645,3728,4095,3857,-238,-83,-0.02993,-0.011257,17687.5,HIGH,LEFT,CENTER,35.0,56.0,21.51,0.28,6.02,1460,10,-0.898,-0.338
2026-09-10 16:24:43,2405094,-0.914813,-0.403878,263.022,27.649,263.022,27.649,3626,3779,4086,3866,-220,-153,-0.027666,-0.020662,17685.0,HIGH,LEFT,BOTTOM,35.0,56.0,23.41,0.299,7.0,1460,10,-0.83,-0.62
2026-09-10 16:24:43,2405777,-0.914813,-0.403878,263.023,27.646,263.023,27.646,3638,3779,4080,3898,-182,-141,-0.022813,-0.01901,17683.33,HIGH,LEFT,CENTER,35.0,56.0,18.27,0.315,5.76,1460,10,-0.684,-0.57
2026-09-10 16:24:44,2406465,-0.914842,-0.403811,263.024,27.644,263.024,27.644,3637,3781,4079,3859,-220,-144,-0.027715,-0.019412,17682.5,HIGH,LEFT,CENTER,35.0,55.7,19.69,0.662,13.03,1460,10,-0.831,-0.582
2026-09-10 16:24:45,2407149,-0.914872,-0.403745,263.026,27.641,263.026,27.641,3632,3785,4081,3867,-214,-153,-0.026925,-0.020628,17678.33,HIGH,LEFT,BOTTOM,35.0,55.7,23.7,0.477,11.3,1460,10,-0.808,-0.619
2026-09-10 16:24:45,2407832,-0.914872,-0.403745,263.027,27.638,263.027,27.638,3637,3774,4095,3858,-237,-137,-0.0298,-0.018486,17675.83,HIGH,LEFT,CENTER,35.0,55.7,23.34,0.318,7.42,1460,10,-0.894,-0.555
2026-09-10 16:24:46,2408520,-0.914901,-0.403678,263.028,27.636,263.028,27.636,3634,3777,4077,3869,-208,-143,-0.026177,-0.019296,17679.17,HIGH,LEFT,CENTER,35.0,55.5,20.73,0.527,10.92,1460,10,-0.785,-0.579
2026-09-10 16:24:47,2409204,-0.91493,-0.403612,263.029,27.633,263.029,27.633,3638,3778,4080,3893,-187,-140,-0.023454,-0.018878,17674.17,HIGH,LEFT,CENTER,35.0,55.5,21.72,0.601,13.05,1460,10,-0.704,-0.566
2026-09-10 16:24:47,2409887,-0.91493,-0.403612,263.031,27.631,263.031,27.631,3643,3777,4081,3866,-215,-134,-0.027054,-0.018059,17668.33,HIGH,LEFT,CENTER,35.0,55.5,19.66,0.291,5.72,1460,10,-0.812,-0.542
2026-09-10 16:24:48,2410575,-0.91496,-0.403545,263.032,27.628,263.032,27.628,3636,3783,4080,3869,-211,-147,-0.026544,-0.019814,17667.5,HIGH,LEFT,CENTER,35.0,55.2,19.13,0.389,7.44,1460,10,-0.796,-0.594
2026-09-10 16:24:49,2411259,-0.914989,-0.403479,263.033,27.625,263.033,27.625,3628,3767,4085,3858,-227,-139,-0.028579,-0.018796,17666.67,HIGH,LEFT,CENTER,35.0,55.2,20.78,0.185,3.84,1460,10,-0.857,-0.564
2026-09-10 16:24:50,2411942,-0.915018,-0.403412,263.035,27.623,263.035,27.623,3638,3777,4092,3866,-226,-139,-0.028399,-0.018746,17663.33,HIGH,LEFT,CENTER,35.0,55.2,20.12,0.227,4.57,1460,10,-0.852,-0.562
2026-09-10 16:24:50,2412630,-0.915018,-0.403412,263.036,27.62,263.036,27.62,3641,3778,4080,3865,-215,-137,-0.027061,-0.018466,17663.33,HIGH,LEFT,CENTER,35.0,55.0,21.5,0.577,12.41,1460,10,-0.812,-0.554
2026-09-10 16:24:51,2413314,-0.915048,-0.403346,263.037,27.618,263.037,27.618,3639,3778,4081,3915,-166,-139,-0.02076,-0.018741,17663.33,HIGH,LEFT,CENTER,35.0,55.0,18.47,0.227,4.19,1460,10,-0.623,-0.562
2026-09-10 16:24:52,2413997,-0.915077,-0.403279,263.038,27.615,263.038,27.615,3635,3780,4075,3856,-219,-145,-0.027613,-0.019555,17660.83,HIGH,LEFT,CENTER,35.0,55.0,23.85,0.468,11.16,1460,10,-0.828,-0.587
2026-09-10 16:24:52,2414685,-0.915077,-0.403279,263.04,27.612,263.04,27.612,3632,3771,4080,3861,-219,-139,-0.027578,-0.018776,17659.17,HIGH,LEFT,CENTER,35.0,55.0,23.92,0.596,14.26,1460,10,-0.827,-0.563
2026-09-10 16:24:53,2415369,-0.915106,-0.403213,263.041,27.61,263.041,27.61,3633,3764,4079,3879,-200,-131,-0.025132,-0.01771,17656.67,HIGH,LEFT,CENTER,35.0,55.0,22.19,0.175,3.88,1460,10,-0.754,-0.531
2026-09-10 16:24:54,2416052,-0.915136,-0.403146,263.042,27.607,263.042,27.607,3626,3782,4095,3870,-225,-156,-0.028249,-0.021058,17655.83,HIGH,LEFT,BOTTOM,35.0,55.0,21.22,0.497,10.55,1460,10,-0.847,-0.632
2026-09-10 16:24:54,2416740,-0.915136,-0.403146,263.044,27.605,263.044,27.605,3634,3779,4095,3867,-228,-145,-0.028636,-0.01956,17652.5,HIGH,LEFT,CENTER,35.0,55.0,19.86,0.28,5.56,1460,10,-0.859,-0.587
2026-09-10 16:24:55,2417424,-0.915165,-0.403079,263.045,27.602,263.045,27.602,3635,3776,4079,3894,-185,-141,-0.023203,-0.019026,17650.83,HIGH,LEFT,CENTER,35.0,55.0,22.88,0.774,17.71,1460,10,-0.696,-0.571
2026-09-10 16:24:56,2418107,-0.915194,-0.403013,263.046,27.599,263.046,27.599,3632,3774,4080,3891,-189,-142,-0.023711,-0.019174,17647.5,HIGH,LEFT,CENTER,35.0,55.0,22.11,0.438,9.68,1460,10,-0.711,-0.575
2026-09-10 16:24:56,2418795,-0.915194,-0.403013,263.047,27.597,263.047,27.597,3638,3776,4087,3863,-224,-138,-0.028176,-0.018613,17650.0,HIGH,LEFT,CENTER,35.0,55.0,18.98,0.664,12.6,1460,10,-0.845,-0.558
2026-09-10 16:24:57,2419479,-0.915224,-0.402946,263.049,27.594,263.049,27.594,3638,3781,4077,3898,-179,-143,-0.022445,-0.019275,17649.17,HIGH,LEFT,CENTER,35.0,55.0,23.47,0.485,11.38,1460,10,-0.673,-0.578
2026-09-10 16:24:58,2420162,-0.915253,-0.40288,263.05,27.592,263.05,27.592,3634,3785,4095,3866,-229,-151,-0.028765,-0.020353,17646.67,HIGH,LEFT,BOTTOM,35.0,55.0,22.94,0.13,2.98,1460,10,-0.863,-0.611
2026-09-10 16:24:58,2420850,-0.915253,-0.40288,263.051,27.589,263.051,27.589,3632,3771,4079,3856,-223,-139,-0.028103,-0.018776,17644.17,HIGH,LEFT,CENTER,34.9,54.9,23.7,0.543,12.87,1460,10,-0.843,-0.563
2026-09-10 16:24:59,2421534,-0.915282,-0.402813,263.053,27.586,263.053,27.586,3632,3776,4095,3867,-228,-144,-0.028636,-0.019438,17636.67,HIGH,LEFT,CENTER,34.9,54.9,22.35,0.766,17.12,1460,10,-0.859,-0.583
2026-09-10 16:25:00,2422217,-0.915311,-0.402747,263.054,27.584,263.054,27.584,3627,3777,4080,3856,-224,-150,-0.028226,-0.020259,17635.83,HIGH,LEFT,CENTER,34.9,54.9,21.68,0.521,11.3,1460,10,-0.847,-0.608
2026-09-10 16:25:00,2422905,-0.915311,-0.402747,263.055,27.581,263.055,27.581,3637,3777,4080,3860,-220,-140,-0.027708,-0.018883,17636.67,HIGH,LEFT,CENTER,34.9,55.1,20.51,0.673,13.8,1460,10,-0.831,-0.566
2026-09-10 16:25:01,2423589,-0.915341,-0.40268,263.057,27.579,263.057,27.579,3646,3777,4075,3862,-213,-131,-0.026836,-0.017648,17632.5,HIGH,LEFT,CENTER,34.9,55.1,23.6,0.719,16.97,1460,10,-0.805,-0.529
2026-09-10 16:25:02,2424272,-0.91537,-0.402614,263.058,27.576,263.058,27.576,3635,3835,4045,3872,-173,-200,-0.021852,-0.026774,17633.33,HIGH,LEFT,BOTTOM,34.9,55.1,23.2,0.26,6.03,1460,10,-0.656,-0.803
2026-09-10 16:25:03,2424960,-0.915399,-0.402547,263.059,27.573,263.059,27.573,3637,3774,4080,3859,-221,-137,-0.027837,-0.018486,17630.0,HIGH,LEFT,CENTER,34.9,55.0,18.27,0.248,4.53,1460,10,-0.835,-0.555
2026-09-10 16:25:03,2425644,-0.915399,-0.402547,263.06,27.571,263.06,27.571,3639,3776,4095,3859,-236,-137,-0.029671,-0.018476,17630.0,HIGH,LEFT,CENTER,34.9,55.0,18.16,0.528,9.59,1460,10,-0.89,-0.554
2026-09-10 16:25:04,2426327,-0.915429,-0.40248,263.062,27.568,263.062,27.568,3635,3779,4079,3863,-216,-144,-0.027197,-0.019423,17632.5,HIGH,LEFT,CENTER,34.9,55.0,20.26,0.388,7.86,1460,10,-0.816,-0.583
2026-09-10 16:25:05,2427015,-0.915458,-0.402414,263.063,27.566,263.063,27.566,3605,3771,4078,3858,-220,-166,-0.027722,-0.022505,17630.83,HIGH,LEFT,BOTTOM,34.9,54.9,22.86,0.688,15.73,1460,10,-0.832,-0.675
2026-09-10 16:25:05,2427699,-0.915458,-0.402414,263.064,27.563,263.064,27.563,3638,3775,4079,3857,-222,-137,-0.027974,-0.018481,17629.17,HIGH,LEFT,CENTER,34.9,54.9,23.92,0.73,17.46,1460,10,-0.839,-0.554
2026-09-10 16:25:06,2428382,-0.915487,-0.402347,263.066,27.56,263.066,27.56,3637,3778,4081,3901,-180,-141,-0.022551,-0.019016,17626.67,HIGH,LEFT,CENTER,34.9,54.9,18.9,0.347,6.56,1460,10,-0.677,-0.57
2026-09-10 16:25:07,2429070,-0.915516,-0.402281,263.067,27.558,263.067,27.558,3635,3779,4075,3865,-210,-144,-0.026448,-0.019423,17624.17,HIGH,LEFT,CENTER,34.9,54.9,21.56,0.266,5.73,1460,10,-0.793,-0.583
2026-09-10 16:25:07,2429754,-0.915516,-0.402281,263.068,27.555,263.068,27.555,3637,3772,4080,3859,-221,-135,-0.027837,-0.018221,17628.33,HIGH,LEFT,CENTER,34.9,54.9,20.29,0.646,13.11,1460,10,-0.835,-0.547
2026-09-10 16:25:08,2430437,-0.915546,-0.402214,263.069,27.552,263.069,27.552,3635,3765,4083,3860,-223,-130,-0.028075,-0.017568,17621.67,HIGH,LEFT,CENTER,34.9,54.9,23.82,0.292,6.96,1460,10,-0.842,-0.527
2026-09-10 16:25:09,2431125,-0.915575,-0.402148,263.071,27.55,263.071,27.55,3634,3771,4095,3861,-234,-137,-0.029412,-0.018501,17622.5,HIGH,LEFT,CENTER,34.9,54.9,23.05,0.676,15.58,1460,10,-0.882,-0.555
2026-09-10 16:25:09,2431809,-0.915575,-0.402148,263.072,27.547,263.072,27.547,3639,3773,4080,3854,-226,-134,-0.028485,-0.018079,17622.5,HIGH,LEFT,CENTER,34.9,54.9,23.03,0.397,9.14,1460,10,-0.855,-0.542
2026-09-10 16:25:10,2432492,-0.915604,-0.402081,263.073,27.545,263.073,27.545,3642,3778,4081,3861,-220,-136,-0.027701,-0.018329,17632.5,HIGH,LEFT,CENTER,34.9,54.9,20.81,0.567,11.8,1460,10,-0.831,-0.55
2026-09-10 16:25:11,2433180,-0.915633,-0.402014,263.075,27.542,263.075,27.542,3631,3774,4082,3861,-221,-143,-0.027823,-0.019311,17630.0,HIGH,LEFT,CENTER,34.9,54.8,20.49,0.167,3.42,1460,10,-0.835,-0.579
2026-09-10 16:25:11,2433864,-0.915633,-0.402014,263.076,27.539,263.076,27.539,3658,3777,4095,3886,-209,-119,-0.026187,-0.016005,17623.33,HIGH,LEFT,CENTER,34.9,54.8,19.64,0.537,10.55,1460,10,-0.786,-0.48
2026-09-10 16:25:12,2434547,-0.915663,-0.401948,263.077,27.537,263.077,27.537,3628,3767,4081,3853,-228,-139,-0.028737,-0.018796,17625.0,HIGH,LEFT,CENTER,34.9,54.8,18.34,0.416,7.63,1460,10,-0.862,-0.564
2026-09-10 16:25:13,2435235,-0.915692,-0.401881,263.078,27.534,263.078,27.534,3620,3777,4078,3862,-216,-157,-0.027204,-0.021225,17620.0,HIGH,LEFT,BOTTOM,34.9,54.9,23.19,0.511,11.85,1460,10,-0.816,-0.637
2026-09-10 16:25:13,2435919,-0.915692,-0.401881,263.08,27.532,263.08,27.532,3648,3771,4074,3867,-207,-123,-0.026067,-0.016579,17622.5,HIGH,LEFT,CENTER,34.9,54.9,22.88,0.218,4.99,1460,10,-0.782,-0.497
2026-09-10 16:25:14,2436602,-0.915721,-0.401815,263.081,27.529,263.081,27.529,3638,3815,4095,3859,-236,-177,-0.029671,-0.023749,17619.17,HIGH,LEFT,BOTTOM,34.9,54.9,24.0,0.616,14.78,1460,10,-0.89,-0.712
2026-09-10 16:25:15,2437290,-0.91575,-0.401748,263.082,27.526,263.082,27.526,3633,3785,4089,3888,-201,-152,-0.025197,-0.020491,17620.83,HIGH,LEFT,BOTTOM,34.9,55.0,23.98,0.704,16.88,1460,10,-0.756,-0.615
2026-09-10 16:25:16,2437974,-0.915779,-0.401681,263.084,27.524,263.084,27.524,3634,3779,4080,3863,-217,-145,-0.02732,-0.01956,17616.67,HIGH,LEFT,CENTER,34.9,55.0,21.33,0.252,5.38,1460,10,-0.82,-0.587
2026-09-10 16:25:16,2438657,-0.915779,-0.401681,263.085,27.521,263.085,27.521,3636,3776,4080,3856,-224,-140,-0.028226,-0.018888,17615.83,HIGH,LEFT,CENTER,34.9,55.0,22.61,0.167,3.78,1460,10,-0.847,-0.567
2026-09-10 16:25:17,2439345,-0.915809,-0.401615,263.086,27.519,263.086,27.519,3638,3696,4080,3855,-225,-58,-0.028355,-0.007908,17616.67,HIGH,LEFT,CENTER,34.9,54.9,23.67,0.117,2.77,1460,10,-0.851,-0.237
2026-09-10 16:25:18,2440029,-0.915838,-0.401548,263.087,27.516,263.087,27.516,3638,3776,4079,3858,-221,-138,-0.027844,-0.018613,17615.83,HIGH,LEFT,CENTER,34.9,54.9,23.1,0.549,12.68,1460,10,-0.835,-0.558
2026-09-10 16:25:18,2440712,-0.915838,-0.401548,263.089,27.513,263.089,27.513,3632,3776,4077,3857,-220,-144,-0.027729,-0.019438,17617.5,HIGH,LEFT,CENTER,34.9,54.9,19.48,0.525,10.23,1460,10,-0.832,-0.583
2026-09-10 16:25:19,2441400,-0.915867,-0.401482,263.09,27.511,263.09,27.511,3632,3771,4087,3857,-230,-139,-0.028953,-0.018776,17613.33,HIGH,LEFT,CENTER,34.9,55.0,20.7,0.483,10.0,1460,10,-0.869,-0.563
2026-09-10 16:25:20,2442084,-0.915896,-0.401415,263.091,27.508,263.091,27.508,3631,3771,4079,3857,-222,-140,-0.027974,-0.018914,17612.5,HIGH,LEFT,CENTER,34.9,55.0,18.77,0.262,4.92,1460,10,-0.839,-0.567
2026-09-10 16:25:20,2442767,-0.915896,-0.401415,263.093,27.506,263.093,27.506,3635,3763,4089,3866,-223,-128,-0.028033,-0.017302,17611.67,HIGH,LEFT,CENTER,34.9,55.0,23.72,0.374,8.87,1460,10,-0.841,-0.519
2026-09-10 16:25:21,2443455,-0.915925,-0.401348,263.094,27.503,263.094,27.503,3638,3728,4075,3862,-213,-90,-0.026836,-0.012218,17610.0,HIGH,LEFT,CENTER,34.9,55.1,21.64,0.516,11.17,1460,10,-0.805,-0.367
2026-09-10 16:25:22,2444139,-0.915955,-0.401282,263.095,27.5,263.095,27.5,3635,3773,4095,3859,-236,-138,-0.029671,-0.018629,17606.67,HIGH,LEFT,CENTER,34.9,55.1,19.37,0.448,8.68,1460,10,-0.89,-0.559
2026-09-10 16:25:22,2444822,-0.915955,-0.401282,263.096,27.498,263.096,27.498,3671,3760,4093,3861,-232,-89,-0.029168,-0.011977,17607.5,HIGH,LEFT,CENTER,34.9,55.1,22.03,0.791,17.43,1460,10,-0.875,-0.359
2026-09-10 16:25:23,2445510,-0.915984,-0.401215,263.098,27.495,263.098,27.495,3632,3776,4080,3867,-213,-144,-0.026803,-0.019438,17609.17,HIGH,LEFT,CENTER,34.9,55.2,21.71,0.196,4.26,1460,10,-0.804,-0.583
2026-09-10 16:25:24,2446194,-0.916013,-0.401149,263.099,27.493,263.099,27.493,3639,3760,4095,3866,-229,-121,-0.028765,-0.016354,17608.33,HIGH,LEFT,CENTER,34.9,55.2,20.15,0.587,11.83,1460,10,-0.863,-0.491
2026-09-10 16:25:24,2446877,-0.916013,-0.401149,263.1,27.49,263.1,27.49,3638,3777,4081,3863,-218,-139,-0.027442,-0.018746,17608.33,HIGH,LEFT,CENTER,34.9,55.2,18.68,0.383,7.15,1460,10,-0.823,-0.562
2026-09-10 16:25:25,2447565,-0.916042,-0.401082,263.102,27.487,263.102,27.487,3632,3776,4076,3881,-195,-144,-0.024507,-0.019438,17605.83,HIGH,LEFT,CENTER,34.9,55.4,22.03,0.4,8.81,1460,10,-0.735,-0.583
2026-09-10 16:25:26,2448249,-0.916071,-0.401015,263.103,27.485,263.103,27.485,3633,3775,4077,3866,-211,-142,-0.026564,-0.019168,17609.17,HIGH,LEFT,CENTER,34.9,55.4,21.12,0.602,12.71,1460,10,-0.797,-0.575
2026-09-10 16:25:26,2448932,-0.916071,-0.401015,263.104,27.482,263.104,27.482,3635,3771,4080,3863,-217,-136,-0.02732,-0.018363,17598.33,HIGH,LEFT,CENTER,34.9,55.4,22.63,0.585,13.24,1460,10,-0.82,-0.551
2026-09-10 16:25:27,2449620,-0.916101,-0.400949,263.105,27.48,263.105,27.48,3633,3767,4083,3862,-221,-134,-0.027816,-0.018108,17598.33,HIGH,LEFT,CENTER,35.0,55.5,21.12,0.794,16.77,1460,10,-0.834,-0.543
2026-09-10 16:25:28,2450304,-0.91613,-0.400882,263.107,27.477,263.107,27.477,3632,3775,4093,3865,-228,-143,-0.02865,-0.019306,17598.33,HIGH,LEFT,CENTER,35.0,55.5,23.11,0.19,4.39,1460,10,-0.859,-0.579
2026-09-10 16:25:29,2450987,-0.916159,-0.400815,263.108,27.474,263.108,27.474,3655,3774,4095,3863,-232,-119,-0.029153,-0.016018,17600.0,HIGH,LEFT,CENTER,35.0,55.5,21.31,0.173,3.69,1460,10,-0.875,-0.481
2026-09-10 16:25:29,2451675,-0.916159,-0.400815,263.109,27.472,263.109,27.472,3637,3765,4080,3862,-218,-128,-0.027449,-0.017293,17600.0,HIGH,LEFT,CENTER,35.0,55.5,21.37,0.607,12.97,1460,10,-0.823,-0.519
2026-09-10 16:25:30,2452359,-0.916188,-0.400749,263.111,27.469,263.111,27.469,3647,3754,4083,3856,-227,-107,-0.028593,-0.014458,17595.83,HIGH,LEFT,CENTER,35.0,55.5,23.26,0.505,11.75,1460,10,-0.858,-0.434
2026-09-10 16:25:31,2453042,-0.916217,-0.400682,263.112,27.467,263.112,27.467,3637,3771,4080,3855,-225,-134,-0.028355,-0.018089,17594.17,HIGH,LEFT,CENTER,35.0,55.5,20.42,0.292,5.96,1460,10,-0.851,-0.543
2026-09-10 16:25:31,2453730,-0.916217,-0.400682,263.113,27.464,263.113,27.464,3633,3765,4081,3856,-225,-132,-0.028348,-0.017843,17590.0,HIGH,LEFT,CENTER,35.0,55.6,18.8,0.156,2.93,1460,10,-0.85,-0.535
2026-09-10 16:25:32,2454414,-0.916246,-0.400616,263.114,27.461,263.114,27.461,3637,3771,4077,3858,-219,-134,-0.027599,-0.018089,17587.5,HIGH,LEFT,CENTER,35.0,55.6,18.17,0.16,2.91,1460,10,-0.828,-0.543
2026-09-10 16:25:33,2455097,-0.916275,-0.400549,263.116,27.459,263.116,27.459,3633,3774,4078,3879,-199,-141,-0.025009,-0.019036,17585.83,HIGH,LEFT,CENTER,35.0,55.6,22.53,0.726,16.36,1460,10,-0.75,-0.571
2026-09-10 16:25:33,2455785,-0.916275,-0.400549,263.117,27.456,263.117,27.456,3637,3775,4083,3861,-222,-138,-0.027946,-0.018618,17590.83,HIGH,LEFT,CENTER,35.0,55.5,21.72,0.234,5.08,1460,10,-0.838,-0.559
2026-09-10 16:25:34,2456469,-0.916304,-0.400482,263.118,27.453,263.118,27.453,3629,3773,4077,3857,-220,-144,-0.027729,-0.019454,17589.17,HIGH,LEFT,CENTER,35.0,55.5,22.22,0.326,7.24,1460,10,-0.832,-0.584
2026-09-10 16:25:35,2457152,-0.916334,-0.400416,263.12,27.451,263.12,27.451,3634,3777,4075,3861,-214,-143,-0.026966,-0.019296,17586.67,HIGH,LEFT,CENTER,35.0,55.5,19.28,0.259,4.99,1460,10,-0.809,-0.579
2026-09-10 16:25:35,2457840,-0.916334,-0.400416,263.121,27.448,263.121,27.448,3636,3774,4078,3850,-228,-138,-0.028759,-0.018623,17584.17,HIGH,LEFT,CENTER,35.0,55.3,18.82,0.348,6.55,1460,10,-0.863,-0.559
2026-09-10 16:25:36,2458524,-0.916363,-0.400349,263.122,27.446,263.122,27.446,3638,3778,4079,3903,-176,-140,-0.02205,-0.018878,17585.83,HIGH,LEFT,CENTER,35.0,55.3,18.09,0.149,2.7,1460,10,-0.661,-0.566
2026-09-10 16:25:37,2459207,-0.916392,-0.400282,263.123,27.443,263.123,27.443,3638,3769,4080,3856,-224,-131,-0.028226,-0.017686,17580.83,HIGH,LEFT,CENTER,35.0,55.3,20.1,0.463,9.31,1460,10,-0.847,-0.531
2026-09-10 16:25:37,2459895,-0.916392,-0.400282,263.125,27.44,263.125,27.44,3637,3767,4080,3854,-226,-130,-0.028485,-0.017558,17580.83,HIGH,LEFT,CENTER,35.0,55.3,21.54,0.147,3.17,1460,10,-0.855,-0.527
2026-09-10 16:25:38,2460579,-0.916421,-0.400216,263.126,27.438,263.126,27.438,3636,3773,4078,3891,-187,-137,-0.023466,-0.018491,17582.5,HIGH,LEFT,CENTER,35.0,55.3,20.35,0.66,13.43,1460,10,-0.704,-0.555
2026-09-10 16:25:39,2461262,-0.91645,-0.400149,263.127,27.435,263.127,27.435,3634,3769,4080,3857,-223,-135,-0.028096,-0.018236,17583.33,HIGH,LEFT,CENTER,35.0,55.3,20.62,0.264,5.44,1460,10,-0.843,-0.547
2026-09-10 16:25:40,2461950,-0.916479,-0.400082,263.129,27.433,263.129,27.433,3632,3769,4078,3887,-191,-137,-0.02398,-0.018511,17584.17,HIGH,LEFT,CENTER,35.0,55.3,23.42,0.478,11.19,1460,10,-0.719,-0.555
2026-09-10 16:25:40,2462634,-0.916479,-0.400082,263.13,27.43,263.13,27.43,3638,3773,4080,3858,-222,-135,-0.027967,-0.018216,17582.5,HIGH,LEFT,CENTER,35.0,55.3,20.09,0.716,14.38,1460,10,-0.839,-0.546
2026-09-10 16:25:41,2463317,-0.916508,-0.400016,263.131,27.427,263.131,27.427,3633,3773,4082,3863,-219,-140,-0.027565,-0.018904,17579.17,HIGH,LEFT,CENTER,35.0,55.3,21.08,0.556,11.72,1460,10,-0.827,-0.567
2026-09-10 16:25:42,2464005,-0.916537,-0.399949,263.133,27.425,263.133,27.425,3637,3771,4081,3859,-222,-134,-0.02796,-0.018089,17575.83,HIGH,LEFT,CENTER,35.0,55.2,22.7,0.473,10.74,1460,10,-0.839,-0.543
2026-09-10 16:25:42,2464689,-0.916537,-0.399949,263.134,27.422,263.134,27.422,3634,3767,4076,3887,-189,-133,-0.023735,-0.017971,17574.17,HIGH,LEFT,CENTER,35.0,55.2,20.38,0.327,6.66,1460,10,-0.712,-0.539
2026-09-10 16:25:43,2465372,-0.916566,-0.399883,263.135,27.42,263.135,27.42,3632,3769,4070,3857,-213,-137,-0.02687,-0.018511,17571.67,HIGH,LEFT,CENTER,35.0,55.2,21.73,0.333,7.24,1460,10,-0.806,-0.555
2026-09-10 16:25:44,2466060,-0.916595,-0.399816,263.136,27.417,263.136,27.417,3619,3763,4080,3856,-224,-144,-0.028226,-0.019507,17571.67,HIGH,LEFT,CENTER,35.0,55.1,23.17,0.569,13.18,1460,10,-0.847,-0.585
2026-09-10 16:25:44,2466744,-0.916595,-0.399816,263.138,27.414,263.138,27.414,3667,3771,4078,3856,-222,-104,-0.027981,-0.013982,17570.0,HIGH,LEFT,CENTER,35.0,55.1,23.7,0.796,18.87,1460,10,-0.839,-0.419
2026-09-10 16:25:45,2467427,-0.916625,-0.399749,263.139,27.412,263.139,27.412,3678,3778,4080,3866,-214,-100,-0.026932,-0.013412,17570.0,HIGH,LEFT,CENTER,35.0,55.1,18.88,0.563,10.63,1460,10,-0.808,-0.402
2026-09-10 16:25:46,2468115,-0.916654,-0.399683,263.14,27.409,263.14,27.409,3637,3770,4080,3863,-217,-133,-0.02732,-0.017956,17570.0,HIGH,LEFT,CENTER,35.0,55.0,23.56,0.49,11.54,1460,10,-0.82,-0.539
2026-09-10 16:25:46,2468799,-0.916654,-0.399683,263.142,27.407,263.142,27.407,3611,3775,4082,3856,-226,-164,-0.028471,-0.022204,17565.0,HIGH,LEFT,BOTTOM,35.0,55.0,20.95,0.611,12.8,1460,10,-0.854,-0.666
2026-09-10 16:25:47,2469482,-0.916683,-0.399616,263.143,27.404,263.143,27.404,3636,3772,4081,3858,-223,-136,-0.028089,-0.018359,17570.0,HIGH,LEFT,CENTER,35.0,55.0,19.55,0.426,8.33,1460,10,-0.843,-0.551
2026-09-10 16:25:48,2470170,-0.916712,-0.399549,263.144,27.401,263.144,27.401,3632,3776,4077,3866,-211,-144,-0.026564,-0.019438,17572.5,HIGH,LEFT,CENTER,35.0,55.1,20.75,0.142,2.95,1460,10,-0.797,-0.583
2026-09-10 16:25:48,2470854,-0.916712,-0.399549,263.145,27.399,263.145,27.399,3637,3775,4080,3853,-227,-138,-0.028615,-0.018618,17565.0,HIGH,LEFT,CENTER,35.0,55.1,23.88,0.494,11.8,1460,10,-0.858,-0.559
2026-09-10 16:25:49,2471537,-0.916741,-0.399483,263.147,27.396,263.147,27.396,3638,3770,4080,3861,-219,-132,-0.027578,-0.017819,17566.67,HIGH,LEFT,CENTER,35.0,55.1,20.96,0.77,16.14,1460,10,-0.827,-0.535
2026-09-10 16:25:50,2472225,-0.91677,-0.399416,263.148,27.394,263.148,27.394,3630,3771,4076,3862,-214,-141,-0.026959,-0.019051,17565.0,HIGH,LEFT,CENTER,35.1,55.1,19.97,0.223,4.45,1460,10,-0.809,-0.572
2026-09-10 16:25:50,2472909,-0.91677,-0.399416,263.149,27.391,263.149,27.391,3631,3769,4071,3860,-211,-138,-0.026604,-0.018649,17567.5,HIGH,LEFT,CENTER,35.1,55.1,21.8,0.583,12.71,1460,10,-0.798,-0.559
2026-09-10 16:25:51,2473592,-0.916799,-0.399349,263.151,27.388,263.151,27.388,3642,3774,4075,3856,-219,-132,-0.027613,-0.017799,17565.83,HIGH,LEFT,CENTER,35.1,55.1,19.44,0.241,4.69,1460,10,-0.828,-0.534
2026-09-10 16:25:52,2474280,-0.916828,-0.399283,263.152,27.386,263.152,27.386,3638,3771,4080,3856,-224,-133,-0.028226,-0.017951,17566.67,HIGH,LEFT,CENTER,35.1,55.3,18.46,0.475,8.77,1460,10,-0.847,-0.539
2026-09-10 16:25:53,2474964,-0.916857,-0.399216,263.153,27.383,263.153,27.383,3633,3774,4095,3856,-239,-141,-0.030059,-0.019036,17564.17,HIGH,LEFT,CENTER,35.1,55.3,18.77,0.168,3.15,1460,10,-0.902,-0.571
2026-09-10 16:25:53,2475647,-0.916857,-0.399216,263.154,27.381,263.154,27.381,3638,3769,4051,3868,-183,-131,-0.023109,-0.017686,17560.0,HIGH,LEFT,CENTER,35.1,55.3,18.77,0.415,7.79,1460,10,-0.693,-0.531
2026-09-10 16:25:54,2476335,-0.916886,-0.399149,263.156,27.378,263.156,27.378,3632,3767,4095,3856,-239,-135,-0.030059,-0.018246,17563.33,HIGH,LEFT,CENTER,35.1,55.2,18.91,0.629,11.89,1460,10,-0.902,-0.547
2026-09-10 16:25:55,2477019,-0.916915,-0.399082,263.157,27.375,263.157,27.375,3635,3773,4078,3882,-196,-138,-0.024623,-0.018629,17559.17,HIGH,LEFT,CENTER,35.1,55.2,18.83,0.343,6.46,1460,10,-0.739,-0.559
2026-09-10 16:25:55,2477702,-0.916915,-0.399082,263.158,27.373,263.158,27.373,3632,3775,4080,3856,-224,-143,-0.028226,-0.019306,17560.0,HIGH,LEFT,CENTER,35.1,55.2,21.85,0.565,12.35,1460,10,-0.847,-0.579
2026-09-10 16:25:56,2478390,-0.916944,-0.399016,263.16,27.37,263.16,27.37,3635,3766,4083,3858,-225,-131,-0.028334,-0.0177,17559.17,HIGH,LEFT,CENTER,35.1,55.2,19.09,0.657,12.54,1460,10,-0.85,-0.531
2026-09-10 16:25:57,2479074,-0.916973,-0.398949,263.161,27.368,263.161,27.368,3639,3773,4086,3859,-227,-134,-0.028571,-0.018079,17550.83,HIGH,LEFT,CENTER,35.1,55.2,20.07,0.749,15.03,1460,10,-0.857,-0.542
2026-09-10 16:25:57,2479757,-0.916973,-0.398949,263.162,27.365,263.162,27.365,3635,3765,4078,3856,-222,-130,-0.027981,-0.017568,17561.67,HIGH,LEFT,CENTER,35.1,55.2,23.38,0.264,6.17,1460,10,-0.839,-0.527
2026-09-10 16:25:58,2480445,-0.917002,-0.398882,263.163,27.362,263.163,27.362,3633,3767,4070,3854,-216,-134,-0.027259,-0.018108,17554.17,HIGH,LEFT,CENTER,35.1,55.4,20.84,0.38,7.92,1460,10,-0.818,-0.543
2026-09-10 16:25:59,2481129,-0.917031,-0.398816,263.165,27.36,263.165,27.36,3639,3776,4079,3866,-213,-137,-0.026809,-0.018476,17551.67,HIGH,LEFT,CENTER,35.1,55.4,22.01,0.207,4.56,1460,10,-0.804,-0.554
2026-09-10 16:25:59,2481812,-0.917031,-0.398816,263.166,27.357,263.166,27.357,3627,3771,4079,3856,-223,-144,-0.028103,-0.019465,17552.5,HIGH,LEFT,CENTER,35.1,55.4,19.03,0.795,15.13,1460,10,-0.843,-0.584
2026-09-10 16:26:00,2482500,-0.91706,-0.398749,263.167,27.354,263.167,27.354,3632,3760,4079,3862,-217,-128,-0.027327,-0.017316,17550.83,HIGH,LEFT,CENTER,35.1,55.1,19.15,0.749,14.34,1460,10,-0.82,-0.519
2026-09-10 16:26:01,2483184,-0.917089,-0.398682,263.169,27.352,263.169,27.352,3637,3770,4083,3855,-228,-133,-0.028723,-0.017956,17550.83,HIGH,LEFT,CENTER,35.1,55.1,18.25,0.478,8.72,1460,10,-0.862,-0.539
2026-09-10 16:26:01,2483867,-0.917089,-0.398682,263.17,27.349,263.17,27.349,3633,3772,4068,3853,-215,-139,-0.027143,-0.018771,17546.67,HIGH,LEFT,CENTER,35.1,55.1,19.01,0.689,13.1,1460,10,-0.814,-0.563
2026-09-10 16:26:02,2484555,-0.917118,-0.398616,263.171,27.347,263.171,27.347,3632,3774,4095,3856,-239,-142,-0.030059,-0.019174,17551.67,HIGH,LEFT,CENTER,35.1,55.0,19.67,0.465,9.15,1460,10,-0.902,-0.575
2026-09-10 16:26:03,2485239,-0.917147,-0.398549,263.172,27.344,263.172,27.344,3634,3773,4080,3853,-227,-139,-0.028615,-0.018766,17550.0,HIGH,LEFT,CENTER,35.1,55.0,19.06,0.537,10.24,1460,10,-0.858,-0.563
2026-09-10 16:26:03,2485922,-0.917147,-0.398549,263.174,27.341,263.174,27.341,3637,3769,4080,3895,-185,-132,-0.023197,-0.017823,17553.33,HIGH,LEFT,CENTER,35.1,55.0,18.53,0.162,3.0,1460,10,-0.696,-0.535
2026-09-10 16:26:04,2486610,-0.917176,-0.398482,263.175,27.339,263.175,27.339,3632,3769,4080,3866,-214,-137,-0.026932,-0.018511,17549.17,HIGH,LEFT,CENTER,35.1,55.1,18.72,0.629,11.77,1460,10,-0.808,-0.555
2026-09-10 16:26:05,2487294,-0.917205,-0.398416,263.176,27.336,263.176,27.336,3638,3766,4082,3856,-226,-128,-0.028471,-0.017288,17546.67,HIGH,LEFT,CENTER,35.1,55.1,20.76,0.189,3.92,1460,10,-0.854,-0.519
2026-09-10 16:26:06,2487977,-0.917234,-0.398349,263.178,27.334,263.178,27.334,3633,3765,4080,3855,-225,-132,-0.028355,-0.017843,17545.83,HIGH,LEFT,CENTER,35.1,55.1,19.24,0.678,13.04,1460,10,-0.851,-0.535
2026-09-10 16:26:06,2488665,-0.917234,-0.398349,263.179,27.331,263.179,27.331,3635,3765,4095,3856,-239,-130,-0.030059,-0.017568,17545.0,HIGH,LEFT,CENTER,35.1,55.0,20.19,0.647,13.06,1460,10,-0.902,-0.527
2026-09-10 16:26:07,2489349,-0.917263,-0.398282,263.18,27.328,263.18,27.328,3632,3770,4080,3853,-227,-138,-0.028615,-0.018644,17543.33,HIGH,LEFT,CENTER,35.1,55.0,21.02,0.596,12.53,1460,10,-0.858,-0.559
2026-09-10 16:26:08,2490032,-0.917292,-0.398215,263.181,27.326,263.181,27.326,3634,3763,4074,3863,-211,-129,-0.026584,-0.01744,17540.0,HIGH,LEFT,CENTER,35.1,55.0,22.14,0.125,2.77,1460,10,-0.798,-0.523
2026-09-10 16:26:08,2490720,-0.917292,-0.398215,263.183,27.323,263.183,27.323,3633,3766,4075,3874,-201,-133,-0.025286,-0.017975,17540.83,HIGH,LEFT,CENTER,35.1,54.9,18.24,0.312,5.69,1460,10,-0.759,-0.539
2026-09-10 16:26:09,2491404,-0.917321,-0.398149,263.184,27.321,263.184,27.321,3635,3766,4079,3867,-212,-131,-0.02668,-0.0177,17539.17,HIGH,LEFT,CENTER,35.1,54.9,22.8,0.284,6.48,1460,10,-0.8,-0.531
2026-09-10 16:26:10,2492087,-0.91735,-0.398082,263.185,27.318,263.185,27.318,3633,3769,4073,3863,-210,-136,-0.026462,-0.018373,17540.83,HIGH,LEFT,CENTER,35.1,54.9,21.77,0.352,7.66,1460,10,-0.794,-0.551
2026-09-10 16:26:10,2492775,-0.91735,-0.398082,263.187,27.315,263.187,27.315,3637,3767,4079,3870,-209,-130,-0.026293,-0.017558,17541.67,HIGH,LEFT,CENTER,35.1,54.9,18.49,0.161,2.98,1460,10,-0.789,-0.527
2026-09-10 16:26:11,2493459,-0.917379,-0.398015,263.188,27.313,263.188,27.313,3625,3768,4079,3856,-223,-143,-0.028103,-0.019343,17537.5,HIGH,LEFT,CENTER,35.1,54.9,23.24,0.756,17.57,1460,10,-0.843,-0.58
2026-09-10 16:26:12,2494142,-0.917408,-0.397949,263.189,27.31,263.189,27.31,3635,3769,4085,3862,-223,-134,-0.028061,-0.018098,17539.17,HIGH,LEFT,CENTER,35.1,54.9,23.53,0.488,11.48,1460,10,-0.842,-0.543
2026-09-10 16:26:12,2494830,-0.917408,-0.397949,263.19,27.308,263.19,27.308,3632,3775,4080,3858,-222,-143,-0.027967,-0.019306,17538.33,HIGH,LEFT,CENTER,35.1,55.0,18.37,0.314,5.77,1460,10,-0.839,-0.579
2026-09-10 16:26:13,2495514,-0.917437,-0.397882,263.192,27.305,263.192,27.305,3624,3769,4079,3854,-225,-145,-0.028363,-0.019613,17535.83,HIGH,LEFT,CENTER,35.1,55.0,19.66,0.378,7.43,1460,10,-0.851,-0.588
2026-09-10 16:26:14,2496197,-0.917466,-0.397815,263.193,27.302,263.193,27.302,3632,3782,4078,3893,-185,-150,-0.023209,-0.020232,17538.33,HIGH,LEFT,CENTER,35.1,55.0,22.84,0.413,9.43,1460,10,-0.696,-0.607
2026-09-10 16:26:14,2496885,-0.917466,-0.397815,263.194,27.3,263.194,27.3,3634,3770,4075,3885,-190,-136,-0.023869,-0.018368,17535.0,HIGH,LEFT,CENTER,35.1,55.0,22.49,0.52,11.69,1460,10,-0.716,-0.551
2026-09-10 16:26:15,2497569,-0.917494,-0.397748,263.195,27.297,263.195,27.297,3635,3761,4095,3859,-236,-126,-0.029671,-0.017036,17535.83,HIGH,LEFT,CENTER,35.1,55.0,19.11,0.461,8.81,1460,10,-0.89,-0.511
2026-09-10 16:26:16,2498252,-0.917523,-0.397682,263.197,27.295,263.197,27.295,3637,3770,4067,3865,-202,-133,-0.025466,-0.017956,17538.33,HIGH,LEFT,CENTER,35.1,55.0,19.26,0.744,14.33,1460,10,-0.764,-0.539
2026-09-10 16:26:17,2498940,-0.917552,-0.397615,263.198,27.292,263.198,27.292,3649,3772,4083,3856,-227,-123,-0.028593,-0.016575,17537.5,HIGH,LEFT,CENTER,35.1,54.9,20.22,0.448,9.06,1460,10,-0.858,-0.497
2026-09-10 16:26:17,2499624,-0.917552,-0.397615,263.199,27.289,263.199,27.289,3633,3764,4077,3858,-219,-131,-0.027599,-0.01771,17534.17,HIGH,LEFT,CENTER,35.1,54.9,20.91,0.795,16.62,1460,10,-0.828,-0.531
2026-09-10 16:26:18,2500307,-0.917581,-0.397548,263.201,27.287,263.201,27.287,3632,3765,4075,3863,-212,-133,-0.026707,-0.01798,17532.5,HIGH,LEFT,CENTER,35.1,54.9,21.71,0.696,15.11,1460,10,-0.801,-0.539
2026-09-10 16:26:19,2500995,-0.91761,-0.397482,263.202,27.284,263.202,27.284,3636,3774,4079,3861,-218,-138,-0.027456,-0.018623,17531.67,HIGH,LEFT,CENTER,35.1,55.1,20.21,0.246,4.97,1460,10,-0.824,-0.559
2026-09-10 16:26:19,2501679,-0.91761,-0.397482,263.203,27.282,263.203,27.282,3635,3767,4075,3861,-214,-132,-0.026966,-0.017833,17527.5,HIGH,LEFT,CENTER,35.1,55.1,20.78,0.751,15.61,1460,10,-0.809,-0.535
2026-09-10 16:26:20,2502362,-0.917639,-0.397415,263.204,27.279,263.204,27.279,3638,3767,4079,3884,-195,-129,-0.024488,-0.017421,17533.33,HIGH,LEFT,CENTER,35.1,55.1,22.48,0.181,4.07,1460,10,-0.735,-0.523
2026-09-10 16:26:21,2503050,-0.917668,-0.397348,263.206,27.276,263.206,27.276,3632,3770,4081,3863,-218,-138,-0.027442,-0.018644,17529.17,HIGH,LEFT,CENTER,35.0,55.1,18.22,0.672,12.24,1460,10,-0.823,-0.559
2026-09-10 16:26:21,2503734,-0.917668,-0.397348,263.207,27.274,263.207,27.274,3631,3760,4080,3857,-223,-129,-0.028096,-0.017454,17526.67,HIGH,LEFT,CENTER,35.0,55.1,19.51,0.366,7.14,1460,10,-0.843,-0.524
2026-09-10 16:26:22,2504417,-0.917697,-0.397281,263.208,27.271,263.208,27.271,3635,3773,4095,3858,-237,-138,-0.0298,-0.018629,17529.17,HIGH,LEFT,CENTER,35.0,55.1,22.28,0.715,15.93,1460,10,-0.894,-0.559
2026-09-10 16:26:23,2505105,-0.917726,-0.397215,263.21,27.268,263.21,27.268,3632,3728,4080,3882,-198,-96,-0.024868,-0.013043,17527.5,HIGH,LEFT,CENTER,35.0,55.0,23.37,0.708,16.55,1460,10,-0.746,-0.391
2026-09-10 16:26:23,2505789,-0.917726,-0.397215,263.211,27.266,263.211,27.266,3630,3764,4077,3888,-189,-134,-0.023729,-0.018123,17527.5,HIGH,LEFT,CENTER,35.0,55.0,21.07,0.664,13.99,1460,10,-0.712,-0.544
2026-09-10 16:26:24,2506472,-0.917755,-0.397148,263.212,27.263,263.212,27.263,3635,3763,4080,3856,-224,-128,-0.028226,-0.017302,17527.5,HIGH,LEFT,CENTER,35.0,55.0,21.19,0.653,13.84,1460,10,-0.847,-0.519
2026-09-10 16:26:25,2507160,-0.917784,-0.397081,263.213,27.261,263.213,27.261,3629,3767,4086,3861,-225,-138,-0.028313,-0.018659,17526.67,HIGH,LEFT,CENTER,35.0,54.9,18.64,0.313,5.83,1460,10,-0.849,-0.56
2026-09-10 16:26:25,2507844,-0.917784,-0.397081,263.215,27.258,263.215,27.258,3632,3770,4080,3889,-191,-138,-0.023968,-0.018644,17525.0,HIGH,LEFT,CENTER,35.0,54.9,20.68,0.157,3.25,1460,10,-0.719,-0.559
2026-09-10 16:26:26,2508527,-0.917812,-0.397014,263.216,27.255,263.216,27.255,3631,3761,4079,3879,-200,-130,-0.025132,-0.017587,17525.0,HIGH,LEFT,CENTER,35.0,54.9,21.2,0.382,8.1,1460,10,-0.754,-0.528
2026-09-10 16:26:27,2509215,-0.917841,-0.396948,263.217,27.253,263.217,27.253,3635,3763,4080,3863,-217,-128,-0.02732,-0.017302,17523.33,HIGH,LEFT,CENTER,35.0,54.8,19.45,0.221,4.3,1460,10,-0.82,-0.519
2026-09-10 16:26:27,2509899,-0.917841,-0.396948,263.219,27.25,263.219,27.25,3643,3766,4077,3862,-215,-123,-0.027081,-0.016601,17525.0,HIGH,LEFT,CENTER,35.0,54.8,19.62,0.586,11.5,1460,10,-0.812,-0.498
2026-09-10 16:26:28,2510582,-0.91787,-0.396881,263.22,27.248,263.22,27.248,3633,3762,4079,3856,-223,-129,-0.028103,-0.017444,17525.0,HIGH,LEFT,CENTER,35.0,54.8,20.26,0.342,6.93,1460,10,-0.843,-0.523
2026-09-10 16:26:29,2511270,-0.917899,-0.396814,263.221,27.245,263.221,27.245,3635,3766,4075,3890,-185,-131,-0.023227,-0.0177,17524.17,HIGH,LEFT,CENTER,35.0,55.0,18.12,0.783,14.19,1460,10,-0.697,-0.531
2026-09-10 16:26:30,2511954,-0.917928,-0.396747,263.222,27.242,263.222,27.242,3633,3754,4080,3893,-187,-121,-0.023454,-0.01638,17520.83,HIGH,LEFT,CENTER,35.0,55.0,19.93,0.549,10.94,1460,10,-0.704,-0.491
2026-09-10 16:26:30,2512637,-0.917928,-0.396747,263.224,27.24,263.224,27.24,3637,3773,4095,3859,-236,-136,-0.029671,-0.018354,17520.0,HIGH,LEFT,CENTER,35.0,55.0,19.27,0.676,13.03,1460,10,-0.89,-0.551
2026-09-10 16:26:31,2513325,-0.917957,-0.396681,263.225,27.237,263.225,27.237,3632,3765,4077,3900,-177,-133,-0.022189,-0.01798,17522.5,HIGH,LEFT,CENTER,35.0,55.3,19.96,0.193,3.85,1460,10,-0.666,-0.539
2026-09-10 16:26:32,2514009,-0.917986,-0.396614,263.226,27.235,263.226,27.235,3634,3770,4080,3855,-225,-136,-0.028355,-0.018368,17523.33,HIGH,LEFT,CENTER,35.0,55.3,18.72,0.703,13.16,1460,10,-0.851,-0.551
2026-09-10 16:26:32,2514692,-0.917986,-0.396614,263.228,27.232,263.228,27.232,3632,3782,4077,3861,-216,-150,-0.027211,-0.020232,17516.67,HIGH,LEFT,CENTER,35.0,55.3,23.34,0.746,17.41,1460,10,-0.816,-0.607
2026-09-10 16:26:33,2515380,-0.918014,-0.396547,263.229,27.229,263.229,27.229,3637,3769,4077,3859,-218,-132,-0.02747,-0.017823,17518.33,HIGH,LEFT,CENTER,35.0,55.6,21.56,0.441,9.51,1460,10,-0.824,-0.535
2026-09-10 16:26:34,2516064,-0.918043,-0.39648,263.23,27.227,263.23,27.227,3632,3760,4079,3857,-222,-128,-0.027974,-0.017316,17516.67,HIGH,LEFT,CENTER,35.0,55.6,22.07,0.524,11.56,1460,10,-0.839,-0.519
2026-09-10 16:26:34,2516747,-0.918043,-0.39648,263.231,27.224,263.231,27.224,3631,3765,4071,3862,-209,-134,-0.026346,-0.018118,17511.67,HIGH,LEFT,CENTER,35.0,55.6,22.74,0.635,14.44,1460,10,-0.79,-0.544
2026-09-10 16:26:35,2517435,-0.918072,-0.396414,263.233,27.222,263.233,27.222,3633,3767,4079,3854,-225,-134,-0.028363,-0.018108,17512.5,HIGH,LEFT,CENTER,35.0,56.0,20.99,0.222,4.66,1460,10,-0.851,-0.543
2026-09-10 16:26:36,2518119,-0.918101,-0.396347,263.234,27.219,263.234,27.219,3635,3778,4080,3862,-218,-143,-0.027449,-0.01929,17514.17,HIGH,LEFT,CENTER,35.0,56.0,18.52,0.452,8.37,1460,10,-0.823,-0.579
2026-09-10 16:26:36,2518802,-0.918101,-0.396347,263.235,27.216,263.235,27.216,3632,3792,4080,3854,-226,-160,-0.028485,-0.021552,17512.5,HIGH,LEFT,BOTTOM,35.0,56.0,21.22,0.379,8.04,1460,10,-0.855,-0.647
2026-09-10 16:26:37,2519490,-0.91813,-0.39628,263.237,27.214,263.237,27.214,3634,3760,4080,3858,-222,-126,-0.027967,-0.017041,17510.83,HIGH,LEFT,CENTER,35.0,55.9,21.52,0.202,4.35,1460,10,-0.839,-0.511
2026-09-10 16:26:38,2520174,-0.918158,-0.396213,263.238,27.211,263.238,27.211,3633,3762,4080,3855,-225,-129,-0.028355,-0.017444,17513.33,HIGH,LEFT,CENTER,35.0,55.9,22.47,0.357,8.02,1460,10,-0.851,-0.523
2026-09-10 16:26:38,2520857,-0.918158,-0.396213,263.239,27.209,263.239,27.209,3616,3766,4054,3858,-196,-150,-0.024772,-0.02032,17510.83,HIGH,LEFT,CENTER,35.0,55.9,20.59,0.148,3.05,1460,10,-0.743,-0.61
2026-09-10 16:26:39,2521545,-0.918187,-0.396147,263.24,27.206,263.24,27.206,3633,3779,4095,3858,-237,-146,-0.0298,-0.019698,17511.67,HIGH,LEFT,CENTER,35.0,56.0,18.77,0.118,2.21,1460,10,-0.894,-0.591
2026-09-10 16:26:40,2522229,-0.918216,-0.39608,263.242,27.203,263.242,27.203,3622,3769,4080,3859,-221,-147,-0.027837,-0.019889,17504.17,HIGH,LEFT,CENTER,35.0,56.0,19.7,0.195,3.84,1460,10,-0.835,-0.597
2026-09-10 16:26:40,2522912,-0.918216,-0.39608,263.243,27.201,263.243,27.201,3625,3770,4080,3856,-224,-145,-0.028226,-0.019608,17503.33,HIGH,LEFT,CENTER,35.0,56.0,20.18,0.774,15.62,1460,10,-0.847,-0.588
2026-09-10 16:26:41,2523600,-0.918245,-0.396013,263.244,27.198,263.244,27.198,3630,3696,4079,3863,-216,-66,-0.027197,-0.009009,17505.83,HIGH,LEFT,CENTER,35.0,56.1,21.88,0.485,10.61,1460,10,-0.816,-0.27
2026-09-10 16:26:42,2524284,-0.918274,-0.395946,263.246,27.196,263.246,27.196,3632,3765,4077,3863,-214,-133,-0.026952,-0.01798,17500.83,HIGH,LEFT,CENTER,35.0,56.1,21.42,0.776,16.62,1460,10,-0.809,-0.539
2026-09-10 16:26:43,2524967,-0.918302,-0.395879,263.247,27.193,263.247,27.193,3632,3763,4085,3865,-220,-131,-0.027673,-0.017715,17499.17,HIGH,LEFT,CENTER,35.0,56.1,20.14,0.403,8.12,1460,10,-0.83,-0.531
2026-09-10 16:26:43,2525655,-0.918302,-0.395879,263.248,27.19,263.248,27.19,3632,3763,4080,3892,-188,-131,-0.023583,-0.017715,17499.17,HIGH,LEFT,CENTER,35.0,56.1,23.92,0.318,7.61,1460,10,-0.707,-0.531
2026-09-10 16:26:44,2526339,-0.918331,-0.395813,263.249,27.188,263.249,27.188,3634,3760,4080,3873,-207,-126,-0.026028,-0.017041,17499.17,HIGH,LEFT,CENTER,35.0,56.1,21.63,0.454,9.82,1460,10,-0.781,-0.511
2026-09-10 16:26:45,2527022,-0.91836,-0.395746,263.251,27.185,263.251,27.185,3635,3761,4079,3856,-223,-126,-0.028103,-0.017036,17497.5,HIGH,LEFT,CENTER,35.0,56.1,19.42,0.408,7.92,1460,10,-0.843,-0.511
2026-09-10 16:26:45,2527710,-0.91836,-0.395746,263.252,27.182,263.252,27.182,3627,3765,4070,3856,-214,-138,-0.027,-0.018669,17496.67,HIGH,LEFT,CENTER,35.0,55.8,18.61,0.174,3.24,1460,10,-0.81,-0.56
2026-09-10 16:26:46,2528394,-0.918389,-0.395679,263.253,27.18,263.253,27.18,3632,3766,4095,3858,-237,-134,-0.0298,-0.018113,17497.5,HIGH,LEFT,CENTER,35.0,55.8,18.92,0.549,10.39,1460,10,-0.894,-0.543
2026-09-10 16:26:47,2529077,-0.918418,-0.395612,263.255,27.177,263.255,27.177,3632,3763,4087,3864,-223,-131,-0.028047,-0.017715,17494.17,HIGH,LEFT,CENTER,35.0,55.8,19.48,0.251,4.89,1460,10,-0.841,-0.531
2026-09-10 16:26:47,2529765,-0.918418,-0.395612,263.256,27.175,263.256,27.175,3632,3761,4079,3854,-225,-129,-0.028363,-0.017449,17497.5,HIGH,LEFT,CENTER,34.9,55.5,18.96,0.534,10.12,1460,10,-0.851,-0.523
2026-09-10 16:26:48,2530449,-0.918446,-0.395546,263.257,27.172,263.257,27.172,3632,3767,4080,3857,-223,-135,-0.028096,-0.018246,17492.5,HIGH,LEFT,CENTER,34.9,55.5,19.12,0.555,10.61,1460,10,-0.843,-0.547
2026-09-10 16:26:49,2531132,-0.918475,-0.395479,263.258,27.169,263.258,27.169,3632,3765,4095,3861,-234,-133,-0.029412,-0.01798,17492.5,HIGH,LEFT,CENTER,34.9,55.5,19.71,0.206,4.06,1460,10,-0.882,-0.539
2026-09-10 16:26:49,2531820,-0.918475,-0.395479,263.26,27.167,263.26,27.167,3633,3763,4075,3849,-226,-130,-0.028521,-0.017577,17490.0,HIGH,LEFT,CENTER,35.0,55.2,19.04,0.143,2.72,1460,10,-0.856,-0.527
2026-09-10 16:26:50,2532504,-0.918504,-0.395412,263.261,27.164,263.261,27.164,3632,3766,4081,3847,-234,-134,-0.029516,-0.018113,17488.33,HIGH,LEFT,CENTER,35.0,55.2,23.38,0.647,15.13,1460,10,-0.885,-0.543
2026-09-10 16:26:51,2533187,-0.918533,-0.395345,263.262,27.162,263.262,27.162,3632,3790,4075,3857,-218,-158,-0.027484,-0.021288,17483.33,HIGH,LEFT,BOTTOM,35.0,55.2,18.48,0.422,7.8,1460,10,-0.825,-0.639
2026-09-10 16:26:51,2533875,-0.918533,-0.395345,263.263,27.159,263.263,27.159,3633,3760,4075,3859,-216,-127,-0.027225,-0.017178,17483.33,HIGH,LEFT,CENTER,34.9,55.0,21.15,0.141,2.98,1460,10,-0.817,-0.515
2026-09-10 16:26:52,2534559,-0.918561,-0.395278,263.265,27.156,263.265,27.156,3632,3763,4079,3862,-217,-131,-0.027327,-0.017715,17484.17,HIGH,LEFT,CENTER,34.9,55.0,20.46,0.796,16.29,1460,10,-0.82,-0.531
2026-09-10 16:26:53,2535242,-0.91859,-0.395212,263.266,27.154,263.266,27.154,3631,3765,4093,3861,-232,-134,-0.029168,-0.018118,17482.5,HIGH,LEFT,CENTER,34.9,55.0,23.89,0.14,3.34,1460,10,-0.875,-0.544
2026-09-10 16:26:53,2535930,-0.91859,-0.395212,263.267,27.151,263.267,27.151,3631,3761,4078,3861,-217,-130,-0.027333,-0.017587,17482.5,HIGH,LEFT,CENTER,34.9,54.9,18.67,0.587,10.96,1460,10,-0.82,-0.528
2026-09-10 16:26:54,2536614,-0.918619,-0.395145,263.269,27.149,263.269,27.149,3632,3832,4080,3854,-226,-200,-0.028485,-0.026795,17483.33,HIGH,LEFT,BOTTOM,34.9,54.9,20.39,0.789,16.09,1460,10,-0.855,-0.804
2026-09-10 16:26:55,2537297,-0.918648,-0.395078,263.27,27.146,263.27,27.146,3639,3808,4079,3888,-191,-169,-0.023974,-0.022694,17479.17,HIGH,LEFT,BOTTOM,34.9,54.9,23.82,0.267,6.36,1460,10,-0.719,-0.681
2026-09-10 16:26:56,2537985,-0.918676,-0.395011,263.271,27.143,263.271,27.143,3632,3765,4069,3886,-183,-133,-0.023004,-0.01798,17478.33,HIGH,LEFT,CENTER,34.9,54.7,23.19,0.2,4.64,1460,10,-0.69,-0.539
2026-09-10 16:26:56,2538669,-0.918676,-0.395011,263.272,27.141,263.272,27.141,3632,3763,4079,3861,-218,-131,-0.027456,-0.017715,17480.0,HIGH,LEFT,CENTER,34.9,54.7,22.9,0.185,4.24,1460,10,-0.824,-0.531
2026-09-10 16:26:57,2539352,-0.918705,-0.394944,263.274,27.138,263.274,27.138,3632,3765,4073,3890,-183,-133,-0.022981,-0.01798,17478.33,HIGH,LEFT,CENTER,34.9,54.7,19.55,0.312,6.1,1460,10,-0.689,-0.539
2026-09-10 16:26:58,2540040,-0.918734,-0.394877,263.275,27.136,263.275,27.136,3630,3769,4075,3866,-209,-139,-0.026319,-0.018786,17473.33,HIGH,LEFT,CENTER,34.9,54.7,19.03,0.171,3.25,1460,10,-0.79,-0.564
2026-09-10 16:26:58,2540724,-0.918734,-0.394877,263.276,27.133,263.276,27.133,3632,3761,4082,3856,-226,-129,-0.028471,-0.017449,17474.17,HIGH,LEFT,CENTER,34.9,54.7,22.01,0.585,12.88,1460,10,-0.854,-0.523
2026-09-10 16:26:59,2541407,-0.918763,-0.394811,263.278,27.13,263.278,27.13,3632,3766,4079,3859,-220,-134,-0.027715,-0.018113,17477.5,HIGH,LEFT,CENTER,34.9,54.7,23.58,0.144,3.4,1460,10,-0.831,-0.543
2026-09-10 16:27:00,2542095,-0.918791,-0.394744,263.279,27.128,263.279,27.128,3634,3768,4078,3891,-187,-134,-0.023466,-0.018103,17480.0,HIGH,LEFT,CENTER,34.9,54.7,21.34,0.457,9.75,1460,10,-0.704,-0.543
2026-09-10 16:27:00,2542779,-0.918791,-0.394744,263.28,27.125,263.28,27.125,3632,3763,4075,3856,-219,-131,-0.027613,-0.017715,17483.33,HIGH,LEFT,CENTER,34.9,54.7,21.43,0.798,17.1,1460,10,-0.828,-0.531
2026-09-10 16:27:01,2543462,-0.91882,-0.394677,263.281,27.123,263.281,27.123,3632,3760,4081,3870,-211,-128,-0.026538,-0.017316,17473.33,HIGH,LEFT,CENTER,34.9,54.7,19.68,0.67,13.19,1460,10,-0.796,-0.519
2026-09-10 16:27:02,2544150,-0.918849,-0.39461,263.283,27.12,263.283,27.12,3633,3773,4082,3862,-220,-140,-0.027694,-0.018904,17467.5,HIGH,LEFT,CENTER,34.9,54.6,22.62,0.531,12.01,1460,10,-0.831,-0.567
2026-09-10 16:27:02,2544834,-0.918849,-0.39461,263.284,27.117,263.284,27.117,3621,3760,4078,3863,-215,-139,-0.027075,-0.018832,17470.0,HIGH,LEFT,CENTER,34.9,54.6,19.12,0.314,6.0,1460,10,-0.812,-0.565
2026-09-10 16:27:03,2545517,-0.918877,-0.394543,263.285,27.115,263.285,27.115,3632,3760,4080,3856,-224,-128,-0.028226,-0.017316,17471.67,HIGH,LEFT,CENTER,34.9,54.6,19.94,0.537,10.71,1460,10,-0.847,-0.519
2026-09-10 16:27:04,2546205,-0.918906,-0.394477,263.287,27.112,263.287,27.112,3632,3766,4075,3858,-217,-134,-0.027354,-0.018113,17471.67,HIGH,LEFT,CENTER,34.9,54.9,20.55,0.469,9.64,1460,10,-0.821,-0.543
2026-09-10 16:27:04,2546889,-0.918906,-0.394477,263.288,27.11,263.288,27.11,3631,3760,4079,3862,-217,-129,-0.027327,-0.017454,17472.5,HIGH,LEFT,CENTER,34.9,54.9,21.05,0.398,8.38,1460,10,-0.82,-0.524
2026-09-10 16:27:05,2547572,-0.918935,-0.39441,263.289,27.107,263.289,27.107,3632,3763,4081,3857,-224,-131,-0.028219,-0.017715,17469.17,HIGH,LEFT,CENTER,34.9,54.9,19.45,0.191,3.71,1460,10,-0.847,-0.531
2026-09-10 16:27:06,2548260,-0.918963,-0.394343,263.29,27.104,263.29,27.104,3603,3794,4076,3851,-225,-191,-0.028384,-0.025821,17474.17,HIGH,LEFT,BOTTOM,34.9,54.9,18.69,0.721,13.48,1460,10,-0.852,-0.775
2026-09-10 16:27:07,2548944,-0.918992,-0.394276,263.292,27.102,263.292,27.102,3631,3759,4080,3857,-223,-128,-0.028096,-0.017321,17471.67,HIGH,LEFT,CENTER,34.9,54.9,21.66,0.415,8.99,1460,10,-0.843,-0.52
2026-09-10 16:27:07,2549627,-0.918992,-0.394276,263.293,27.099,263.293,27.099,3629,3760,4077,3861,-216,-131,-0.027211,-0.017729,17470.0,HIGH,LEFT,CENTER,34.9,54.9,19.73,0.236,4.66,1460,10,-0.816,-0.532
2026-09-10 16:27:08,2550315,-0.919021,-0.394209,263.294,27.096,263.294,27.096,3655,3757,4080,3886,-194,-102,-0.024354,-0.013761,17469.17,HIGH,LEFT,CENTER,34.9,54.9,21.49,0.357,7.67,1460,10,-0.731,-0.413
2026-09-10 16:27:09,2550999,-0.919049,-0.394142,263.296,27.094,263.296,27.094,3619,3766,4080,3861,-219,-147,-0.027578,-0.019905,17474.17,HIGH,LEFT,CENTER,34.9,54.9,18.93,0.39,7.38,1460,10,-0.827,-0.597
2026-09-10 16:27:09,2551682,-0.919049,-0.394142,263.297,27.091,263.297,27.091,3627,3763,4059,3854,-205,-136,-0.025907,-0.018403,17471.67,HIGH,LEFT,CENTER,34.9,54.9,20.89,0.679,14.18,1460,10,-0.777,-0.552
2026-09-10 16:27:10,2552370,-0.919078,-0.394076,263.298,27.089,263.298,27.089,3639,3779,4078,3841,-237,-140,-0.029928,-0.018873,17470.83,HIGH,LEFT,CENTER,34.9,55.0,21.2,0.614,13.02,1460,10,-0.898,-0.566
2026-09-10 16:27:11,2553054,-0.919107,-0.394009,263.299,27.086,263.299,27.086,3623,3760,4080,3850,-230,-137,-0.029004,-0.018556,17469.17,HIGH,LEFT,CENTER,34.9,55.0,18.31,0.639,11.7,1460,10,-0.87,-0.557
2026-09-10 16:27:11,2553737,-0.919107,-0.394009,263.301,27.083,263.301,27.083,3631,3767,4080,3859,-221,-136,-0.027837,-0.018383,17462.5,HIGH,LEFT,CENTER,34.9,55.0,20.02,0.108,2.16,1460,10,-0.835,-0.551
2026-09-10 16:27:12,2554425,-0.919135,-0.393942,263.302,27.081,263.302,27.081,3602,3771,4077,3859,-218,-169,-0.02747,-0.022921,17458.33,HIGH,LEFT,BOTTOM,34.9,55.1,18.81,0.391,7.35,1460,10,-0.824,-0.688
2026-09-10 16:27:13,2555109,-0.919164,-0.393875,263.303,27.078,263.303,27.078,3628,3761,4079,3867,-212,-133,-0.02668,-0.018,17461.67,HIGH,LEFT,CENTER,34.9,55.1,18.38,0.437,8.03,1460,10,-0.8,-0.54
2026-09-10 16:27:13,2555792,-0.919164,-0.393875,263.304,27.076,263.304,27.076,3615,3766,4080,3856,-224,-151,-0.028226,-0.020458,17455.83,HIGH,LEFT,BOTTOM,34.9,55.1,23.94,0.113,2.71,1460,10,-0.847,-0.614
2026-09-10 16:27:14,2556480,-0.919193,-0.393808,263.306,27.073,263.306,27.073,3632,3760,4080,3856,-224,-128,-0.028226,-0.017316,17465.0,HIGH,LEFT,CENTER,34.9,55.0,19.93,0.282,5.62,1460,10,-0.847,-0.519
2026-09-10 16:27:15,2557164,-0.919221,-0.393741,263.307,27.07,263.307,27.07,3632,3766,4081,3865,-216,-134,-0.027183,-0.018113,17467.5,HIGH,LEFT,CENTER,34.9,55.0,22.86,0.632,14.45,1460,10,-0.815,-0.543
2026-09-10 16:27:15,2557847,-0.919221,-0.393741,263.308,27.068,263.308,27.068,3630,3763,4077,3861,-216,-133,-0.027211,-0.01799,17474.17,HIGH,LEFT,CENTER,34.9,55.0,19.53,0.196,3.83,1460,10,-0.816,-0.54
2026-09-10 16:27:16,2558535,-0.91925,-0.393675,263.31,27.065,263.31,27.065,3632,3760,4080,3857,-223,-128,-0.028096,-0.017316,17470.83,HIGH,LEFT,CENTER,34.8,54.8,22.09,0.475,10.49,1460,10,-0.843,-0.519
2026-09-10 16:27:17,2559219,-0.919279,-0.393608,263.311,27.063,263.311,27.063,3632,3761,4080,3866,-214,-129,-0.026932,-0.017449,17466.67,HIGH,LEFT,CENTER,34.8,54.8,22.56,0.251,5.66,1460,10,-0.808,-0.523
2026-09-10 16:27:17,2559902,-0.919279,-0.393608,263.312,27.06,263.312,27.06,3625,3755,4080,3854,-226,-130,-0.028485,-0.017615,17465.83,HIGH,LEFT,CENTER,34.8,54.8,21.57,0.108,2.33,1460,10,-0.855,-0.528
2026-09-10 16:27:18,2560590,-0.919307,-0.393541,263.313,27.057,263.313,27.057,3632,3760,4071,3860,-211,-128,-0.026604,-0.017316,17462.5,HIGH,LEFT,CENTER,34.8,54.7,20.83,0.269,5.6,1460,10,-0.798,-0.519
2026-09-10 16:27:19,2561274,-0.919336,-0.393474,263.315,27.055,263.315,27.055,3630,3763,4074,3889,-185,-133,-0.023232,-0.01799,17465.0,HIGH,LEFT,CENTER,34.8,54.7,20.47,0.783,16.03,1460,10,-0.697,-0.54
2026-09-10 16:27:20,2561957,-0.919364,-0.393407,263.316,27.052,263.316,27.052,3631,3763,4070,3856,-214,-132,-0.027,-0.017852,17468.33,HIGH,LEFT,CENTER,34.8,54.7,20.09,0.661,13.28,1460,10,-0.81,-0.536
2026-09-10 16:27:20,2562645,-0.919364,-0.393407,263.317,27.05,263.317,27.05,3629,3762,4080,3860,-220,-133,-0.027708,-0.017995,17466.67,HIGH,LEFT,CENTER,34.8,54.5,23.58,0.772,18.2,1460,10,-0.831,-0.54
2026-09-10 16:27:21,2563328,-0.919393,-0.39334,263.319,27.047,263.319,27.047,3631,3760,4075,3858,-217,-129,-0.027354,-0.017454,17464.17,HIGH,LEFT,CENTER,34.8,54.5,22.98,0.441,10.13,1460,10,-0.821,-0.524
2026-09-10 16:27:22,2564011,-0.919422,-0.393273,263.32,27.044,263.32,27.044,3630,3766,4082,3859,-223,-136,-0.028082,-0.018388,17460.83,HIGH,LEFT,CENTER,34.8,54.5,23.79,0.177,4.21,1460,10,-0.842,-0.552
2026-09-10 16:27:22,2564699,-0.919422,-0.393273,263.321,27.042,263.321,27.042,3632,3765,4080,3861,-219,-133,-0.027578,-0.01798,17465.0,HIGH,LEFT,CENTER,34.7,54.4,18.75,0.484,9.07,1460,10,-0.827,-0.539
2026-09-10 16:27:23,2565383,-0.91945,-0.393207,263.322,27.039,263.322,27.039,3631,3760,4070,3871,-199,-129,-0.02506,-0.017454,17462.5,HIGH,LEFT,CENTER,34.7,54.4,22.39,0.418,9.36,1460,10,-0.752,-0.524
2026-09-10 16:27:24,2566066,-0.919479,-0.39314,263.324,27.037,263.324,27.037,3630,3764,4074,3861,-213,-134,-0.026843,-0.018123,17461.67,HIGH,LEFT,CENTER,34.7,54.4,23.63,0.691,16.33,1460,10,-0.805,-0.544
2026-09-10 16:27:24,2566754,-0.919479,-0.39314,263.325,27.034,263.325,27.034,3631,3761,4077,3859,-218,-130,-0.02747,-0.017587,17469.17,HIGH,LEFT,CENTER,34.7,54.4,19.09,0.169,3.23,1460,10,-0.824,-0.528
2026-09-10 16:27:25,2567438,-0.919507,-0.393073,263.326,27.031,263.326,27.031,3627,3760,4080,3873,-207,-133,-0.026028,-0.018005,17460.83,HIGH,LEFT,CENTER,34.7,54.4,18.4,0.442,8.13,1460,10,-0.781,-0.54
2026-09-10 16:27:26,2568121,-0.919536,-0.393006,263.328,27.029,263.328,27.029,3629,3760,4077,3890,-187,-131,-0.023472,-0.017729,17463.33,HIGH,LEFT,CENTER,34.7,54.4,22.45,0.205,4.6,1460,10,-0.704,-0.532
2026-09-10 16:27:26,2568809,-0.919536,-0.393006,263.329,27.026,263.329,27.026,3626,3792,4095,3862,-233,-166,-0.029282,-0.022378,17462.5,HIGH,LEFT,BOTTOM,34.7,54.4,21.45,0.327,7.01,1460,10,-0.878,-0.671
2026-09-10 16:27:27,2569493,-0.919565,-0.392939,263.33,27.024,263.33,27.024,3618,3767,4059,3856,-203,-149,-0.025648,-0.020176,17467.5,HIGH,LEFT,CENTER,34.7,54.4,23.05,0.616,14.2,1460,10,-0.769,-0.605
2026-09-10 16:27:28,2570176,-0.919593,-0.392872,263.331,27.021,263.331,27.021,3627,3767,4080,3861,-219,-140,-0.027578,-0.018934,17465.83,HIGH,LEFT,CENTER,34.7,54.4,18.84,0.433,8.16,1460,10,-0.827,-0.568
2026-09-10 16:27:28,2570864,-0.919593,-0.392872,263.333,27.018,263.333,27.018,3631,3765,4081,3855,-226,-134,-0.028478,-0.018118,17469.17,HIGH,LEFT,CENTER,34.7,54.5,22.77,0.363,8.27,1460,10,-0.854,-0.544
2026-09-10 16:27:29,2571548,-0.919622,-0.392805,263.334,27.016,263.334,27.016,3620,3761,4080,3855,-225,-141,-0.028355,-0.019103,17460.83,HIGH,LEFT,CENTER,34.7,54.5,19.21,0.376,7.22,1460,10,-0.851,-0.573
2026-09-10 16:27:30,2572231,-0.91965,-0.392738,263.335,27.013,263.335,27.013,3630,3760,4077,3894,-183,-130,-0.022958,-0.017591,17465.83,HIGH,LEFT,CENTER,34.7,54.5,18.98,0.422,8.01,1460,10,-0.689,-0.528
2026-09-10 16:27:30,2572919,-0.91965,-0.392738,263.336,27.01,263.336,27.01,3619,3762,4074,3855,-219,-143,-0.02762,-0.019374,17459.17,HIGH,LEFT,CENTER,34.6,54.6,18.99,0.65,12.34,1460,10,-0.829,-0.581
2026-09-10 16:27:31,2573603,-0.919679,-0.392672,263.338,27.008,263.338,27.008,3625,3759,4078,3851,-227,-134,-0.028629,-0.018147,17464.17,HIGH,LEFT,CENTER,34.6,54.6,22.89,0.724,16.57,1460,10,-0.859,-0.544
2026-09-10 16:27:32,2574286,-0.919707,-0.392605,263.339,27.005,263.339,27.005,3626,3760,4078,3856,-222,-134,-0.027981,-0.018142,17458.33,HIGH,LEFT,CENTER,34.6,54.6,21.99,0.769,16.91,1460,10,-0.839,-0.544
2026-09-10 16:27:33,2574974,-0.919736,-0.392538,263.34,27.003,263.34,27.003,3623,3759,4070,3840,-230,-136,-0.029077,-0.018423,17459.17,HIGH,LEFT,CENTER,34.6,54.6,21.14,0.651,13.76,1460,10,-0.872,-0.553
2026-09-10 16:27:33,2575658,-0.919736,-0.392538,263.342,27.0,263.342,27.0,3627,3760,4075,3889,-186,-133,-0.023355,-0.018005,17460.83,HIGH,LEFT,CENTER,34.6,54.6,20.15,0.321,6.47,1460,10,-0.701,-0.54
2026-09-10 16:27:34,2576341,-0.919764,-0.392471,263.343,26.997,263.343,26.997,3633,3763,4080,3856,-224,-130,-0.028226,-0.017577,17454.17,HIGH,LEFT,CENTER,34.6,54.6,23.26,0.582,13.54,1460,10,-0.847,-0.527
2026-09-10 16:27:35,2577029,-0.919793,-0.392404,263.344,26.995,263.344,26.995,3620,3761,4077,3852,-225,-141,-0.028377,-0.019103,17456.67,HIGH,LEFT,CENTER,34.6,54.6,20.35,0.406,8.26,1460,10,-0.851,-0.573
2026-09-10 16:27:35,2577713,-0.919793,-0.392404,263.345,26.992,263.345,26.992,3619,3762,4080,3859,-221,-143,-0.027837,-0.019374,17465.83,HIGH,LEFT,CENTER,34.6,54.6,22.9,0.278,6.37,1460,10,-0.835,-0.581
2026-09-10 16:27:36,2578396,-0.919821,-0.392337,263.347,26.99,263.347,26.99,3629,3760,4081,3851,-230,-131,-0.028996,-0.017729,17463.33,HIGH,LEFT,CENTER,34.6,54.6,20.63,0.689,14.21,1460,10,-0.87,-0.532
2026-09-10 16:27:37,2579084,-0.91985,-0.39227,263.348,26.987,263.348,26.987,3633,3750,4079,3856,-223,-117,-0.028103,-0.015847,17462.5,HIGH,LEFT,CENTER,34.6,54.7,20.26,0.127,2.57,1460,10,-0.843,-0.475
2026-09-10 16:27:37,2579767,-0.91985,-0.39227,263.349,26.984,263.349,26.984,3626,3760,4073,3855,-218,-134,-0.027497,-0.018142,17460.83,HIGH,LEFT,CENTER,34.6,54.7,20.78,0.731,15.19,1460,10,-0.825,-0.544
2026-09-10 16:27:38,2580450,-0.919879,-0.392203,263.351,26.982,263.351,26.982,3627,3766,4073,3863,-210,-139,-0.026462,-0.018802,17460.83,HIGH,LEFT,CENTER,34.6,54.7,19.81,0.423,8.38,1460,10,-0.794,-0.564
2026-09-10 16:27:39,2581138,-0.919907,-0.392136,263.352,26.979,263.352,26.979,3623,3760,4080,3858,-222,-137,-0.027967,-0.018556,17462.5,HIGH,LEFT,CENTER,34.6,54.7,22.49,0.546,12.28,1460,10,-0.839,-0.557
2026-09-10 16:27:39,2581821,-0.919907,-0.392136,263.353,26.977,263.353,26.977,3619,3760,4078,3855,-223,-141,-0.02811,-0.019108,17454.17,HIGH,LEFT,CENTER,34.6,54.7,21.02,0.562,11.81,1460,10,-0.843,-0.573
2026-09-10 16:27:40,2582504,-0.919936,-0.39207,263.354,26.974,263.354,26.974,3630,3744,4082,3858,-224,-114,-0.028212,-0.01546,17460.0,HIGH,LEFT,CENTER,34.6,54.7,19.39,0.727,14.1,1460,10,-0.846,-0.464
2026-09-10 16:27:41,2583192,-0.919964,-0.392003,263.356,26.971,263.356,26.971,3625,3762,4095,3861,-234,-137,-0.029412,-0.018546,17460.83,HIGH,LEFT,CENTER,34.5,54.8,23.4,0.546,12.78,1460,10,-0.882,-0.556
2026-09-10 16:27:41,2583875,-0.919964,-0.392003,263.357,26.969,263.357,26.969,3626,3761,4095,3886,-209,-135,-0.026187,-0.018275,17457.5,HIGH,LEFT,CENTER,34.5,54.8,20.3,0.53,10.76,1460,10,-0.786,-0.548
2026-09-10 16:27:42,2584558,-0.919993,-0.391936,263.358,26.966,263.358,26.966,3619,3728,4078,3886,-192,-109,-0.024108,-0.014836,17458.33,HIGH,LEFT,CENTER,34.5,54.8,21.26,0.147,3.13,1460,10,-0.723,-0.445
2026-09-10 16:27:43,2585246,-0.920021,-0.391869,263.359,26.964,263.359,26.964,3631,3760,4075,3874,-201,-129,-0.025286,-0.017454,17475.0,HIGH,LEFT,CENTER,34.5,54.9,23.44,0.463,10.85,1460,10,-0.759,-0.524
2026-09-10 16:27:43,2585930,-0.920021,-0.391869,263.361,26.961,263.361,26.961,3629,3766,4080,3856,-224,-137,-0.028226,-0.018526,17475.0,HIGH,LEFT,CENTER,34.5,54.9,21.75,0.205,4.46,1460,10,-0.847,-0.556
2026-09-10 16:27:44,2586613,-0.92005,-0.391802,263.362,26.958,263.362,26.958,3626,3760,4070,3856,-214,-134,-0.027,-0.018142,17470.83,HIGH,LEFT,CENTER,34.5,54.9,18.7,0.616,11.52,1460,10,-0.81,-0.544
2026-09-10 16:27:45,2587301,-0.920078,-0.391735,263.363,26.956,263.363,26.956,3633,3760,4077,3858,-219,-127,-0.027599,-0.017178,17469.17,HIGH,LEFT,CENTER,34.5,55.0,23.64,0.459,10.85,1460,10,-0.828,-0.515
2026-09-10 16:27:46,2587985,-0.920107,-0.391668,263.365,26.953,263.365,26.953,3622,3760,4079,3854,-225,-138,-0.028363,-0.018694,17474.17,HIGH,LEFT,CENTER,34.5,55.0,21.77,0.576,12.54,1460,10,-0.851,-0.561
2026-09-10 16:27:46,2588668,-0.920107,-0.391668,263.366,26.951,263.366,26.951,3618,3760,4077,3853,-224,-142,-0.028247,-0.019246,17476.67,HIGH,LEFT,CENTER,34.5,55.0,20.01,0.129,2.58,1460,10,-0.847,-0.577
2026-09-10 16:27:47,2589356,-0.920135,-0.391601,263.367,26.948,263.367,26.948,3622,3760,4095,3861,-234,-138,-0.029412,-0.018694,17471.67,HIGH,LEFT,CENTER,34.4,55.0,18.84,0.159,3.0,1460,10,-0.882,-0.561
2026-09-10 16:27:48,2590039,-0.920164,-0.391534,263.368,26.945,263.368,26.945,3619,3760,4080,3906,-174,-141,-0.021788,-0.019108,17471.67,HIGH,LEFT,CENTER,34.4,55.0,22.76,0.601,13.68,1460,10,-0.654,-0.573
2026-09-10 16:27:48,2590722,-0.920164,-0.391534,263.37,26.943,263.37,26.943,3625,3759,4081,3859,-222,-134,-0.02796,-0.018147,17473.33,HIGH,LEFT,CENTER,34.4,55.0,21.72,0.15,3.26,1460,10,-0.839,-0.544
2026-09-10 16:27:49,2591410,-0.920192,-0.391467,263.371,26.94,263.371,26.94,3629,3760,4071,3857,-214,-131,-0.026993,-0.017729,17471.67,HIGH,LEFT,CENTER,34.4,55.2,21.2,0.15,3.18,1460,10,-0.81,-0.532
2026-09-10 16:27:50,2592093,-0.92022,-0.3914,263.372,26.937,263.372,26.937,3623,3760,4077,3889,-188,-137,-0.0236,-0.018556,17475.0,HIGH,LEFT,CENTER,34.4,55.2,23.36,0.108,2.52,1460,10,-0.708,-0.557
2026-09-10 16:27:50,2592776,-0.92022,-0.3914,263.374,26.935,263.374,26.935,3625,3760,4073,3861,-212,-135,-0.02672,-0.01828,17474.17,HIGH,LEFT,CENTER,34.4,55.2,22.73,0.77,17.5,1460,10,-0.802,-0.548
2026-09-10 16:27:51,2593464,-0.920249,-0.391334,263.375,26.932,263.375,26.932,3634,3760,4075,3856,-219,-126,-0.027613,-0.017041,17471.67,HIGH,LEFT,CENTER,34.4,55.4,18.91,0.616,11.65,1460,10,-0.828,-0.511
2026-09-10 16:27:52,2594148,-0.920277,-0.391267,263.376,26.93,263.376,26.93,3617,3760,4079,3856,-223,-143,-0.028103,-0.019385,17471.67,HIGH,LEFT,CENTER,34.4,55.4,19.87,0.347,6.89,1460,10,-0.843,-0.582
2026-09-10 16:27:52,2594831,-0.920277,-0.391267,263.377,26.927,263.377,26.927,3622,3759,4085,3859,-226,-137,-0.028449,-0.018561,17468.33,HIGH,LEFT,CENTER,34.4,55.4,19.49,0.308,6.0,1460,10,-0.853,-0.557
2026-09-10 16:27:53,2595519,-0.920306,-0.3912,263.379,26.924,263.379,26.924,3625,3759,4065,3859,-206,-134,-0.025997,-0.018147,17468.33,HIGH,LEFT,CENTER,34.4,55.5,22.46,0.345,7.75,1460,10,-0.78,-0.544
2026-09-10 16:27:54,2596203,-0.920334,-0.391133,263.38,26.922,263.38,26.922,3628,3760,4095,3858,-237,-132,-0.0298,-0.017867,17470.0,HIGH,LEFT,CENTER,34.4,55.5,18.2,0.642,11.68,1460,10,-0.894,-0.536
2026-09-10 16:27:54,2596886,-0.920334,-0.391133,263.381,26.919,263.381,26.919,3630,3757,4078,3882,-196,-127,-0.024623,-0.017192,17468.33,HIGH,LEFT,CENTER,34.4,55.5,21.42,0.563,12.06,1460,10,-0.739,-0.516
2026-09-10 16:27:55,2597574,-0.920363,-0.391066,263.382,26.917,263.382,26.917,3627,3758,4085,3861,-224,-131,-0.02819,-0.017739,17467.5,HIGH,LEFT,CENTER,34.4,55.6,22.57,0.23,5.19,1460,10,-0.846,-0.532
2026-09-10 16:27:56,2598258,-0.920391,-0.390999,263.384,26.914,263.384,26.914,3625,3759,4076,3856,-220,-134,-0.027736,-0.018147,17469.17,HIGH,LEFT,CENTER,34.4,55.6,23.26,0.222,5.16,1460,10,-0.832,-0.544
2026-09-10 16:27:57,2598941,-0.92042,-0.390932,263.385,26.911,263.385,26.911,3626,3747,4071,3888,-183,-121,-0.022993,-0.016411,17472.5,HIGH,LEFT,CENTER,34.4,55.6,20.05,0.169,3.39,1460,10,-0.69,-0.492
2026-09-10 16:27:57,2599629,-0.92042,-0.390932,263.386,26.909,263.386,26.909,3621,3755,4080,3891,-189,-134,-0.023711,-0.018167,17470.0,HIGH,LEFT,CENTER,34.4,55.6,22.93,0.562,12.89,1460,10,-0.711,-0.545
2026-09-10 16:27:58,2600313,-0.920448,-0.390865,263.388,26.906,263.388,26.906,3615,3760,4080,3856,-224,-145,-0.028226,-0.019661,17471.67,HIGH,LEFT,CENTER,34.4,55.6,18.66,0.635,11.85,1460,10,-0.847,-0.59
2026-09-10 16:27:59,2600996,-0.920476,-0.390798,263.389,26.904,263.389,26.904,3627,3776,4095,3858,-237,-149,-0.0298,-0.020127,17472.5,HIGH,LEFT,CENTER,34.4,55.6,23.08,0.286,6.6,1460,10,-0.894,-0.604
2026-09-10 16:27:59,2601684,-0.920476,-0.390798,263.39,26.901,263.39,26.901,3615,3760,4080,3857,-223,-145,-0.028096,-0.019661,17477.5,HIGH,LEFT,CENTER,34.4,55.7,18.76,0.115,2.16,1460,10,-0.843,-0.59
2026-09-10 16:28:00,2602368,-0.920505,-0.390731,263.391,26.898,263.391,26.898,3622,3760,4079,3854,-225,-138,-0.028363,-0.018694,17475.0,HIGH,LEFT,CENTER,34.4,55.7,20.38,0.158,3.22,1460,10,-0.851,-0.561
2026-09-10 16:28:01,2603051,-0.920533,-0.390664,263.393,26.896,263.393,26.896,3613,3759,4080,3856,-224,-146,-0.028226,-0.019805,17476.67,HIGH,LEFT,CENTER,34.4,55.7,22.78,0.778,17.72,1460,10,-0.847,-0.594
2026-09-10 16:28:01,2603739,-0.920533,-0.390664,263.394,26.893,263.394,26.893,3619,3759,4095,3856,-239,-140,-0.030059,-0.018975,17473.33,HIGH,LEFT,CENTER,34.4,55.9,18.9,0.307,5.8,1460,10,-0.902,-0.569
2026-09-10 16:28:02,2604423,-0.920562,-0.390597,263.395,26.891,263.395,26.891,3625,3760,4075,3856,-219,-135,-0.027613,-0.01828,17472.5,HIGH,LEFT,CENTER,34.4,55.9,19.38,0.638,12.36,1460,10,-0.828,-0.548
2026-09-10 16:28:03,2605106,-0.92059,-0.39053,263.397,26.888,263.397,26.888,3616,3759,4078,3888,-190,-143,-0.023851,-0.01939,17474.17,HIGH,LEFT,CENTER,34.4,55.9,22.33,0.537,11.99,1460,10,-0.716,-0.582
2026-09-10 16:28:03,2605794,-0.92059,-0.39053,263.398,26.885,263.398,26.885,3617,3758,4081,3855,-226,-141,-0.028478,-0.019119,17475.83,HIGH,LEFT,CENTER,34.4,56.1,22.32,0.367,8.19,1460,10,-0.854,-0.574
2026-09-10 16:28:04,2606478,-0.920618,-0.390463,263.399,26.883,263.399,26.883,3583,3760,4095,3855,-240,-177,-0.030189,-0.024105,17476.67,HIGH,LEFT,BOTTOM,34.4,56.1,21.85,0.244,5.33,1460,10,-0.906,-0.723
2026-09-10 16:28:05,2607161,-0.920647,-0.390396,263.4,26.88,263.4,26.88,3623,3702,4073,3857,-216,-79,-0.027238,-0.010785,17475.83,HIGH,LEFT,CENTER,34.4,56.1,22.16,0.185,4.1,1460,10,-0.817,-0.324
2026-09-10 16:28:05,2607849,-0.920647,-0.390396,263.402,26.878,263.402,26.878,3616,3759,4069,3849,-220,-143,-0.027785,-0.01939,17473.33,HIGH,LEFT,CENTER,34.4,56.1,21.26,0.531,11.29,1460,10,-0.834,-0.582
2026-09-10 16:28:06,2608533,-0.920675,-0.390329,263.403,26.875,263.403,26.875,3622,3759,4080,3856,-224,-137,-0.028226,-0.018561,17474.17,HIGH,LEFT,CENTER,34.4,56.1,19.51,0.642,12.53,1460,10,-0.847,-0.557
2026-09-10 16:28:07,2609216,-0.920704,-0.390262,263.404,26.872,263.404,26.872,3622,3758,4074,3859,-215,-136,-0.027102,-0.018428,17476.67,HIGH,LEFT,CENTER,34.4,56.1,20.07,0.551,11.06,1460,10,-0.813,-0.553
2026-09-10 16:28:07,2609904,-0.920704,-0.390262,263.405,26.87,263.405,26.87,3627,3755,4076,3857,-219,-128,-0.027606,-0.017339,17475.0,HIGH,LEFT,CENTER,34.4,56.1,19.09,0.471,8.99,1460,10,-0.828,-0.52
2026-09-10 16:28:08,2610588,-0.920732,-0.390196,263.407,26.867,263.407,26.867,3626,3753,4077,3856,-221,-127,-0.027858,-0.017211,17475.0,HIGH,LEFT,CENTER,34.4,56.1,23.45,0.129,3.03,1460,10,-0.836,-0.516
2026-09-10 16:28:09,2611271,-0.92076,-0.390129,263.408,26.865,263.408,26.865,3622,3749,4078,3856,-222,-127,-0.027981,-0.01723,17475.0,HIGH,LEFT,CENTER,34.4,56.1,21.5,0.778,16.73,1460,10,-0.839,-0.517
2026-09-10 16:28:10,2611959,-0.920789,-0.390062,263.409,26.862,263.409,26.862,3621,3700,4094,3859,-235,-79,-0.029549,-0.010791,17470.0,HIGH,LEFT,CENTER,34.4,56.2,20.41,0.659,13.45,1460,10,-0.886,-0.324
2026-09-10 16:28:10,2612643,-0.920789,-0.390062,263.411,26.859,263.411,26.859,3632,3766,4081,3856,-225,-134,-0.028348,-0.018113,17468.33,HIGH,LEFT,CENTER,34.4,56.2,20.77,0.305,6.33,1460,10,-0.85,-0.543
2026-09-10 16:28:11,2613326,-0.920817,-0.389995,263.412,26.857,263.412,26.857,3621,3755,4074,3857,-217,-134,-0.027361,-0.018167,17472.5,HIGH,LEFT,CENTER,34.4,56.2,23.68,0.786,18.61,1460,10,-0.821,-0.545
2026-09-10 16:28:12,2614014,-0.920845,-0.389928,263.413,26.854,263.413,26.854,3625,3758,4074,3855,-219,-133,-0.02762,-0.018014,17470.0,HIGH,LEFT,CENTER,34.4,56.2,18.92,0.521,9.86,1460,10,-0.829,-0.54
2026-09-10 16:28:12,2614698,-0.920845,-0.389928,263.414,26.851,263.414,26.851,3625,3761,4076,3858,-218,-136,-0.027477,-0.018413,17467.5,HIGH,LEFT,CENTER,34.4,56.2,21.52,0.508,10.93,1460,10,-0.824,-0.552
2026-09-10 16:28:13,2615381,-0.920874,-0.389861,263.416,26.849,263.416,26.849,3618,3762,4075,3853,-222,-144,-0.028002,-0.019512,17470.0,HIGH,LEFT,CENTER,34.4,56.2,21.04,0.624,13.13,1460,10,-0.84,-0.585
2026-09-10 16:28:14,2616069,-0.920902,-0.389794,263.417,26.846,263.417,26.846,3626,3760,4095,3880,-215,-134,-0.026959,-0.018142,17466.67,HIGH,LEFT,CENTER,34.4,56.1,21.67,0.668,14.48,1460,10,-0.809,-0.544
2026-09-10 16:28:14,2616753,-0.920902,-0.389794,263.418,26.844,263.418,26.844,3601,3756,4075,3862,-213,-155,-0.026836,-0.021068,17473.33,HIGH,LEFT,BOTTOM,34.4,56.1,18.11,0.56,10.14,1460,10,-0.805,-0.632
2026-09-10 16:28:15,2617436,-0.920931,-0.389727,263.419,26.841,263.419,26.841,3623,3758,4095,3857,-238,-135,-0.02993,-0.01829,17471.67,HIGH,LEFT,CENTER,34.4,56.1,23.23,0.19,4.41,1460,10,-0.898,-0.549
2026-09-10 16:28:16,2618124,-0.920959,-0.38966,263.421,26.838,263.421,26.838,3633,3766,4075,3851,-224,-133,-0.028261,-0.017975,17472.5,HIGH,LEFT,CENTER,34.4,56.0,23.59,0.337,7.95,1460,10,-0.848,-0.539
2026-09-10 16:28:16,2618808,-0.920959,-0.38966,263.422,26.836,263.422,26.836,3621,3751,4075,3854,-221,-130,-0.027872,-0.017634,17473.33,HIGH,LEFT,CENTER,34.4,56.0,21.39,0.75,16.04,1460,10,-0.836,-0.529
2026-09-10 16:28:17,2619491,-0.920987,-0.389593,263.423,26.833,263.423,26.833,3619,3756,4077,3856,-221,-137,-0.027858,-0.018576,17480.83,HIGH,LEFT,CENTER,34.4,56.0,22.18,0.257,5.7,1460,10,-0.836,-0.557
2026-09-10 16:28:18,2620179,-0.921016,-0.389526,263.425,26.831,263.425,26.831,3620,3758,4095,3860,-235,-138,-0.029541,-0.018704,17480.0,HIGH,LEFT,CENTER,34.4,55.9,23.53,0.361,8.49,1460,10,-0.886,-0.561
2026-09-10 16:28:18,2620863,-0.921016,-0.389526,263.426,26.828,263.426,26.828,3622,3755,4095,3857,-238,-133,-0.02993,-0.018029,17477.5,HIGH,LEFT,CENTER,34.4,55.9,22.24,0.402,8.94,1460,10,-0.898,-0.541
2026-09-10 16:28:19,2621546,-0.921044,-0.389459,263.427,26.825,263.427,26.825,3620,3759,4076,3851,-225,-139,-0.028384,-0.018837,17479.17,HIGH,LEFT,CENTER,34.4,55.9,18.92,0.408,7.72,1460,10,-0.852,-0.565
2026-09-10 16:28:20,2622234,-0.921072,-0.389392,263.428,26.823,263.428,26.823,3621,3755,4071,3877,-194,-134,-0.024409,-0.018167,17481.67,HIGH,LEFT,CENTER,34.3,56.0,21.46,0.529,11.35,1460,10,-0.732,-0.545
2026-09-10 16:28:20,2622918,-0.921072,-0.389392,263.43,26.82,263.43,26.82,3619,3750,4080,3855,-225,-131,-0.028355,-0.017777,17481.67,HIGH,LEFT,CENTER,34.3,56.0,21.64,0.76,16.45,1460,10,-0.851,-0.533
2026-09-10 16:28:21,2623601,-0.9211,-0.389325,263.431,26.818,263.431,26.818,3626,3757,4071,3858,-213,-131,-0.026863,-0.017743,17477.5,HIGH,LEFT,CENTER,34.3,56.0,20.54,0.268,5.5,1460,10,-0.806,-0.532
2026-09-10 16:28:22,2624289,-0.921129,-0.389258,263.432,26.815,263.432,26.815,3619,3766,4074,3856,-218,-147,-0.027491,-0.019905,17477.5,HIGH,LEFT,CENTER,34.4,56.0,22.42,0.185,4.15,1460,10,-0.825,-0.597
2026-09-10 16:28:23,2624973,-0.921157,-0.389191,263.434,26.812,263.434,26.812,3617,3754,4079,3887,-192,-137,-0.024102,-0.018586,17484.17,HIGH,LEFT,CENTER,34.4,56.0,23.61,0.238,5.62,1460,10,-0.723,-0.558
2026-09-10 16:28:23,2625656,-0.921157,-0.389191,263.435,26.81,263.435,26.81,3618,3757,4071,3862,-209,-139,-0.026346,-0.018847,17484.17,HIGH,LEFT,CENTER,34.4,56.0,23.55,0.721,16.98,1460,10,-0.79,-0.565
2026-09-10 16:28:24,2626344,-0.921185,-0.389124,263.436,26.807,263.436,26.807,3623,3753,4082,3888,-194,-130,-0.024341,-0.017625,17486.67,HIGH,LEFT,CENTER,34.4,56.1,20.71,0.552,11.43,1460,10,-0.73,-0.529
2026-09-10 16:28:25,2627028,-0.921214,-0.389057,263.437,26.805,263.437,26.805,3622,3755,4074,3854,-220,-133,-0.02775,-0.018029,17486.67,HIGH,LEFT,CENTER,34.4,56.1,18.68,0.3,5.6,1460,10,-0.833,-0.541
2026-09-10 16:28:25,2627711,-0.921214,-0.389057,263.439,26.802,263.439,26.802,3621,3755,4080,3856,-224,-134,-0.028226,-0.018167,17488.33,HIGH,LEFT,CENTER,34.4,56.1,23.91,0.671,16.04,1460,10,-0.847,-0.545
2026-09-10 16:28:26,2628399,-0.921242,-0.38899,263.44,26.799,263.44,26.799,3623,3756,4095,3859,-236,-133,-0.029671,-0.018024,17491.67,HIGH,LEFT,CENTER,34.4,56.1,23.03,0.703,16.19,1460,10,-0.89,-0.541
2026-09-10 16:28:27,2629083,-0.92127,-0.388923,263.441,26.797,263.441,26.797,3617,3757,4070,3888,-182,-140,-0.02287,-0.018986,17485.0,HIGH,LEFT,CENTER,34.4,56.1,18.75,0.693,12.99,1460,10,-0.686,-0.57
2026-09-10 16:28:27,2629766,-0.92127,-0.388923,263.442,26.794,263.442,26.794,3619,3753,4077,3847,-230,-134,-0.029026,-0.018177,17490.83,HIGH,LEFT,CENTER,34.4,56.1,23.53,0.743,17.48,1460,10,-0.871,-0.545
2026-09-10 16:28:28,2630454,-0.921299,-0.388856,263.444,26.792,263.444,26.792,3618,3753,4074,3855,-219,-135,-0.02762,-0.018315,17492.5,HIGH,LEFT,CENTER,34.3,56.1,23.22,0.277,6.43,1460,10,-0.829,-0.549
2026-09-10 16:28:29,2631138,-0.921327,-0.388789,263.445,26.789,263.445,26.789,3623,3760,4081,3857,-224,-137,-0.028219,-0.018556,17493.33,HIGH,LEFT,CENTER,34.3,56.1,21.11,0.629,13.28,1460,10,-0.847,-0.557
2026-09-10 16:28:29,2631821,-0.921327,-0.388789,263.446,26.786,263.446,26.786,3629,3759,4077,3859,-218,-130,-0.02747,-0.017596,17493.33,HIGH,LEFT,CENTER,34.3,56.1,21.55,0.422,9.09,1460,10,-0.824,-0.528
2026-09-10 16:28:30,2632509,-0.921355,-0.388722,263.448,26.784,263.448,26.784,3625,3758,4095,3873,-222,-133,-0.027861,-0.018014,17494.17,HIGH,LEFT,CENTER,34.4,56.1,20.39,0.689,14.05,1460,10,-0.836,-0.54
2026-09-10 16:28:31,2633193,-0.921383,-0.388655,263.449,26.781,263.449,26.781,3622,3754,4080,3857,-223,-132,-0.028096,-0.017896,17498.33,HIGH,LEFT,CENTER,34.4,56.1,18.33,0.61,11.18,1460,10,-0.843,-0.537
2026-09-10 16:28:31,2633876,-0.921383,-0.388655,263.45,26.778,263.45,26.778,3615,3764,4080,3858,-222,-149,-0.027967,-0.020192,17500.0,HIGH,LEFT,CENTER,34.4,56.1,20.01,0.644,12.89,1460,10,-0.839,-0.606
2026-09-10 16:28:32,2634564,-0.921412,-0.388588,263.451,26.776,263.451,26.776,3623,3758,4095,3857,-238,-135,-0.02993,-0.01829,17497.5,HIGH,LEFT,CENTER,34.3,56.2,22.82,0.559,12.76,1460,10,-0.898,-0.549
2026-09-10 16:28:33,2635248,-0.92144,-0.388521,263.453,26.773,263.453,26.773,3617,3754,4078,3858,-220,-137,-0.027722,-0.018586,17501.67,HIGH,LEFT,CENTER,34.3,56.2,18.03,0.224,4.04,1460,10,-0.832,-0.558
2026-09-10 16:28:33,2635931,-0.92144,-0.388521,263.454,26.771,263.454,26.771,3621,3758,4080,3863,-217,-137,-0.02732,-0.018566,17500.0,HIGH,LEFT,CENTER,34.3,56.2,20.0,0.482,9.64,1460,10,-0.82,-0.557
2026-09-10 16:28:34,2636619,-0.921468,-0.388454,263.455,26.768,263.455,26.768,3619,3787,4072,3859,-213,-168,-0.026857,-0.022684,17500.0,HIGH,LEFT,BOTTOM,34.4,56.2,20.39,0.789,16.09,1460,10,-0.806,-0.681
2026-09-10 16:28:35,2637303,-0.921496,-0.388387,263.456,26.765,263.456,26.765,3623,3755,4079,3853,-226,-132,-0.028492,-0.017891,17504.17,HIGH,LEFT,CENTER,34.4,56.2,21.22,0.756,16.04,1460,10,-0.855,-0.537
2026-09-10 16:28:36,2637986,-0.921525,-0.38832,263.458,26.763,263.458,26.763,3615,3756,4075,3862,-213,-141,-0.026836,-0.019129,17505.0,HIGH,LEFT,CENTER,34.4,56.2,23.52,0.13,3.06,1460,10,-0.805,-0.574
2026-09-10 16:28:36,2638674,-0.921525,-0.38832,263.459,26.76,263.459,26.76,3626,3755,4080,3862,-218,-129,-0.027449,-0.017477,17505.0,HIGH,LEFT,CENTER,34.3,56.2,20.08,0.215,4.32,1460,10,-0.823,-0.524
2026-09-10 16:28:37,2639358,-0.921553,-0.388253,263.46,26.758,263.46,26.758,3606,3755,4065,3861,-204,-149,-0.025738,-0.020242,17507.5,HIGH,LEFT,CENTER,34.3,56.2,20.08,0.192,3.86,1460,10,-0.772,-0.607
2026-09-10 16:28:38,2640041,-0.921581,-0.388186,263.462,26.755,263.462,26.755,3626,3757,4080,3856,-224,-131,-0.028226,-0.017743,17510.83,HIGH,LEFT,CENTER,34.3,56.2,22.43,0.608,13.64,1460,10,-0.847,-0.532
2026-09-10 16:28:38,2640729,-0.921581,-0.388186,263.463,26.752,263.463,26.752,3617,3754,4078,3852,-226,-137,-0.028499,-0.018586,17510.0,HIGH,LEFT,CENTER,34.4,56.3,20.71,0.672,13.92,1460,10,-0.855,-0.558
2026-09-10 16:28:39,2641413,-0.921609,-0.388119,263.464,26.75,263.464,26.75,3613,3759,4075,3861,-214,-146,-0.026966,-0.019805,17511.67,HIGH,LEFT,CENTER,34.4,56.3,19.35,0.249,4.82,1460,10,-0.809,-0.594
2026-09-10 16:28:40,2642096,-0.921638,-0.388052,263.465,26.747,263.465,26.747,3612,3746,4080,3855,-225,-134,-0.028355,-0.018211,17512.5,HIGH,LEFT,CENTER,34.4,56.3,20.71,0.454,9.4,1460,10,-0.851,-0.546
2026-09-10 16:28:40,2642784,-0.921638,-0.388052,263.467,26.745,263.467,26.745,3619,3751,4082,3873,-209,-132,-0.026273,-0.01791,17511.67,HIGH,LEFT,CENTER,34.4,56.3,18.85,0.688,12.97,1460,10,-0.788,-0.537
2026-09-10 16:28:41,2643468,-0.921666,-0.387985,263.468,26.742,263.468,26.742,3615,3758,4078,3888,-190,-143,-0.023851,-0.019395,17512.5,HIGH,LEFT,CENTER,34.4,56.3,19.06,0.613,11.68,1460,10,-0.716,-0.582
2026-09-10 16:28:42,2644151,-0.921694,-0.387918,263.469,26.739,263.469,26.739,3611,3743,4077,3856,-221,-132,-0.027858,-0.017949,17515.0,HIGH,LEFT,CENTER,34.4,56.3,20.99,0.48,10.08,1460,10,-0.836,-0.538
2026-09-10 16:28:42,2644839,-0.921694,-0.387918,263.471,26.737,263.471,26.737,3621,3749,4080,3889,-191,-128,-0.023968,-0.017368,17516.67,HIGH,LEFT,CENTER,34.4,56.4,20.51,0.513,10.52,1460,10,-0.719,-0.521
2026-09-10 16:28:43,2645523,-0.921722,-0.387851,263.472,26.734,263.472,26.734,3626,3750,4080,3856,-224,-124,-0.028226,-0.016811,17518.33,HIGH,LEFT,CENTER,34.4,56.4,23.49,0.456,10.71,1460,10,-0.847,-0.504
2026-09-10 16:28:44,2646206,-0.92175,-0.387784,263.473,26.732,263.473,26.732,3583,3747,4080,3856,-224,-164,-0.028226,-0.022374,17522.5,HIGH,LEFT,BOTTOM,34.4,56.4,20.17,0.308,6.21,1460,10,-0.847,-0.671
2026-09-10 16:28:44,2646894,-0.92175,-0.387784,263.474,26.729,263.474,26.729,3604,3753,4082,3856,-226,-149,-0.028471,-0.020253,17520.83,HIGH,LEFT,CENTER,34.4,56.6,21.48,0.496,10.65,1460,10,-0.854,-0.608
2026-09-10 16:28:45,2647578,-0.921779,-0.387717,263.476,26.726,263.476,26.726,3615,3758,4077,3855,-222,-143,-0.027988,-0.019395,17523.33,HIGH,LEFT,CENTER,34.4,56.6,21.79,0.582,12.68,1460,10,-0.84,-0.582
2026-09-10 16:28:46,2648261,-0.921807,-0.38765,263.477,26.724,263.477,26.724,3619,3761,4095,3863,-232,-142,-0.029153,-0.019241,17525.0,HIGH,LEFT,CENTER,34.4,56.6,18.08,0.711,12.85,1460,10,-0.875,-0.577
2026-09-10 16:28:47,2648949,-0.921835,-0.387583,263.478,26.721,263.478,26.721,3613,3749,4080,3857,-223,-136,-0.028096,-0.018473,17524.17,HIGH,LEFT,CENTER,34.4,56.6,21.98,0.545,11.98,1460,10,-0.843,-0.554
2026-09-10 16:28:47,2649633,-0.921835,-0.387583,263.479,26.719,263.479,26.719,3621,3751,4093,3856,-237,-130,-0.029815,-0.017634,17527.5,HIGH,LEFT,CENTER,34.4,56.6,19.07,0.633,12.07,1460,10,-0.894,-0.529
2026-09-10 16:28:48,2650316,-0.921863,-0.387516,263.481,26.716,263.481,26.716,3618,3756,4080,3859,-221,-138,-0.027837,-0.018714,17527.5,HIGH,LEFT,CENTER,34.4,56.6,23.77,0.212,5.04,1460,10,-0.835,-0.561
2026-09-10 16:28:49,2651004,-0.921891,-0.387449,263.482,26.713,263.482,26.713,3621,3751,4068,3855,-213,-130,-0.026884,-0.017634,17530.0,HIGH,LEFT,CENTER,34.4,56.7,18.89,0.423,7.99,1460,10,-0.807,-0.529
2026-09-10 16:28:49,2651688,-0.921891,-0.387449,263.483,26.711,263.483,26.711,3622,3763,4063,3890,-173,-141,-0.021753,-0.019093,17527.5,HIGH,LEFT,CENTER,34.4,56.7,20.49,0.107,2.19,1460,10,-0.653,-0.573
2026-09-10 16:28:50,2652371,-0.92192,-0.387382,263.485,26.708,263.485,26.708,3618,3749,4079,3859,-220,-131,-0.027715,-0.017782,17529.17,HIGH,LEFT,CENTER,34.4,56.7,18.51,0.273,5.05,1460,10,-0.831,-0.533
2026-09-10 16:28:51,2653059,-0.921948,-0.387314,263.486,26.705,263.486,26.705,3619,3777,4082,3867,-215,-158,-0.027047,-0.021363,17532.5,HIGH,LEFT,BOTTOM,34.4,57.0,23.98,0.609,14.6,1460,10,-0.811,-0.641
2026-09-10 16:28:51,2653743,-0.921948,-0.387314,263.487,26.703,263.487,26.703,3626,3750,4062,3862,-200,-124,-0.02524,-0.016811,17532.5,HIGH,LEFT,CENTER,34.4,57.0,21.01,0.794,16.68,1460,10,-0.757,-0.504
2026-09-10 16:28:52,2654426,-0.921976,-0.387247,263.488,26.7,263.488,26.7,3622,3754,4080,3857,-223,-132,-0.028096,-0.017896,17532.5,HIGH,LEFT,CENTER,34.4,57.0,21.57,0.169,3.65,1460,10,-0.843,-0.537
2026-09-10 16:28:53,2655114,-0.922004,-0.38718,263.49,26.698,263.49,26.698,3632,3760,4080,3857,-223,-128,-0.028096,-0.017316,17536.67,HIGH,LEFT,CENTER,34.4,57.2,18.4,0.381,7.01,1460,10,-0.843,-0.519
2026-09-10 16:28:53,2655798,-0.922004,-0.38718,263.491,26.695,263.491,26.695,3617,3749,4082,3889,-193,-132,-0.024213,-0.01792,17535.0,HIGH,LEFT,CENTER,34.4,57.2,22.5,0.66,14.85,1460,10,-0.726,-0.538
2026-09-10 16:28:54,2656481,-0.922032,-0.387113,263.492,26.692,263.492,26.692,3621,3751,4080,3894,-186,-130,-0.023326,-0.017634,17537.5,HIGH,LEFT,CENTER,34.4,57.2,19.26,0.243,4.68,1460,10,-0.7,-0.529
2026-09-10 16:28:55,2657169,-0.92206,-0.387046,263.493,26.69,263.493,26.69,3619,3753,4080,3853,-227,-134,-0.028615,-0.018177,17539.17,HIGH,LEFT,CENTER,34.4,57.3,23.39,0.489,11.44,1460,10,-0.858,-0.545
2026-09-10 16:28:55,2657853,-0.92206,-0.387046,263.495,26.687,263.495,26.687,3600,3754,4058,3862,-196,-154,-0.024747,-0.020941,17540.83,HIGH,LEFT,BOTTOM,34.4,57.3,19.23,0.613,11.79,1460,10,-0.742,-0.628
2026-09-10 16:28:56,2658536,-0.922088,-0.386979,263.496,26.685,263.496,26.685,3615,3751,4074,3858,-216,-136,-0.027231,-0.018463,17541.67,HIGH,LEFT,CENTER,34.4,57.3,19.14,0.531,10.16,1460,10,-0.817,-0.554
2026-09-10 16:28:57,2659224,-0.922117,-0.386912,263.497,26.682,263.497,26.682,3611,3751,4080,3855,-225,-140,-0.028355,-0.019017,17540.83,HIGH,LEFT,CENTER,34.4,57.3,18.22,0.232,4.23,1460,10,-0.851,-0.571
2026-09-10 16:28:57,2659908,-0.922117,-0.386912,263.499,26.679,263.499,26.679,3616,3751,4079,3856,-223,-135,-0.028103,-0.018325,17542.5,HIGH,LEFT,CENTER,34.4,57.3,20.83,0.349,7.27,1460,10,-0.843,-0.55
2026-09-10 16:28:58,2660591,-0.922145,-0.386845,263.5,26.677,263.5,26.677,3621,3757,4081,3863,-218,-136,-0.027442,-0.018433,17545.0,HIGH,LEFT,CENTER,34.4,57.3,21.39,0.649,13.88,1460,10,-0.823,-0.553
2026-09-10 16:28:59,2661279,-0.922173,-0.386778,263.501,26.674,263.501,26.674,3623,3739,4079,3856,-223,-116,-0.028103,-0.015757,17545.83,HIGH,LEFT,CENTER,34.5,57.5,18.39,0.488,8.97,1460,10,-0.843,-0.473
2026-09-10 16:29:00,2661963,-0.922201,-0.386711,263.502,26.672,263.502,26.672,3620,3745,4079,3840,-239,-125,-0.030181,-0.016972,17546.67,HIGH,LEFT,CENTER,34.5,57.5,22.65,0.104,2.36,1460,10,-0.905,-0.509
2026-09-10 16:29:00,2662646,-0.922201,-0.386711,263.504,26.669,263.504,26.669,3622,3753,4095,3871,-224,-131,-0.02812,-0.017763,17545.83,HIGH,LEFT,CENTER,34.5,57.5,20.72,0.633,13.12,1460,10,-0.844,-0.533
2026-09-10 16:29:01,2663334,-0.922229,-0.386644,263.505,26.666,263.505,26.666,3606,3747,4093,3858,-235,-141,-0.029556,-0.019176,17545.0,HIGH,LEFT,CENTER,34.5,57.6,21.15,0.125,2.64,1460,10,-0.887,-0.575
2026-09-10 16:29:02,2664018,-0.922257,-0.386577,263.506,26.664,263.506,26.664,3619,3751,4080,3848,-232,-132,-0.029263,-0.01791,17550.83,HIGH,LEFT,CENTER,34.5,57.6,20.64,0.622,12.84,1460,10,-0.878,-0.537
2026-09-10 16:29:02,2664701,-0.922257,-0.386577,263.507,26.661,263.507,26.661,3620,3749,4075,3858,-217,-129,-0.027354,-0.017506,17552.5,HIGH,LEFT,CENTER,34.5,57.6,20.4,0.242,4.94,1460,10,-0.821,-0.525
2026-09-10 16:29:03,2665389,-0.922285,-0.38651,263.509,26.659,263.509,26.659,3618,3753,4086,3853,-233,-135,-0.029349,-0.018315,17552.5,HIGH,LEFT,CENTER,34.5,57.6,21.36,0.771,16.47,1460,10,-0.88,-0.549
2026-09-10 16:29:04,2666073,-0.922313,-0.386443,263.51,26.656,263.51,26.656,3615,3766,4078,3888,-190,-151,-0.023851,-0.020458,17555.0,HIGH,LEFT,BOTTOM,34.5,57.6,18.93,0.358,6.78,1460,10,-0.716,-0.614
2026-09-10 16:29:04,2666756,-0.922313,-0.386443,263.511,26.653,263.511,26.653,3623,3751,4087,3861,-226,-128,-0.028435,-0.017358,17554.17,HIGH,LEFT,CENTER,34.5,57.6,19.09,0.329,6.28,1460,10,-0.853,-0.521
2026-09-10 16:29:05,2667444,-0.922342,-0.386376,263.513,26.651,263.513,26.651,3617,3745,4095,3861,-234,-128,-0.029412,-0.017387,17554.17,HIGH,LEFT,CENTER,34.5,57.7,23.17,0.204,4.73,1460,10,-0.882,-0.522
2026-09-10 16:29:06,2668128,-0.92237,-0.386309,263.514,26.648,263.514,26.648,3615,3756,4081,3875,-206,-141,-0.025892,-0.019129,17550.83,HIGH,LEFT,CENTER,34.5,57.7,23.68,0.314,7.44,1460,10,-0.777,-0.574
2026-09-10 16:29:06,2668811,-0.92237,-0.386309,263.515,26.646,263.515,26.646,3621,3748,4078,3862,-216,-127,-0.027204,-0.017234,17554.17,HIGH,LEFT,CENTER,34.5,57.7,20.24,0.714,14.45,1460,10,-0.816,-0.517
2026-09-10 16:29:07,2669499,-0.922398,-0.386241,263.516,26.643,263.516,26.643,3619,3751,4079,3869,-210,-132,-0.026422,-0.01791,17553.33,HIGH,LEFT,CENTER,34.5,57.6,19.62,0.797,15.64,1460,10,-0.793,-0.537
2026-09-10 16:29:08,2670183,-0.922426,-0.386174,263.518,26.64,263.518,26.64,3626,3755,4090,3855,-235,-129,-0.029578,-0.017477,17558.33,HIGH,LEFT,CENTER,34.5,57.6,21.86,0.358,7.83,1460,10,-0.887,-0.524
2026-09-10 16:29:08,2670866,-0.922426,-0.386174,263.519,26.638,263.519,26.638,3607,3751,4095,3861,-234,-144,-0.029412,-0.019571,17558.33,HIGH,LEFT,CENTER,34.5,57.6,20.45,0.414,8.47,1460,10,-0.882,-0.587
2026-09-10 16:29:09,2671554,-0.922454,-0.386107,263.52,26.635,263.52,26.635,3615,3757,4081,3856,-225,-142,-0.028348,-0.019262,17560.0,HIGH,LEFT,CENTER,34.6,57.6,18.15,0.605,10.98,1460,10,-0.85,-0.578
2026-09-10 16:29:10,2672238,-0.922482,-0.38604,263.521,26.632,263.521,26.632,3612,3751,4079,3851,-228,-139,-0.028752,-0.018878,17559.17,HIGH,LEFT,CENTER,34.6,57.6,18.94,0.72,13.64,1460,10,-0.863,-0.566
2026-09-10 16:29:10,2672921,-0.922482,-0.38604,263.523,26.63,263.523,26.63,3623,3755,4079,3869,-210,-132,-0.026422,-0.017891,17562.5,HIGH,LEFT,CENTER,34.6,57.6,22.3,0.515,11.48,1460,10,-0.793,-0.537
2026-09-10 16:29:11,2673609,-0.92251,-0.385973,263.524,26.627,263.524,26.627,3627,3750,4082,3856,-226,-123,-0.028471,-0.016673,17564.17,HIGH,LEFT,CENTER,34.6,57.6,21.95,0.374,8.21,1460,10,-0.854,-0.5
2026-09-10 16:29:12,2674293,-0.922538,-0.385906,263.525,26.625,263.525,26.625,3601,3751,4083,3863,-220,-150,-0.027687,-0.020403,17564.17,HIGH,LEFT,CENTER,34.6,57.6,18.16,0.389,7.06,1460,10,-0.831,-0.612
2026-09-10 16:29:13,2674976,-0.922566,-0.385839,263.527,26.622,263.527,26.622,3616,3747,4080,3855,-225,-131,-0.028355,-0.017792,17566.67,HIGH,LEFT,CENTER,34.6,57.6,19.33,0.587,11.35,1460,10,-0.851,-0.534
2026-09-10 16:29:13,2675664,-0.922566,-0.385839,263.528,26.619,263.528,26.619,3621,3760,4080,3862,-218,-139,-0.027449,-0.018832,17566.67,HIGH,LEFT,CENTER,34.6,57.7,19.39,0.102,1.98,1460,10,-0.823,-0.565
2026-09-10 16:29:14,2676348,-0.922594,-0.385772,263.529,26.617,263.529,26.617,3621,3751,4081,3889,-192,-130,-0.02409,-0.017634,17567.5,HIGH,LEFT,CENTER,34.6,57.7,22.03,0.534,11.76,1460,10,-0.723,-0.529
2026-09-10 16:29:15,2677031,-0.922622,-0.385705,263.53,26.614,263.53,26.614,3618,3755,4049,3884,-165,-137,-0.020799,-0.018581,17565.83,HIGH,LEFT,CENTER,34.6,57.7,18.12,0.349,6.32,1460,10,-0.624,-0.557
2026-09-10 16:29:15,2677719,-0.922622,-0.385705,263.532,26.612,263.532,26.612,3619,3751,4077,3893,-184,-132,-0.023087,-0.01791,17562.5,HIGH,LEFT,CENTER,34.6,57.8,18.62,0.656,12.21,1460,10,-0.693,-0.537
2026-09-10 16:29:16,2678403,-0.92265,-0.385638,263.533,26.609,263.533,26.609,3622,3751,4083,3853,-230,-129,-0.028982,-0.017496,17565.83,HIGH,LEFT,CENTER,34.6,57.8,22.8,0.165,3.76,1460,10,-0.869,-0.525
2026-09-10 16:29:17,2679086,-0.922678,-0.385571,263.534,26.606,263.534,26.606,3653,3753,4079,3886,-193,-100,-0.024231,-0.013503,17568.33,HIGH,LEFT,CENTER,34.6,57.8,19.07,0.512,9.76,1460,10,-0.727,-0.405
2026-09-10 16:29:17,2679774,-0.922678,-0.385571,263.535,26.604,263.535,26.604,3618,3751,4080,3888,-192,-133,-0.024096,-0.018049,17570.0,HIGH,LEFT,CENTER,34.6,57.6,21.92,0.437,9.58,1460,10,-0.723,-0.541
2026-09-10 16:29:18,2680458,-0.922706,-0.385503,263.537,26.601,263.537,26.601,3615,3745,4082,3862,-220,-130,-0.027694,-0.017663,17570.0,HIGH,LEFT,CENTER,34.6,57.6,19.43,0.55,10.69,1460,10,-0.831,-0.53
2026-09-10 16:29:19,2681141,-0.922734,-0.385436,263.538,26.599,263.538,26.599,3614,3750,4084,3856,-228,-136,-0.028715,-0.018468,17570.0,HIGH,LEFT,CENTER,34.6,57.6,18.6,0.145,2.7,1460,10,-0.861,-0.554
2026-09-10 16:29:19,2681829,-0.922734,-0.385436,263.539,26.596,263.539,26.596,3619,3751,4077,3859,-218,-132,-0.02747,-0.01791,17571.67,HIGH,LEFT,CENTER,34.6,57.4,19.46,0.506,9.85,1460,10,-0.824,-0.537
2026-09-10 16:29:20,2682513,-0.922762,-0.385369,263.541,26.593,263.541,26.593,3618,3764,4078,3854,-224,-146,-0.02824,-0.019778,17569.17,HIGH,LEFT,CENTER,34.6,57.4,22.33,0.493,11.01,1460,10,-0.847,-0.593
2026-09-10 16:29:21,2683196,-0.92279,-0.385302,263.542,26.591,263.542,26.591,3623,3758,4081,3858,-223,-135,-0.028089,-0.01829,17571.67,HIGH,LEFT,CENTER,34.6,57.4,23.13,0.492,11.38,1460,10,-0.843,-0.549
2026-09-10 16:29:21,2683884,-0.92279,-0.385302,263.543,26.588,263.543,26.588,3618,3751,4082,3857,-225,-133,-0.028341,-0.018049,17568.33,HIGH,LEFT,CENTER,34.6,57.4,22.98,0.522,12.0,1460,10,-0.85,-0.541
2026-09-10 16:29:22,2684568,-0.922818,-0.385235,263.544,26.586,263.544,26.586,3616,3749,4080,3854,-226,-133,-0.028485,-0.018058,17572.5,HIGH,LEFT,CENTER,34.6,57.4,20.38,0.574,11.7,1460,10,-0.855,-0.542
2026-09-10 16:29:23,2685251,-0.922846,-0.385168,263.546,26.583,263.546,26.583,3625,3759,4094,3856,-238,-134,-0.029937,-0.018147,17568.33,HIGH,LEFT,CENTER,34.6,57.4,22.01,0.663,14.59,1460,10,-0.898,-0.544
2026-09-10 16:29:24,2685939,-0.922875,-0.385101,263.547,26.58,263.547,26.58,3616,3782,4081,3860,-221,-166,-0.02783,-0.022438,17570.83,HIGH,LEFT,BOTTOM,34.6,57.6,19.23,0.289,5.56,1460,10,-0.835,-0.673
2026-09-10 16:29:24,2686623,-0.922875,-0.385101,263.548,26.578,263.548,26.578,3620,3751,4077,3867,-210,-131,-0.026435,-0.017772,17571.67,HIGH,LEFT,CENTER,34.6,57.6,19.76,0.678,13.4,1460,10,-0.793,-0.533
2026-09-10 16:29:25,2687306,-0.922903,-0.385034,263.549,26.575,263.549,26.575,3617,3747,4095,3862,-233,-130,-0.029282,-0.017653,17572.5,HIGH,LEFT,CENTER,34.6,57.6,23.38,0.449,10.5,1460,10,-0.878,-0.53
2026-09-10 16:29:26,2687994,-0.922931,-0.384967,263.551,26.572,263.551,26.572,3627,3745,4077,3867,-210,-118,-0.026435,-0.016007,17572.5,HIGH,LEFT,CENTER,34.6,57.7,18.08,0.154,2.78,1460,10,-0.793,-0.48
2026-09-10 16:29:26,2688678,-0.922931,-0.384967,263.552,26.57,263.552,26.57,3616,3753,4079,3853,-226,-137,-0.028492,-0.018591,17571.67,HIGH,LEFT,CENTER,34.6,57.7,18.51,0.141,2.61,1460,10,-0.855,-0.558
2026-09-10 16:29:27,2689361,-0.922958,-0.384899,263.553,26.567,263.553,26.567,3619,3746,4095,3862,-233,-127,-0.029282,-0.017244,17569.17,HIGH,LEFT,CENTER,34.6,57.7,19.25,0.334,6.43,1460,10,-0.878,-0.517
2026-09-10 16:29:28,2690049,-0.922986,-0.384832,263.554,26.565,263.554,26.565,3616,3746,4080,3861,-219,-130,-0.027578,-0.017658,17569.17,HIGH,LEFT,CENTER,34.6,57.8,18.16,0.649,11.79,1460,10,-0.827,-0.53
2026-09-10 16:29:28,2690733,-0.922986,-0.384832,263.556,26.562,263.556,26.562,3617,3746,4080,3862,-218,-129,-0.027449,-0.01752,17570.0,HIGH,LEFT,CENTER,34.6,57.8,19.09,0.595,11.36,1460,10,-0.823,-0.526
2026-09-10 16:29:29,2691416,-0.923014,-0.384765,263.557,26.559,263.557,26.559,3619,3754,4083,3861,-222,-135,-0.027946,-0.01831,17565.0,HIGH,LEFT,CENTER,34.6,57.8,21.5,0.652,14.02,1460,10,-0.838,-0.549
2026-09-10 16:29:30,2692104,-0.923042,-0.384698,263.558,26.557,263.558,26.557,3616,3737,4086,3855,-231,-121,-0.02909,-0.016456,17570.83,HIGH,LEFT,CENTER,34.7,57.6,20.53,0.462,9.48,1460,10,-0.873,-0.494
2026-09-10 16:29:30,2692788,-0.923042,-0.384698,263.56,26.554,263.56,26.554,3617,3745,4083,3859,-224,-128,-0.028204,-0.017387,17572.5,HIGH,LEFT,CENTER,34.7,57.6,23.36,0.408,9.53,1460,10,-0.846,-0.522
2026-09-10 16:29:31,2693471,-0.92307,-0.384631,263.561,26.552,263.561,26.552,3610,3811,4080,3856,-224,-201,-0.028226,-0.027085,17570.83,HIGH,LEFT,BOTTOM,34.7,57.6,22.9,0.203,4.65,1460,10,-0.847,-0.813
2026-09-10 16:29:32,2694159,-0.923098,-0.384564,263.562,26.549,263.562,26.549,3609,3747,4087,3857,-230,-138,-0.028953,-0.01876,17570.83,HIGH,LEFT,CENTER,34.6,57.4,20.05,0.33,6.62,1460,10,-0.869,-0.563
2026-09-10 16:29:32,2694843,-0.923098,-0.384564,263.563,26.546,263.563,26.546,3619,3748,4095,3856,-239,-129,-0.030059,-0.017511,17568.33,HIGH,LEFT,CENTER,34.6,57.4,19.56,0.404,7.9,1460,10,-0.902,-0.525
2026-09-10 16:29:33,2695526,-0.923126,-0.384497,263.565,26.544,263.565,26.544,3619,3747,4080,3863,-217,-128,-0.02732,-0.017377,17570.83,HIGH,LEFT,CENTER,34.6,57.4,20.28,0.162,3.29,1460,10,-0.82,-0.521
2026-09-10 16:29:34,2696214,-0.923154,-0.38443,263.566,26.541,263.566,26.541,3607,3749,4080,3856,-224,-142,-0.028226,-0.019304,17569.17,HIGH,LEFT,CENTER,34.6,57.0,21.54,0.254,5.47,1460,10,-0.847,-0.579
2026-09-10 16:29:34,2696898,-0.923154,-0.38443,263.567,26.539,263.567,26.539,3619,3750,4079,3859,-220,-131,-0.027715,-0.017777,17570.0,HIGH,LEFT,CENTER,34.6,57.0,19.61,0.519,10.18,1460,10,-0.831,-0.533
2026-09-10 16:29:35,2697581,-0.923182,-0.384362,263.568,26.536,263.568,26.536,3621,3795,4079,3854,-225,-174,-0.028363,-0.023463,17572.5,HIGH,LEFT,BOTTOM,34.6,57.0,21.74,0.615,13.37,1460,10,-0.851,-0.704
2026-09-10 16:29:36,2698269,-0.92321,-0.384295,263.57,26.533,263.57,26.533,3617,3747,4089,3856,-233,-130,-0.029327,-0.017653,17570.83,HIGH,LEFT,CENTER,34.6,56.9,20.46,0.799,16.35,1460,10,-0.88,-0.53
2026-09-10 16:29:37,2698953,-0.923238,-0.384228,263.571,26.531,263.571,26.531,3619,3746,4082,3856,-226,-127,-0.028471,-0.017244,17570.83,HIGH,LEFT,CENTER,34.6,56.9,21.31,0.753,16.05,1460,10,-0.854,-0.517
2026-09-10 16:29:37,2699636,-0.923238,-0.384228,263.572,26.528,263.572,26.528,3615,3749,4095,3859,-236,-134,-0.029671,-0.018197,17566.67,HIGH,LEFT,CENTER,34.6,56.9,20.62,0.55,11.34,1460,10,-0.89,-0.546
2026-09-10 16:29:38,2700324,-0.923266,-0.384161,263.574,26.526,263.574,26.526,3616,3747,4083,3888,-195,-131,-0.024464,-0.017792,17570.83,HIGH,LEFT,CENTER,34.7,56.8,19.77,0.395,7.81,1460,10,-0.734,-0.534
2026-09-10 16:29:39,2701008,-0.923294,-0.384094,263.575,26.523,263.575,26.523,3626,3749,4080,3856,-224,-123,-0.028226,-0.016678,17565.83,HIGH,LEFT,CENTER,34.7,56.8,23.69,0.545,12.91,1460,10,-0.847,-0.5
2026-09-10 16:29:39,2701691,-0.923294,-0.384094,263.576,26.52,263.576,26.52,3611,3754,4085,3859,-226,-143,-0.028449,-0.019416,17565.0,HIGH,LEFT,CENTER,34.7,56.8,22.58,0.65,14.68,1460,10,-0.853,-0.582
2026-09-10 16:29:40,2702379,-0.923322,-0.384027,263.577,26.518,263.577,26.518,3617,3745,4080,3857,-223,-128,-0.028096,-0.017387,17559.17,HIGH,LEFT,CENTER,34.7,56.9,18.84,0.183,3.45,1460,10,-0.843,-0.522
2026-09-10 16:29:41,2703063,-0.92335,-0.38396,263.579,26.515,263.579,26.515,3622,3754,4087,3856,-231,-132,-0.029082,-0.017896,17560.0,HIGH,LEFT,CENTER,34.7,56.9,23.21,0.387,8.98,1460,10,-0.872,-0.537
2026-09-10 16:29:41,2703746,-0.92335,-0.38396,263.58,26.513,263.58,26.513,3618,3809,4095,3856,-239,-191,-0.030059,-0.025717,17558.33,HIGH,LEFT,BOTTOM,34.7,56.9,20.92,0.688,14.39,1460,10,-0.902,-0.772
2026-09-10 16:29:42,2704434,-0.923378,-0.383892,263.581,26.51,263.581,26.51,3617,3754,4084,3859,-225,-137,-0.028327,-0.018586,17560.0,HIGH,LEFT,CENTER,34.7,56.9,23.37,0.369,8.62,1460,10,-0.85,-0.558
2026-09-10 16:29:43,2705118,-0.923406,-0.383825,263.582,26.507,263.582,26.507,3632,3747,4093,3856,-237,-115,-0.029815,-0.015585,17560.0,HIGH,LEFT,CENTER,34.7,56.9,22.8,0.5,11.4,1460,10,-0.894,-0.468
2026-09-10 16:29:43,2705801,-0.923406,-0.383825,263.584,26.505,263.584,26.505,3608,3755,4081,3855,-226,-147,-0.028478,-0.019965,17555.83,HIGH,LEFT,CENTER,34.7,56.9,20.55,0.511,10.5,1460,10,-0.854,-0.599
2026-09-10 16:29:44,2706489,-0.923434,-0.383758,263.585,26.502,263.585,26.502,3619,3747,4089,3862,-227,-128,-0.02855,-0.017377,17553.33,HIGH,LEFT,CENTER,34.7,56.7,18.13,0.229,4.15,1460,10,-0.856,-0.521
2026-09-10 16:29:45,2707173,-0.923462,-0.383691,263.586,26.499,263.586,26.499,3630,3745,4082,3862,-220,-115,-0.027694,-0.015593,17552.5,HIGH,LEFT,CENTER,34.7,56.7,19.61,0.354,6.94,1460,10,-0.831,-0.468
2026-09-10 16:29:45,2707856,-0.923462,-0.383691,263.588,26.497,263.588,26.497,3605,3749,4083,3859,-224,-144,-0.028204,-0.019581,17555.0,HIGH,LEFT,CENTER,34.7,56.7,21.25,0.334,7.1,1460,10,-0.846,-0.587
2026-09-10 16:29:46,2708544,-0.923489,-0.383624,263.589,26.494,263.589,26.494,3619,3745,4095,3857,-238,-126,-0.02993,-0.01711,17554.17,HIGH,LEFT,CENTER,34.7,56.4,21.8,0.118,2.57,1460,10,-0.898,-0.513
2026-09-10 16:29:47,2709228,-0.923517,-0.383557,263.59,26.492,263.59,26.492,3618,3747,4081,3881,-200,-129,-0.025119,-0.017515,17546.67,HIGH,LEFT,CENTER,34.7,56.4,19.55,0.117,2.29,1460,10,-0.754,-0.525
2026-09-10 16:29:47,2709911,-0.923517,-0.383557,263.591,26.489,263.591,26.489,3619,3746,4081,3869,-212,-127,-0.026667,-0.017244,17546.67,HIGH,LEFT,CENTER,34.7,56.4,18.84,0.682,12.85,1460,10,-0.8,-0.517
2026-09-10 16:29:48,2710599,-0.923545,-0.38349,263.593,26.486,263.593,26.486,3615,3749,4080,3862,-218,-134,-0.027449,-0.018197,17546.67,HIGH,LEFT,CENTER,34.7,56.3,23.01,0.291,6.7,1460,10,-0.823,-0.546
2026-09-10 16:29:49,2711283,-0.923573,-0.383422,263.594,26.484,263.594,26.484,3621,3751,4083,3855,-228,-130,-0.028723,-0.017634,17545.0,HIGH,LEFT,CENTER,34.7,56.3,23.91,0.463,11.07,1460,10,-0.862,-0.529
2026-09-10 16:29:50,2711966,-0.923601,-0.383355,263.595,26.481,263.595,26.481,3615,3751,4095,3877,-218,-136,-0.027346,-0.018463,17549.17,HIGH,LEFT,CENTER,34.7,56.3,21.15,0.309,6.54,1460,10,-0.82,-0.554
2026-09-10 16:29:50,2712654,-0.923601,-0.383355,263.596,26.479,263.596,26.479,3617,3755,4083,3856,-227,-138,-0.028593,-0.018719,17545.83,HIGH,LEFT,CENTER,34.7,56.1,19.03,0.758,14.42,1460,10,-0.858,-0.562
2026-09-10 16:29:51,2713338,-0.923629,-0.383288,263.598,26.476,263.598,26.476,3600,3728,4085,3865,-220,-128,-0.027673,-0.017467,17545.83,HIGH,LEFT,CENTER,34.7,56.1,19.63,0.282,5.54,1460,10,-0.83,-0.524
2026-09-10 16:29:52,2714021,-0.923657,-0.383221,263.599,26.473,263.599,26.473,3619,3759,4081,3855,-226,-140,-0.028478,-0.018975,17543.33,HIGH,LEFT,CENTER,34.7,56.1,18.11,0.401,7.26,1460,10,-0.854,-0.569
2026-09-10 16:29:52,2714709,-0.923657,-0.383221,263.6,26.471,263.6,26.471,3619,3745,4084,3865,-219,-126,-0.027551,-0.01711,17541.67,HIGH,LEFT,CENTER,34.7,56.3,23.49,0.711,16.7,1460,10,-0.827,-0.513
2026-09-10 16:29:53,2715393,-0.923685,-0.383154,263.601,26.468,263.601,26.468,3616,3751,4076,3862,-214,-135,-0.026959,-0.018325,17539.17,HIGH,LEFT,CENTER,34.7,56.3,18.71,0.689,12.89,1460,10,-0.809,-0.55
2026-09-10 16:29:54,2716076,-0.923712,-0.383087,263.603,26.466,263.603,26.466,3616,3747,4079,3861,-218,-131,-0.027456,-0.017792,17534.17,HIGH,LEFT,CENTER,34.7,56.3,21.46,0.23,4.94,1460,10,-0.824,-0.534
2026-09-10 16:29:54,2716764,-0.923712,-0.383087,263.604,26.463,263.604,26.463,3615,3741,4090,3851,-239,-126,-0.030097,-0.017129,17538.33,HIGH,LEFT,CENTER,34.7,56.5,19.64,0.662,13.0,1460,10,-0.903,-0.514
2026-09-10 16:29:55,2717448,-0.92374,-0.383019,263.605,26.46,263.605,26.46,3614,3753,4081,3888,-193,-139,-0.024219,-0.018868,17535.83,HIGH,LEFT,CENTER,34.7,56.5,21.33,0.421,8.98,1460,10,-0.727,-0.566
2026-09-10 16:29:56,2718131,-0.923768,-0.382952,263.607,26.458,263.607,26.458,3616,3744,4095,3860,-235,-128,-0.029541,-0.017391,17532.5,HIGH,LEFT,CENTER,34.7,56.5,21.91,0.438,9.6,1460,10,-0.886,-0.522
2026-09-10 16:29:56,2718819,-0.923768,-0.382952,263.608,26.455,263.608,26.455,3632,3753,4080,3888,-192,-121,-0.024096,-0.016385,17528.33,HIGH,LEFT,CENTER,34.7,56.7,22.98,0.193,4.44,1460,10,-0.723,-0.492
2026-09-10 16:29:57,2719503,-0.923796,-0.382885,263.609,26.453,263.609,26.453,3619,3749,4080,3855,-225,-130,-0.028355,-0.017644,17530.0,HIGH,LEFT,CENTER,34.7,56.7,19.24,0.156,3.0,1460,10,-0.851,-0.529
2026-09-10 16:29:58,2720186,-0.923824,-0.382818,263.61,26.45,263.61,26.45,3603,3746,4086,3856,-230,-143,-0.02896,-0.019458,17527.5,HIGH,LEFT,CENTER,34.7,56.7,18.07,0.61,11.02,1460,10,-0.869,-0.584
2026-09-10 16:29:58,2720874,-0.923824,-0.382818,263.612,26.447,263.612,26.447,3619,3751,4095,3859,-236,-132,-0.029671,-0.01791,17528.33,HIGH,LEFT,CENTER,34.7,56.8,18.82,0.448,8.43,1460,10,-0.89,-0.537
2026-09-10 16:29:59,2721558,-0.923852,-0.382751,263.613,26.445,263.613,26.445,3621,3694,4076,3860,-216,-73,-0.027218,-0.009979,17528.33,HIGH,LEFT,CENTER,34.7,56.8,23.4,0.406,9.5,1460,10,-0.817,-0.299
2026-09-10 16:30:00,2722241,-0.92388,-0.382683,263.614,26.442,263.614,26.442,3598,3750,4080,3888,-192,-152,-0.024096,-0.020686,17525.0,HIGH,LEFT,BOTTOM,34.7,56.8,23.24,0.611,14.2,1460,10,-0.723,-0.621
2026-09-10 16:30:00,2722929,-0.92388,-0.382683,263.615,26.439,263.615,26.439,3619,3744,4082,3859,-223,-125,-0.028082,-0.016977,17521.67,HIGH,LEFT,CENTER,34.7,56.7,21.58,0.636,13.72,1460,10,-0.842,-0.509
2026-09-10 16:30:01,2723613,-0.923907,-0.382616,263.617,26.437,263.617,26.437,3607,3739,4085,3856,-229,-132,-0.028838,-0.017969,17520.0,HIGH,LEFT,CENTER,34.7,56.7,21.6,0.211,4.56,1460,10,-0.865,-0.539
2026-09-10 16:30:02,2724296,-0.923935,-0.382549,263.618,26.434,263.618,26.434,3616,3747,4083,3865,-218,-131,-0.027428,-0.017792,17515.83,HIGH,LEFT,CENTER,34.7,56.7,21.99,0.527,11.59,1460,10,-0.823,-0.534
2026-09-10 16:30:03,2724984,-0.923963,-0.382482,263.619,26.432,263.619,26.432,3619,3747,4080,3850,-230,-128,-0.029004,-0.017377,17513.33,HIGH,LEFT,CENTER,34.7,56.7,19.05,0.195,3.71,1460,10,-0.87,-0.521
2026-09-10 16:30:03,2725668,-0.923963,-0.382482,263.621,26.429,263.621,26.429,3616,3742,4081,3857,-224,-126,-0.028219,-0.017124,17510.0,HIGH,LEFT,CENTER,34.7,56.7,23.49,0.626,14.7,1460,10,-0.847,-0.514
2026-09-10 16:30:04,2726351,-0.923991,-0.382415,263.622,26.426,263.622,26.426,3614,3744,4082,3855,-227,-130,-0.0286,-0.017668,17507.5,HIGH,LEFT,CENTER,34.7,56.7,20.51,0.56,11.49,1460,10,-0.858,-0.53
2026-09-10 16:30:05,2727039,-0.924019,-0.382347,263.623,26.424,263.623,26.424,3616,3703,4095,3861,-234,-87,-0.029412,-0.011887,17509.17,HIGH,LEFT,CENTER,34.7,56.5,20.3,0.77,15.63,1460,10,-0.882,-0.357
2026-09-10 16:30:05,2727723,-0.924019,-0.382347,263.624,26.421,263.624,26.421,3614,3749,4083,3887,-196,-135,-0.024592,-0.018335,17505.0,HIGH,LEFT,CENTER,34.7,56.5,21.11,0.148,3.12,1460,10,-0.738,-0.55
2026-09-10 16:30:06,2728406,-0.924046,-0.38228,263.626,26.419,263.626,26.419,3617,3755,4080,3907,-173,-138,-0.02166,-0.018719,17499.17,HIGH,LEFT,CENTER,34.7,56.5,18.28,0.14,2.56,1460,10,-0.65,-0.562
2026-09-10 16:30:07,2729094,-0.924074,-0.382213,263.627,26.416,263.627,26.416,3581,3746,4081,3851,-230,-165,-0.028996,-0.022519,17501.67,HIGH,LEFT,BOTTOM,34.7,56.4,19.0,0.298,5.66,1460,10,-0.87,-0.676
2026-09-10 16:30:07,2729778,-0.924074,-0.382213,263.628,26.413,263.628,26.413,3619,3747,4084,3855,-229,-128,-0.028845,-0.017377,17499.17,HIGH,LEFT,CENTER,34.7,56.4,22.43,0.283,6.35,1460,10,-0.865,-0.521
2026-09-10 16:30:08,2730461,-0.924102,-0.382146,263.629,26.411,263.629,26.411,3619,3744,4083,3856,-227,-125,-0.028593,-0.016977,17500.0,HIGH,LEFT,CENTER,34.7,56.4,18.5,0.273,5.05,1460,10,-0.858,-0.509
2026-09-10 16:30:09,2731149,-0.92413,-0.382079,263.631,26.408,263.631,26.408,3615,3730,4095,3856,-239,-115,-0.030059,-0.015657,17490.0,HIGH,LEFT,CENTER,34.7,56.3,21.62,0.734,15.87,1460,10,-0.902,-0.47
2026-09-10 16:30:09,2731833,-0.92413,-0.382079,263.632,26.406,263.632,26.406,3613,3746,4083,3883,-200,-133,-0.025107,-0.018073,17490.83,HIGH,LEFT,CENTER,34.7,56.3,19.47,0.275,5.35,1460,10,-0.753,-0.542
2026-09-10 16:30:10,2732516,-0.924158,-0.382011,263.633,26.403,263.633,26.403,3602,3746,4080,3854,-226,-144,-0.028485,-0.019597,17485.0,HIGH,LEFT,CENTER,34.7,56.3,20.34,0.29,5.9,1460,10,-0.855,-0.588
2026-09-10 16:30:11,2733204,-0.924185,-0.381944,263.634,26.4,263.634,26.4,3616,3740,4080,3856,-224,-124,-0.028226,-0.016857,17485.83,HIGH,LEFT,CENTER,34.7,56.2,19.73,0.632,12.47,1460,10,-0.847,-0.506
2026-09-10 16:30:11,2733888,-0.924185,-0.381944,263.636,26.398,263.636,26.398,3611,3745,4090,3856,-234,-134,-0.029449,-0.018216,17483.33,HIGH,LEFT,CENTER,34.7,56.2,20.13,0.415,8.35,1460,10,-0.883,-0.546
2026-09-10 16:30:12,2734571,-0.924213,-0.381877,263.637,26.395,263.637,26.395,3630,3744,4083,3908,-175,-114,-0.0219,-0.01546,17483.33,HIGH,LEFT,CENTER,34.7,56.2,22.31,0.644,14.37,1460,10,-0.657,-0.464
2026-09-10 16:30:13,2735259,-0.924241,-0.38181,263.638,26.393,263.638,26.393,3619,3746,4081,3855,-226,-127,-0.028478,-0.017244,17483.33,HIGH,LEFT,CENTER,34.7,56.1,19.78,0.146,2.89,1460,10,-0.854,-0.517
2026-09-10 16:30:14,2735943,-0.924269,-0.381743,263.64,26.39,263.64,26.39,3614,3744,4080,3856,-224,-130,-0.028226,-0.017668,17483.33,HIGH,LEFT,CENTER,34.7,56.1,21.4,0.441,9.44,1460,10,-0.847,-0.53
2026-09-10 16:30:14,2736626,-0.924269,-0.381743,263.641,26.387,263.641,26.387,3615,3743,4080,3856,-224,-128,-0.028226,-0.017396,17480.83,HIGH,LEFT,CENTER,34.7,56.1,20.86,0.124,2.59,1460,10,-0.847,-0.522
2026-09-10 16:30:15,2737314,-0.924296,-0.381675,263.642,26.385,263.642,26.385,3615,3743,4080,3887,-193,-128,-0.024225,-0.017396,17484.17,HIGH,LEFT,CENTER,34.7,56.1,21.98,0.144,3.17,1460,10,-0.727,-0.522
2026-09-10 16:30:16,2737998,-0.924324,-0.381608,263.643,26.382,263.643,26.382,3613,3734,4095,3835,-260,-121,-0.032787,-0.016469,17485.83,HIGH,LEFT,CENTER,34.7,56.1,23.62,0.735,17.36,1460,10,-0.984,-0.494
2026-09-10 16:30:16,2738681,-0.924324,-0.381608,263.645,26.379,263.645,26.379,3618,3748,4095,3863,-232,-130,-0.029153,-0.017649,17476.67,HIGH,LEFT,CENTER,34.7,56.1,22.4,0.197,4.41,1460,10,-0.875,-0.529
2026-09-10 16:30:17,2739369,-0.924352,-0.381541,263.646,26.377,263.646,26.377,3613,3747,4086,3866,-220,-134,-0.027666,-0.018207,17478.33,HIGH,LEFT,CENTER,34.7,56.0,19.29,0.473,9.12,1460,10,-0.83,-0.546
2026-09-10 16:30:18,2740053,-0.92438,-0.381474,263.647,26.374,263.647,26.374,3607,3755,4083,3858,-225,-148,-0.028334,-0.020103,17474.17,HIGH,LEFT,CENTER,34.7,56.0,18.19,0.388,7.06,1460,10,-0.85,-0.603
2026-09-10 16:30:18,2740736,-0.92438,-0.381474,263.648,26.372,263.648,26.372,3614,3735,4080,3887,-193,-121,-0.024225,-0.016465,17474.17,HIGH,LEFT,CENTER,34.7,56.0,19.57,0.343,6.71,1460,10,-0.727,-0.494
2026-09-10 16:30:19,2741424,-0.924407,-0.381407,263.65,26.369,263.65,26.369,3615,3739,4081,3856,-225,-124,-0.028348,-0.016862,17470.83,HIGH,LEFT,CENTER,34.7,56.1,21.57,0.73,15.75,1460,10,-0.85,-0.506
2026-09-10 16:30:20,2742108,-0.924435,-0.381339,263.651,26.366,263.651,26.366,3612,3729,4081,3857,-224,-117,-0.028219,-0.015938,17469.17,HIGH,LEFT,CENTER,34.7,56.1,18.31,0.115,2.11,1460,10,-0.847,-0.478
2026-09-10 16:30:20,2742791,-0.924435,-0.381339,263.652,26.364,263.652,26.364,3618,3745,4080,3886,-194,-127,-0.024354,-0.017248,17469.17,HIGH,LEFT,CENTER,34.7,56.1,20.98,0.565,11.85,1460,10,-0.731,-0.517
2026-09-10 16:30:21,2743479,-0.924463,-0.381272,263.654,26.361,263.654,26.361,3616,3747,4087,3857,-230,-131,-0.028953,-0.017792,17471.67,HIGH,LEFT,CENTER,34.7,56.0,21.58,0.774,16.7,1460,10,-0.869,-0.534
2026-09-10 16:30:22,2744163,-0.924491,-0.381205,263.655,26.359,263.655,26.359,3616,3745,4081,3856,-225,-129,-0.028348,-0.017525,17464.17,HIGH,LEFT,CENTER,34.7,56.0,20.01,0.492,9.84,1460,10,-0.85,-0.526
2026-09-10 16:30:22,2744846,-0.924491,-0.381205,263.656,26.356,263.656,26.356,3617,3744,4078,3883,-195,-127,-0.024494,-0.017253,17460.83,HIGH,LEFT,CENTER,34.7,56.0,22.63,0.756,17.11,1460,10,-0.735,-0.518
2026-09-10 16:30:23,2745534,-0.924518,-0.381138,263.657,26.353,263.657,26.353,3616,3741,4079,3863,-216,-125,-0.027197,-0.016991,17465.0,HIGH,LEFT,CENTER,34.7,55.9,18.64,0.137,2.55,1460,10,-0.816,-0.51
2026-09-10 16:30:24,2746218,-0.924546,-0.38107,263.659,26.351,263.659,26.351,3620,3747,4081,3856,-225,-127,-0.028348,-0.017239,17460.83,HIGH,LEFT,CENTER,34.7,55.9,18.45,0.393,7.25,1460,10,-0.85,-0.517
2026-09-10 16:30:24,2746901,-0.924546,-0.38107,263.66,26.348,263.66,26.348,3609,3741,4080,3883,-197,-132,-0.024739,-0.017959,17465.0,HIGH,LEFT,CENTER,34.7,55.9,22.37,0.282,6.31,1460,10,-0.742,-0.539
2026-09-10 16:30:25,2747589,-0.924574,-0.381003,263.661,26.346,263.661,26.346,3616,3745,4080,3881,-199,-129,-0.024997,-0.017525,17464.17,HIGH,LEFT,CENTER,34.7,55.8,20.97,0.612,12.83,1460,10,-0.75,-0.526
2026-09-10 16:30:26,2748273,-0.924601,-0.380936,263.662,26.343,263.662,26.343,3600,3745,4083,3854,-229,-145,-0.028852,-0.019741,17480.83,HIGH,LEFT,CENTER,34.7,55.8,22.13,0.787,17.42,1460,10,-0.866,-0.592
2026-09-10 16:30:27,2748956,-0.924629,-0.380869,263.664,26.34,263.664,26.34,3613,3742,4095,3856,-239,-129,-0.030059,-0.017539,17472.5,HIGH,LEFT,CENTER,34.7,55.8,20.61,0.28,5.77,1460,10,-0.902,-0.526
2026-09-10 16:30:27,2749644,-0.924629,-0.380869,263.665,26.338,263.665,26.338,3616,3744,4080,3858,-222,-128,-0.027967,-0.017391,17425.83,HIGH,LEFT,CENTER,34.7,55.7,19.48,0.558,10.87,1460,10,-0.839,-0.522
2026-09-10 16:30:28,2750328,-0.924657,-0.380801,263.666,26.335,263.666,26.335,3610,3734,4095,3857,-238,-124,-0.02993,-0.016885,17300.0,HIGH,LEFT,CENTER,34.7,55.7,22.91,0.239,5.48,1460,10,-0.898,-0.507
2026-09-10 16:30:29,2751011,-0.924685,-0.380734,263.667,26.333,263.667,26.333,3609,3744,4090,3852,-238,-135,-0.029967,-0.01836,17206.67,HIGH,LEFT,CENTER,34.7,55.7,22.8,0.496,11.31,1460,10,-0.899,-0.551
2026-09-10 16:30:29,2751699,-0.924685,-0.380734,263.669,26.33,263.669,26.33,3615,3735,4080,3856,-224,-120,-0.028226,-0.016327,17293.33,HIGH,LEFT,CENTER,34.7,55.7,22.17,0.425,9.42,1460,10,-0.847,-0.49
2026-09-10 16:30:30,2752383,-0.924712,-0.380667,263.67,26.327,263.67,26.327,3602,3741,4080,3852,-228,-139,-0.028744,-0.01893,17325.0,HIGH,LEFT,CENTER,34.7,55.7,19.63,0.78,15.31,1460,10,-0.862,-0.568
2026-09-10 16:30:31,2753066,-0.92474,-0.3806,263.671,26.325,263.671,26.325,3613,3748,4080,3882,-198,-135,-0.024868,-0.01834,17305.83,HIGH,LEFT,CENTER,34.7,55.7,21.54,0.526,11.33,1460,10,-0.746,-0.55
2026-09-10 16:30:31,2753754,-0.92474,-0.3806,263.673,26.322,263.673,26.322,3613,3742,4078,3839,-239,-129,-0.030188,-0.017539,17221.67,HIGH,LEFT,CENTER,34.7,55.6,20.17,0.345,6.96,1460,10,-0.906,-0.526
2026-09-10 16:30:32,2754438,-0.924768,-0.380532,263.674,26.319,263.674,26.319,3617,3733,4077,3861,-216,-116,-0.027211,-0.015782,17260.83,HIGH,LEFT,CENTER,34.7,55.6,18.55,0.18,3.34,1460,10,-0.816,-0.473
2026-09-10 16:30:33,2755121,-0.924795,-0.380465,263.675,26.317,263.675,26.317,3617,3743,4095,3856,-239,-126,-0.030059,-0.01712,17311.67,HIGH,LEFT,CENTER,34.7,55.6,23.5,0.206,4.84,1460,10,-0.902,-0.514
2026-09-10 16:30:33,2755809,-0.924795,-0.380465,263.676,26.314,263.676,26.314,3613,3739,4078,3887,-191,-126,-0.02398,-0.017138,17343.33,HIGH,LEFT,CENTER,34.7,55.6,18.82,0.258,4.86,1460,10,-0.719,-0.514
2026-09-10 16:30:34,2756493,-0.924823,-0.380398,263.678,26.312,263.678,26.312,3617,3792,4080,3855,-225,-175,-0.028355,-0.02362,17355.0,HIGH,LEFT,BOTTOM,34.7,55.6,23.7,0.276,6.54,1460,10,-0.851,-0.709
2026-09-10 16:30:35,2757176,-0.924851,-0.380331,263.679,26.309,263.679,26.309,3613,3750,4086,3856,-230,-137,-0.02896,-0.018607,17358.33,HIGH,LEFT,CENTER,34.7,55.6,20.68,0.695,14.37,1460,10,-0.869,-0.558
2026-09-10 16:30:35,2757864,-0.924851,-0.380331,263.68,26.306,263.68,26.306,3613,3743,4095,3856,-239,-130,-0.030059,-0.017673,17355.83,HIGH,LEFT,CENTER,34.7,55.8,19.11,0.493,9.42,1460,10,-0.902,-0.53
2026-09-10 16:30:36,2758548,-0.924878,-0.380263,263.681,26.304,263.681,26.304,3618,3743,4071,3857,-214,-125,-0.026993,-0.016981,17355.0,HIGH,LEFT,CENTER,34.7,55.8,21.25,0.466,9.9,1460,10,-0.81,-0.509
2026-09-10 16:30:37,2759231,-0.924906,-0.380196,263.683,26.301,263.683,26.301,3607,3747,4081,3851,-230,-140,-0.028996,-0.019037,17360.0,HIGH,LEFT,CENTER,34.7,55.8,23.24,0.18,4.18,1460,10,-0.87,-0.571
2026-09-10 16:30:37,2759919,-0.924906,-0.380196,263.684,26.299,263.684,26.299,3611,3742,4080,3872,-208,-131,-0.026157,-0.017816,17356.67,HIGH,LEFT,CENTER,34.7,56.1,22.39,0.702,15.72,1460,10,-0.785,-0.534
2026-09-10 16:30:38,2760603,-0.924934,-0.380129,263.685,26.296,263.685,26.296,3626,3744,4080,3856,-224,-118,-0.028226,-0.016011,17357.5,HIGH,LEFT,CENTER,34.7,56.1,22.84,0.606,13.84,1460,10,-0.847,-0.48
2026-09-10 16:30:39,2761286,-0.924961,-0.380062,263.686,26.293,263.686,26.293,3617,3753,4088,3857,-231,-136,-0.029075,-0.018453,17350.83,HIGH,LEFT,CENTER,34.7,56.1,21.95,0.147,3.23,1460,10,-0.872,-0.554
2026-09-10 16:30:40,2761974,-0.924989,-0.379994,263.688,26.291,263.688,26.291,3614,3739,4080,3845,-235,-125,-0.029653,-0.017,17348.33,HIGH,LEFT,CENTER,34.7,56.2,22.15,0.595,13.18,1460,10,-0.89,-0.51
2026-09-10 16:30:40,2762658,-0.924989,-0.379994,263.689,26.288,263.689,26.288,3620,3753,4095,3855,-240,-133,-0.030189,-0.018039,17342.5,HIGH,LEFT,CENTER,34.7,56.2,23.1,0.48,11.09,1460,10,-0.906,-0.541
2026-09-10 16:30:41,2763341,-0.925016,-0.379927,263.69,26.286,263.69,26.286,3614,3743,4095,3856,-239,-129,-0.030059,-0.017534,17315.0,HIGH,LEFT,CENTER,34.7,56.2,19.5,0.157,3.06,1460,10,-0.902,-0.526
2026-09-10 16:30:42,2764029,-0.925044,-0.37986,263.692,26.283,263.692,26.283,3609,3746,4094,3851,-243,-137,-0.030585,-0.018627,17264.17,HIGH,LEFT,CENTER,34.7,56.4,20.94,0.421,8.82,1460,10,-0.918,-0.559
2026-09-10 16:30:42,2764713,-0.925044,-0.37986,263.693,26.28,263.693,26.28,3617,3757,4080,3856,-224,-140,-0.028226,-0.018986,17273.33,HIGH,LEFT,CENTER,34.7,56.4,19.33,0.439,8.49,1460,10,-0.847,-0.57
2026-09-10 16:30:43,2765396,-0.925072,-0.379793,263.694,26.278,263.694,26.278,3614,3741,4081,3849,-232,-127,-0.029256,-0.017267,17260.0,HIGH,LEFT,CENTER,34.7,56.4,23.93,0.216,5.17,1460,10,-0.878,-0.518
2026-09-10 16:30:44,2766084,-0.925099,-0.379725,263.695,26.275,263.695,26.275,3611,3724,4095,3861,-234,-113,-0.029412,-0.015406,17315.83,HIGH,LEFT,CENTER,34.7,56.5,23.66,0.762,18.03,1460,10,-0.882,-0.462
2026-09-10 16:30:44,2766768,-0.925099,-0.379725,263.697,26.273,263.697,26.273,3620,3738,4080,3842,-238,-118,-0.030043,-0.016037,17291.67,HIGH,LEFT,CENTER,34.7,56.5,18.24,0.695,12.68,1460,10,-0.901,-0.481
2026-09-10 16:30:45,2767451,-0.925127,-0.379658,263.698,26.27,263.698,26.27,3613,3737,4069,3856,-213,-124,-0.026877,-0.016871,17267.5,HIGH,LEFT,CENTER,34.7,56.5,22.23,0.568,12.63,1460,10,-0.806,-0.506
2026-09-10 16:30:46,2768139,-0.925155,-0.379591,263.699,26.267,263.699,26.267,3627,3743,4083,3847,-236,-116,-0.02976,-0.015739,17270.83,HIGH,LEFT,CENTER,34.7,56.4,23.55,0.424,9.99,1460,10,-0.893,-0.472
2026-09-10 16:30:46,2768823,-0.925155,-0.379591,263.7,26.265,263.7,26.265,3611,3758,4081,3855,-226,-147,-0.028478,-0.019948,17250.83,HIGH,LEFT,CENTER,34.7,56.4,19.08,0.388,7.4,1460,10,-0.854,-0.598
2026-09-10 16:30:47,2769506,-0.925182,-0.379523,263.702,26.262,263.702,26.262,3618,3752,4082,3887,-195,-134,-0.02447,-0.018182,17294.17,HIGH,LEFT,CENTER,34.7,56.4,21.41,0.556,11.9,1460,10,-0.734,-0.545
2026-09-10 16:30:48,2770194,-0.92521,-0.379456,263.703,26.259,263.703,26.259,3616,3739,4081,3853,-228,-123,-0.028737,-0.016723,17307.5,HIGH,LEFT,CENTER,34.7,56.5,23.49,0.482,11.32,1460,10,-0.862,-0.502
2026-09-10 16:30:48,2770878,-0.92521,-0.379456,263.704,26.257,263.704,26.257,3619,3741,4074,3857,-217,-122,-0.027361,-0.016576,17271.67,HIGH,LEFT,CENTER,34.7,56.5,18.2,0.144,2.62,1460,10,-0.821,-0.497
2026-09-10 16:30:49,2771561,-0.925237,-0.379389,263.705,26.254,263.705,26.254,3616,3742,4095,3855,-240,-126,-0.030189,-0.017124,17220.83,HIGH,LEFT,CENTER,34.7,56.5,22.18,0.459,10.18,1460,10,-0.906,-0.514
2026-09-10 16:30:50,2772249,-0.925265,-0.379322,263.707,26.252,263.707,26.252,3617,3739,4065,3856,-209,-122,-0.026386,-0.016585,17188.33,HIGH,LEFT,CENTER,34.8,56.5,19.78,0.664,13.13,1460,10,-0.792,-0.498
2026-09-10 16:30:51,2772933,-0.925292,-0.379254,263.708,26.249,263.708,26.249,3616,3740,4082,3856,-226,-124,-0.028471,-0.016857,17198.33,HIGH,LEFT,CENTER,34.8,56.5,23.55,0.421,9.91,1460,10,-0.854,-0.506
2026-09-10 16:30:51,2773616,-0.925292,-0.379254,263.709,26.246,263.709,26.246,3613,3747,4080,3861,-219,-134,-0.027578,-0.018207,17189.17,HIGH,LEFT,CENTER,34.8,56.5,23.83,0.136,3.24,1460,10,-0.827,-0.546
2026-09-10 16:30:52,2774304,-0.92532,-0.379187,263.711,26.244,263.711,26.244,3611,3739,4080,3850,-230,-128,-0.029004,-0.017415,17180.0,HIGH,LEFT,CENTER,34.7,56.6,23.67,0.65,15.39,1460,10,-0.87,-0.522
2026-09-10 16:30:53,2774988,-0.925348,-0.37912,263.712,26.241,263.712,26.241,3622,3740,4079,3856,-223,-118,-0.028103,-0.016028,17168.33,HIGH,LEFT,CENTER,34.7,56.6,20.85,0.241,5.02,1460,10,-0.843,-0.481
2026-09-10 16:30:53,2775671,-0.925348,-0.37912,263.713,26.239,263.713,26.239,3606,3738,4078,3851,-227,-132,-0.028629,-0.017974,17099.17,HIGH,LEFT,CENTER,34.7,56.6,23.17,0.281,6.51,1460,10,-0.859,-0.539
2026-09-10 16:30:54,2776359,-0.925375,-0.379052,263.714,26.236,263.714,26.236,3599,3746,4080,3855,-225,-147,-0.028355,-0.020014,17147.5,HIGH,LEFT,CENTER,34.8,56.4,23.07,0.215,4.96,1460,10,-0.851,-0.6
2026-09-10 16:30:55,2777043,-0.925403,-0.378985,263.716,26.233,263.716,26.233,3618,3741,4080,3857,-223,-123,-0.028096,-0.016714,17149.17,HIGH,LEFT,CENTER,34.8,56.4,19.91,0.331,6.59,1460,10,-0.843,-0.501
2026-09-10 16:30:55,2777726,-0.925403,-0.378985,263.717,26.231,263.717,26.231,3621,3735,4095,3858,-237,-114,-0.0298,-0.015498,17153.33,HIGH,LEFT,CENTER,34.8,56.4,22.97,0.63,14.47,1460,10,-0.894,-0.465
2026-09-10 16:30:56,2778414,-0.92543,-0.378918,263.718,26.228,263.718,26.228,3614,3738,4081,3857,-224,-124,-0.028219,-0.016866,17130.83,HIGH,LEFT,CENTER,34.8,56.4,18.22,0.464,8.45,1460,10,-0.847,-0.506
2026-09-10 16:30:57,2779098,-0.925458,-0.378851,263.719,26.226,263.719,26.226,3616,3739,4080,3856,-224,-123,-0.028226,-0.016723,17144.17,HIGH,LEFT,CENTER,34.8,56.4,21.58,0.243,5.24,1460,10,-0.847,-0.502
2026-09-10 16:30:57,2779781,-0.925458,-0.378851,263.721,26.223,263.721,26.223,3613,3739,4080,3858,-222,-126,-0.027967,-0.017138,17135.0,HIGH,LEFT,CENTER,34.8,56.4,19.38,0.714,13.84,1460,10,-0.839,-0.514
2026-09-10 16:30:58,2780469,-0.925485,-0.378783,263.722,26.22,263.722,26.22,3571,3738,4094,3863,-231,-167,-0.029031,-0.022849,17137.5,HIGH,LEFT,BOTTOM,34.8,56.4,18.72,0.716,13.4,1460,10,-0.871,-0.685
2026-09-10 16:30:59,2781153,-0.925513,-0.378716,263.723,26.218,263.723,26.218,3614,3738,4080,3845,-235,-124,-0.029653,-0.016866,17139.17,HIGH,LEFT,CENTER,34.8,56.4,18.46,0.709,13.09,1460,10,-0.89,-0.506
2026-09-10 16:30:59,2781836,-0.925513,-0.378716,263.724,26.215,263.724,26.215,3614,3741,4081,3856,-225,-127,-0.028348,-0.017267,17145.0,HIGH,LEFT,CENTER,34.8,56.4,22.18,0.267,5.92,1460,10,-0.85,-0.518
2026-09-10 16:31:00,2782524,-0.925541,-0.378649,263.726,26.213,263.726,26.213,3616,3743,4095,3856,-239,-127,-0.030059,-0.017258,17129.17,HIGH,LEFT,CENTER,34.8,56.3,20.04,0.416,8.34,1460,10,-0.902,-0.518
2026-09-10 16:31:01,2783208,-0.925568,-0.378581,263.727,26.21,263.727,26.21,3623,3744,4080,3854,-226,-121,-0.028485,-0.016425,17106.67,HIGH,LEFT,CENTER,34.8,56.3,22.35,0.789,17.63,1460,10,-0.855,-0.493
2026-09-10 16:31:01,2783891,-0.925568,-0.378581,263.728,26.207,263.728,26.207,3607,3743,4084,3866,-218,-136,-0.027421,-0.018503,17140.0,HIGH,LEFT,CENTER,34.8,56.3,18.39,0.64,11.77,1460,10,-0.823,-0.555
2026-09-10 16:31:02,2784579,-0.925596,-0.378514,263.729,26.205,263.729,26.205,3619,3738,4080,3858,-222,-119,-0.027967,-0.016175,17210.0,HIGH,LEFT,CENTER,34.8,56.2,19.89,0.119,2.37,1460,10,-0.839,-0.485
2026-09-10 16:31:03,2785263,-0.925623,-0.378447,263.731,26.202,263.731,26.202,3619,3735,4083,3851,-232,-116,-0.029241,-0.015774,17251.67,HIGH,LEFT,CENTER,34.8,56.2,21.24,0.146,3.1,1460,10,-0.877,-0.473
